Time,THERMAL ZONE 1:REYKJAVIK ANN HTG 99.6% CONDNS DB:Des Heat Load [W],THERMAL ZONE 1:ATHENS ANN CLG .4% CONDNS DB=>MWB:Des Sens Cool Load [W],THERMAL ZONE 1:REYKJAVIK ANN HTG 99.6% CONDNS DB:Des Heat Mass Flow [kg/s],THERMAL ZONE 1:ATHENS ANN CLG .4% CONDNS DB=>MWB:Des Cool Mass Flow [kg/s],THERMAL ZONE 2:REYKJAVIK ANN HTG 99.6% CONDNS DB:Des Heat Load [W],THERMAL ZONE 2:ATHENS ANN CLG .4% CONDNS DB=>MWB:Des Sens Cool Load [W],THERMAL ZONE 2:REYKJAVIK ANN HTG 99.6% CONDNS DB:Des Heat Mass Flow [kg/s],THERMAL ZONE 2:ATHENS ANN CLG .4% CONDNS DB=>MWB:Des Cool Mass Flow [kg/s],THERMAL ZONE 3:REYKJAVIK ANN HTG 99.6% CONDNS DB:Des Heat Load [W],THERMAL ZONE 3:ATHENS ANN CLG .4% CONDNS DB=>MWB:Des Sens Cool Load [W],THERMAL ZONE 3:REYKJAVIK ANN HTG 99.6% CONDNS DB:Des Heat Mass Flow [kg/s],THERMAL ZONE 3:ATHENS ANN CLG .4% CONDNS DB=>MWB:Des Cool Mass Flow [kg/s],THERMAL ZONE 4:REYKJAVIK ANN HTG 99.6% CONDNS DB:Des Heat Load [W],THERMAL ZONE 4:ATHENS ANN CLG .4% CONDNS DB=>MWB:Des Sens Cool Load [W],THERMAL ZONE 4:REYKJAVIK ANN HTG 99.6% CONDNS DB:Des Heat Mass Flow [kg/s],THERMAL ZONE 4:ATHENS ANN CLG .4% CONDNS DB=>MWB:Des Cool Mass Flow [kg/s],THERMAL ZONE 5:REYKJAVIK ANN HTG 99.6% CONDNS DB:Des Heat Load [W],THERMAL ZONE 5:ATHENS ANN CLG .4% CONDNS DB=>MWB:Des Sens Cool Load [W],THERMAL ZONE 5:REYKJAVIK ANN HTG 99.6% CONDNS DB:Des Heat Mass Flow [kg/s],THERMAL ZONE 5:ATHENS ANN CLG .4% CONDNS DB=>MWB:Des Cool Mass Flow [kg/s],THERMAL ZONE 6:REYKJAVIK ANN HTG 99.6% CONDNS DB:Des Heat Load [W],THERMAL ZONE 6:ATHENS ANN CLG .4% CONDNS DB=>MWB:Des Sens Cool Load [W],THERMAL ZONE 6:REYKJAVIK ANN HTG 99.6% CONDNS DB:Des Heat Mass Flow [kg/s],THERMAL ZONE 6:ATHENS ANN CLG .4% CONDNS DB=>MWB:Des Cool Mass Flow [kg/s]
00:10:00,1.889749E+04,2.105275E+03,9.752372E-01,1.624300E-01,2.690137E+03,0.000000E+00,1.388180E-01,0.000000E+00,2.027810E+04,7.976856E+03,1.046487E+00,6.155085E-01,2.688615E+03,2.836444E+02,1.387394E-01,2.188300E-02,2.845955E+04,9.198229E+03,1.468411E+00,7.097468E-01,4.091377E+03,5.260444E+02,2.110907E-01,4.058533E-02
00:20:00,1.889744E+04,1.959925E+03,9.752346E-01,1.512150E-01,2.690134E+03,0.000000E+00,1.388178E-01,0.000000E+00,2.027806E+04,7.851358E+03,1.046484E+00,6.058197E-01,2.688613E+03,2.895006E+02,1.387393E-01,2.233484E-02,2.845953E+04,9.048444E+03,1.468410E+00,6.981847E-01,4.091381E+03,5.251086E+02,2.110909E-01,4.051321E-02
00:30:00,1.889739E+04,1.814413E+03,9.752319E-01,1.399877E-01,2.690131E+03,0.000000E+00,1.388177E-01,0.000000E+00,2.027801E+04,7.726470E+03,1.046482E+00,5.961782E-01,2.688611E+03,2.941003E+02,1.387393E-01,2.268974E-02,2.845951E+04,8.897635E+03,1.468409E+00,6.865437E-01,4.091385E+03,5.236068E+02,2.110911E-01,4.039740E-02
00:40:00,1.889734E+04,1.669618E+03,9.752293E-01,1.288156E-01,2.690128E+03,0.000000E+00,1.388175E-01,0.000000E+00,2.027797E+04,7.602313E+03,1.046480E+00,5.865923E-01,2.688609E+03,2.976436E+02,1.387392E-01,2.296312E-02,2.845949E+04,8.746476E+03,1.468408E+00,6.748748E-01,4.091388E+03,5.217578E+02,2.110913E-01,4.025477E-02
00:50:00,1.889728E+04,1.525950E+03,9.752267E-01,1.177305E-01,2.690124E+03,0.000000E+00,1.388174E-01,0.000000E+00,2.027792E+04,7.479116E+03,1.046477E+00,5.770793E-01,2.688607E+03,3.003019E+02,1.387391E-01,2.316823E-02,2.845946E+04,8.595355E+03,1.468406E+00,6.632077E-01,4.091391E+03,5.199035E+02,2.110914E-01,4.011173E-02
01:00:00,1.889723E+04,1.383709E+03,9.752240E-01,1.067555E-01,2.690121E+03,0.000000E+00,1.388172E-01,0.000000E+00,2.027788E+04,7.356918E+03,1.046475E+00,5.676424E-01,2.688605E+03,3.022050E+02,1.387389E-01,2.331507E-02,2.845944E+04,8.444534E+03,1.468405E+00,6.515628E-01,4.091394E+03,5.176771E+02,2.110916E-01,3.993994E-02
01:10:00,1.889725E+04,1.343409E+03,9.752248E-01,1.036456E-01,2.690123E+03,0.000000E+00,1.388173E-01,0.000000E+00,2.027791E+04,7.332628E+03,1.046477E+00,5.657594E-01,2.688610E+03,3.038401E+02,1.387392E-01,2.344123E-02,2.845949E+04,8.391186E+03,1.468408E+00,6.474384E-01,4.091403E+03,5.155191E+02,2.110920E-01,3.977344E-02
01:20:00,1.889726E+04,1.306053E+03,9.752255E-01,1.007633E-01,2.690125E+03,0.000000E+00,1.388174E-01,0.000000E+00,2.027795E+04,7.309172E+03,1.046479E+00,5.639410E-01,2.688615E+03,3.050332E+02,1.387395E-01,2.353329E-02,2.845955E+04,8.338883E+03,1.468411E+00,6.433950E-01,4.091412E+03,5.131888E+02,2.110925E-01,3.959365E-02
01:30:00,1.889727E+04,1.270631E+03,9.752261E-01,9.803012E-02,2.690126E+03,0.000000E+00,1.388175E-01,0.000000E+00,2.027799E+04,7.286267E+03,1.046481E+00,5.621660E-01,2.688620E+03,3.058762E+02,1.387397E-01,2.359834E-02,2.845960E+04,8.287498E+03,1.468413E+00,6.394237E-01,4.091421E+03,5.107173E+02,2.110930E-01,3.940296E-02
01:40:00,1.889729E+04,1.236720E+03,9.752268E-01,9.541362E-02,2.690128E+03,0.000000E+00,1.388175E-01,0.000000E+00,2.027803E+04,7.263848E+03,1.046483E+00,5.604301E-01,2.688624E+03,3.064488E+02,1.387399E-01,2.364252E-02,2.845965E+04,8.237131E+03,1.468416E+00,6.355326E-01,4.091429E+03,5.081446E+02,2.110934E-01,3.920446E-02
01:50:00,1.889730E+04,1.204306E+03,9.752274E-01,9.291266E-02,2.690129E+03,0.000000E+00,1.388176E-01,0.000000E+00,2.027806E+04,7.242016E+03,1.046485E+00,5.587409E-01,2.688629E+03,3.068174E+02,1.387402E-01,2.367096E-02,2.845970E+04,8.187987E+03,1.468419E+00,6.317376E-01,4.091437E+03,5.055119E+02,2.110938E-01,3.900134E-02
02:00:00,1.889731E+04,1.173404E+03,9.752281E-01,9.052833E-02,2.690131E+03,0.000000E+00,1.388177E-01,0.000000E+00,2.027810E+04,7.220877E+03,1.046486E+00,5.571064E-01,2.688633E+03,3.070369E+02,1.387404E-01,2.368791E-02,2.845975E+04,8.140248E+03,1.468421E+00,6.280521E-01,4.091445E+03,5.028591E+02,2.110942E-01,3.879667E-02
02:10:00,1.889732E+04,1.143400E+03,9.752287E-01,8.821342E-02,2.690132E+03,0.000000E+00,1.388178E-01,0.000000E+00,2.027813E+04,7.200031E+03,1.046488E+00,5.554955E-01,2.688638E+03,3.070602E+02,1.387406E-01,2.368971E-02,2.845980E+04,8.093192E+03,1.468424E+00,6.244200E-01,4.091453E+03,5.000699E+02,2.110946E-01,3.858147E-02
02:20:00,1.889733E+04,1.114224E+03,9.752293E-01,8.596230E-02,2.690134E+03,0.000000E+00,1.388178E-01,0.000000E+00,2.027817E+04,7.179504E+03,1.046490E+00,5.539097E-01,2.688642E+03,3.069202E+02,1.387409E-01,2.367891E-02,2.845984E+04,8.046874E+03,1.468426E+00,6.208453E-01,4.091460E+03,4.971746E+02,2.110950E-01,3.835809E-02
02:30:00,1.889735E+04,1.085864E+03,9.752298E-01,8.377423E-02,2.690135E+03,0.000000E+00,1.388179E-01,0.000000E+00,2.027820E+04,7.159341E+03,1.046492E+00,5.523526E-01,2.688646E+03,3.066464E+02,1.387411E-01,2.365779E-02,2.845989E+04,8.001360E+03,1.468428E+00,6.173330E-01,4.091467E+03,4.942021E+02,2.110953E-01,3.812874E-02
02:40:00,1.889736E+04,1.058328E+03,9.752304E-01,8.164969E-02,2.690136E+03,0.000000E+00,1.388180E-01,0.000000E+00,2.027823E+04,7.139593E+03,1.046493E+00,5.508279E-01,2.688650E+03,3.062642E+02,1.387413E-01,2.362830E-02,2.845993E+04,7.956718E+03,1.468431E+00,6.138882E-01,4.091474E+03,4.911788E+02,2.110957E-01,3.789548E-02
02:50:00,1.889737E+04,1.031625E+03,9.752310E-01,7.958949E-02,2.690138E+03,0.000000E+00,1.388180E-01,0.000000E+00,2.027826E+04,7.120315E+03,1.046495E+00,5.493396E-01,2.688654E+03,3.057955E+02,1.387415E-01,2.359214E-02,2.845997E+04,7.913008E+03,1.468433E+00,6.105154E-01,4.091481E+03,4.881287E+02,2.110961E-01,3.766016E-02
03:00:00,1.889738E+04,1.005768E+03,9.752315E-01,7.759454E-02,2.690139E+03,0.000000E+00,1.388181E-01,0.000000E+00,2.027829E+04,7.101553E+03,1.046497E+00,5.478914E-01,2.688658E+03,3.052592E+02,1.387417E-01,2.355077E-02,2.846002E+04,7.870286E+03,1.468435E+00,6.072190E-01,4.091487E+03,4.850738E+02,2.110964E-01,3.742446E-02
03:10:00,1.889739E+04,9.801037E+02,9.752320E-01,7.561447E-02,2.690140E+03,0.000000E+00,1.388182E-01,0.000000E+00,2.027832E+04,7.082748E+03,1.046498E+00,5.464400E-01,2.688662E+03,3.045769E+02,1.387419E-01,2.349813E-02,2.846006E+04,7.827676E+03,1.468437E+00,6.039313E-01,4.091494E+03,4.818765E+02,2.110967E-01,3.717777E-02
03:20:00,1.889740E+04,9.545335E+02,9.752326E-01,7.364167E-02,2.690141E+03,0.000000E+00,1.388182E-01,0.000000E+00,2.027835E+04,7.063859E+03,1.046500E+00,5.449823E-01,2.688666E+03,3.037577E+02,1.387421E-01,2.343493E-02,2.846010E+04,7.785157E+03,1.468439E+00,6.006507E-01,4.091500E+03,4.785511E+02,2.110970E-01,3.692121E-02
03:30:00,1.889741E+04,9.290239E+02,9.752331E-01,7.167356E-02,2.690142E+03,0.000000E+00,1.388183E-01,0.000000E+00,2.027838E+04,7.044872E+03,1.046501E+00,5.435171E-01,2.688669E+03,3.028115E+02,1.387423E-01,2.336193E-02,2.846014E+04,7.742733E+03,1.468441E+00,5.973775E-01,4.091506E+03,4.751114E+02,2.110973E-01,3.665582E-02
03:40:00,1.889742E+04,9.035572E+02,9.752336E-01,6.970876E-02,2.690143E+03,0.000000E+00,1.388183E-01,0.000000E+00,2.027841E+04,7.025776E+03,1.046503E+00,5.420436E-01,2.688673E+03,3.017470E+02,1.387425E-01,2.327980E-02,2.846017E+04,7.700414E+03,1.468443E+00,5.941124E-01,4.091512E+03,4.715700E+02,2.110976E-01,3.638259E-02
03:50:00,1.889743E+04,8.781211E+02,9.752341E-01,6.774633E-02,2.690144E+03,0.000000E+00,1.388184E-01,0.000000E+00,2.027844E+04,7.006557E+03,1.046504E+00,5.405606E-01,2.688677E+03,3.005717E+02,1.387426E-01,2.318913E-02,2.846021E+04,7.658211E+03,1.468445E+00,5.908562E-01,4.091517E+03,4.679381E+02,2.110979E-01,3.610237E-02
04:00:00,1.889744E+04,8.527066E+02,9.752345E-01,6.578557E-02,2.690145E+03,0.000000E+00,1.388184E-01,0.000000E+00,2.027847E+04,6.987209E+03,1.046505E+00,5.390677E-01,2.688680E+03,2.992924E+02,1.387428E-01,2.309043E-02,2.846025E+04,7.616136E+03,1.468447E+00,5.876099E-01,4.091523E+03,4.642260E+02,2.110982E-01,3.581597E-02
04:10:00,1.889745E+04,8.282217E+02,9.752350E-01,6.389654E-02,2.690146E+03,0.000000E+00,1.388185E-01,0.000000E+00,2.027849E+04,6.968472E+03,1.046507E+00,5.376220E-01,2.688683E+03,2.980254E+02,1.387430E-01,2.299268E-02,2.846028E+04,7.575152E+03,1.468449E+00,5.844479E-01,4.091528E+03,4.606161E+02,2.110985E-01,3.553745E-02
04:20:00,1.889745E+04,8.043259E+02,9.752355E-01,6.205296E-02,2.690147E+03,0.000000E+00,1.388185E-01,0.000000E+00,2.027852E+04,6.950309E+03,1.046508E+00,5.362206E-01,2.688687E+03,2.967704E+02,1.387432E-01,2.289585E-02,2.846032E+04,7.535336E+03,1.468450E+00,5.813759E-01,4.091534E+03,4.570935E+02,2.110988E-01,3.526567E-02
04:30:00,1.889746E+04,7.814824E+02,9.752359E-01,6.029057E-02,2.690148E+03,0.000000E+00,1.388186E-01,0.000000E+00,2.027855E+04,6.932850E+03,1.046510E+00,5.348736E-01,2.688690E+03,2.955249E+02,1.387433E-01,2.279976E-02,2.846035E+04,7.496731E+03,1.468452E+00,5.783974E-01,4.091539E+03,4.536943E+02,2.110990E-01,3.500341E-02
04:40:00,1.889747E+04,7.592890E+02,9.752364E-01,5.857833E-02,2.690149E+03,0.000000E+00,1.388186E-01,0.000000E+00,2.027857E+04,6.915734E+03,1.046511E+00,5.335530E-01,2.688693E+03,2.943102E+02,1.387435E-01,2.270605E-02,2.846038E+04,7.459374E+03,1.468454E+00,5.755152E-01,4.091544E+03,4.504011E+02,2.110993E-01,3.474933E-02
04:50:00,1.889748E+04,7.381892E+02,9.752368E-01,5.695048E-02,2.690150E+03,0.000000E+00,1.388187E-01,0.000000E+00,2.027860E+04,6.898994E+03,1.046512E+00,5.322615E-01,2.688696E+03,2.931279E+02,1.387437E-01,2.261483E-02,2.846041E+04,7.423296E+03,1.468455E+00,5.727317E-01,4.091549E+03,4.472485E+02,2.110996E-01,3.450609E-02
05:00:00,1.889749E+04,7.177726E+02,9.752372E-01,5.537533E-02,2.690151E+03,0.000000E+00,1.388187E-01,0.000000E+00,2.027862E+04,6.882550E+03,1.046513E+00,5.309927E-01,2.688699E+03,2.919741E+02,1.387438E-01,2.252581E-02,2.846045E+04,7.388526E+03,1.468457E+00,5.700491E-01,4.091553E+03,4.442176E+02,2.110998E-01,3.427225E-02
05:10:00,1.889750E+04,6.998655E+02,9.752377E-01,5.399379E-02,2.690152E+03,0.000000E+00,1.388188E-01,0.000000E+00,2.027864E+04,6.867741E+03,1.046515E+00,5.298501E-01,2.688702E+03,2.911212E+02,1.387440E-01,2.246001E-02,2.846048E+04,7.357823E+03,1.468459E+00,5.676802E-01,4.091558E+03,4.417822E+02,2.111000E-01,3.408435E-02
05:20:00,1.889751E+04,6.853929E+02,9.752381E-01,5.287723E-02,2.690153E+03,0.000000E+00,1.388188E-01,0.000000E+00,2.027867E+04,6.855013E+03,1.046516E+00,5.288681E-01,2.688705E+03,2.906149E+02,1.387441E-01,2.242095E-02,2.846051E+04,7.331469E+03,1.468460E+00,5.656470E-01,4.091563E+03,4.399921E+02,2.111003E-01,3.394624E-02
05:30:00,1.889751E+04,6.741165E+02,9.752385E-01,5.200725E-02,2.690153E+03,0.000000E+00,1.388189E-01,0.000000E+00,2.027869E+04,6.844386E+03,1.046517E+00,5.280481E-01,2.688708E+03,2.904914E+02,1.387443E-01,2.241142E-02,2.846054E+04,7.309596E+03,1.468462E+00,5.639596E-01,4.091567E+03,4.388344E+02,2.111005E-01,3.385693E-02
05:40:00,1.889752E+04,6.665635E+02,9.752389E-01,5.142453E-02,2.690154E+03,0.000000E+00,1.388189E-01,0.000000E+00,2.027871E+04,6.836301E+03,1.046518E+00,5.274242E-01,2.688711E+03,2.907342E+02,1.387444E-01,2.243016E-02,2.846056E+04,7.292288E+03,1.468463E+00,5.626242E-01,4.091571E+03,4.383452E+02,2.111007E-01,3.381918E-02
05:50:00,1.889753E+04,6.652950E+02,9.752393E-01,5.132666E-02,2.690155E+03,0.000000E+00,1.388189E-01,0.000000E+00,2.027873E+04,6.832143E+03,1.046519E+00,5.271033E-01,2.688714E+03,2.914914E+02,1.387446E-01,2.248858E-02,2.846059E+04,7.280883E+03,1.468465E+00,5.617444E-01,4.091576E+03,4.385818E+02,2.111009E-01,3.383745E-02
06:00:00,1.889754E+04,6.792297E+02,9.752397E-01,5.240171E-02,2.690156E+03,0.000000E+00,1.388190E-01,0.000000E+00,2.027876E+04,6.835483E+03,1.046520E+00,5.273610E-01,2.688717E+03,2.932883E+02,1.387447E-01,2.262720E-02,2.846062E+04,7.278776E+03,1.468466E+00,5.615820E-01,4.091580E+03,4.398421E+02,2.111012E-01,3.393470E-02
06:10:00,1.849719E+04,5.939125E+03,9.545790E-01,5.161203E-01,2.661564E+03,5.158722E+01,1.373436E-01,4.944476E-03,1.987813E+04,1.143248E+04,1.025846E+00,9.467487E-01,2.660106E+03,7.172340E+02,1.372683E-01,5.722976E-02,2.738333E+04,1.200601E+04,1.412882E+00,9.947977E-01,3.950219E+03,8.007047E+02,2.038078E-01,6.295581E-02
06:20:00,1.809646E+04,8.618087E+03,9.339008E-01,7.809412E-01,2.632924E+03,5.158722E+01,1.358659E-01,4.944476E-03,1.947716E+04,1.412121E+04,1.005155E+00,1.233966E+00,2.631448E+03,6.687739E+02,1.357897E-01,5.349106E-02,2.630456E+04,1.485714E+04,1.357233E+00,1.299495E+00,3.808604E+03,7.573023E+02,1.965032E-01,6.022369E-02
06:30:00,1.769554E+04,1.304359E+04,9.132150E-01,1.217101E+00,2.604291E+03,9.636786E+01,1.343888E-01,9.336164E-03,1.907597E+04,1.852793E+04,9.844550E-01,1.689790E+00,2.602796E+03,9.335151E+02,1.343116E-01,8.071060E-02,2.522554E+04,1.941414E+04,1.301578E+00,1.771616E+00,3.667031E+03,1.085646E+03,1.892013E-01,9.391792E-02
06:40:00,1.729427E+04,1.715343E+04,8.925135E-01,1.622499E+00,2.575640E+03,1.333528E+02,1.329108E-01,1.296014E-02,1.867441E+04,2.262874E+04,9.637394E-01,2.115821E+00,2.574127E+03,1.125338E+03,1.328327E-01,1.005503E-01,2.414566E+04,2.366369E+04,1.245888E+00,2.213772E+00,3.525377E+03,1.304011E+03,1.818959E-01,1.168435E-01
06:50:00,1.689274E+04,2.131609E+04,8.718010E-01,2.033152E+00,2.546979E+03,1.729608E+02,1.314323E-01,1.684103E-02,1.827258E+04,2.678189E+04,9.430127E-01,2.547020E+00,2.545448E+03,1.311052E+03,1.313533E-01,1.197740E-01,2.306522E+04,2.796057E+04,1.190176E+00,2.660580E+00,3.383675E+03,1.523957E+03,1.745884E-01,1.399276E-01
07:00:00,1.649102E+04,2.552530E+04,8.510804E-01,2.448595E+00,2.518309E+03,2.151583E+02,1.299535E-01,2.097564E-02,1.787057E+04,3.098914E+04,9.222782E-01,2.983582E+00,2.516760E+03,1.495373E+03,1.298735E-01,1.388756E-01,2.198439E+04,3.230808E+04,1.134449E+00,3.112393E+00,3.241939E+03,1.739578E+03,1.672796E-01,1.625978E-01
07:10:00,1.648951E+04,2.461668E+04,8.510149E-01,2.413934E+00,2.518225E+03,2.089341E+02,1.299498E-01,2.047597E-02,1.786906E+04,3.073231E+04,9.222139E-01,3.013683E+00,2.516678E+03,1.257619E+03,1.298700E-01,1.235232E-01,2.198063E+04,3.205405E+04,1.134297E+00,3.143304E+00,3.241544E+03,1.593752E+03,1.672632E-01,1.561654E-01
07:20:00,1.648828E+04,2.641672E+04,8.509624E-01,2.590699E+00,2.518183E+03,2.574160E+02,1.299481E-01,2.522637E-02,1.786780E+04,3.251361E+04,9.221612E-01,3.188687E+00,2.516639E+03,1.492751E+03,1.298684E-01,1.465625E-01,2.197816E+04,3.380481E+04,1.134201E+00,3.315330E+00,3.241382E+03,1.851116E+03,1.672572E-01,1.813836E-01
07:30:00,1.648716E+04,2.659786E+04,8.509138E-01,2.608653E+00,2.518131E+03,2.641702E+02,1.299457E-01,2.588424E-02,1.786669E+04,3.270726E+04,9.221141E-01,3.207871E+00,2.516589E+03,1.415519E+03,1.298661E-01,1.387294E-01,2.197578E+04,3.397929E+04,1.134104E+00,3.332627E+00,3.241160E+03,1.736246E+03,1.672475E-01,1.701305E-01
07:40:00,1.648633E+04,2.722234E+04,8.508780E-01,2.669906E+00,2.518091E+03,2.817006E+02,1.299439E-01,2.760187E-02,1.786588E+04,3.333766E+04,9.220800E-01,3.269679E+00,2.516551E+03,1.412340E+03,1.298644E-01,1.383909E-01,2.197416E+04,3.459162E+04,1.134038E+00,3.392661E+00,3.241005E+03,1.731317E+03,1.672406E-01,1.696452E-01
07:50:00,1.648570E+04,2.791855E+04,8.508509E-01,2.738190E+00,2.518059E+03,2.995096E+02,1.299424E-01,2.934693E-02,1.786528E+04,3.404529E+04,9.220548E-01,3.339057E+00,2.516520E+03,1.416477E+03,1.298630E-01,1.387932E-01,2.197300E+04,3.528614E+04,1.133989E+00,3.460755E+00,3.240883E+03,1.725039E+03,1.672351E-01,1.690290E-01
08:00:00,1.648523E+04,2.868382E+04,8.508301E-01,2.813271E+00,2.518031E+03,3.175407E+02,1.299411E-01,3.111375E-02,1.786484E+04,3.482470E+04,9.220354E-01,3.415517E+00,2.516494E+03,1.422840E+03,1.298617E-01,1.394161E-01,2.197214E+04,3.605623E+04,1.133951E+00,3.536303E+00,3.240783E+03,1.723313E+03,1.672304E-01,1.688593E-01
08:10:00,1.648487E+04,2.946482E+04,8.508138E-01,2.889913E+00,2.518007E+03,3.355232E+02,1.299399E-01,3.287581E-02,1.786450E+04,3.562213E+04,9.220202E-01,3.493769E+00,2.516471E+03,1.431148E+03,1.298606E-01,1.402301E-01,2.197147E+04,3.684659E+04,1.133920E+00,3.613862E+00,3.240697E+03,1.724663E+03,1.672262E-01,1.689913E-01
08:20:00,1.648459E+04,3.025947E+04,8.508009E-01,2.967894E+00,2.517985E+03,3.532860E+02,1.299388E-01,3.461634E-02,1.786423E+04,3.643522E+04,9.220080E-01,3.573558E+00,2.516450E+03,1.440934E+03,1.298596E-01,1.411888E-01,2.197093E+04,3.765490E+04,1.133895E+00,3.693182E+00,3.240622E+03,1.728387E+03,1.672225E-01,1.693559E-01
08:30:00,1.648437E+04,3.106629E+04,8.507905E-01,3.047066E+00,2.517965E+03,3.707449E+02,1.299379E-01,3.632710E-02,1.786402E+04,3.726207E+04,9.219980E-01,3.654691E+00,2.516431E+03,1.451794E+03,1.298587E-01,1.422529E-01,2.197049E+04,3.847919E+04,1.133874E+00,3.774064E+00,3.240556E+03,1.733954E+03,1.672191E-01,1.699014E-01
08:40:00,1.648419E+04,3.188421E+04,8.507822E-01,3.127326E+00,2.517948E+03,3.878465E+02,1.299370E-01,3.800285E-02,1.786384E+04,3.810119E+04,9.219898E-01,3.737025E+00,2.516413E+03,1.463415E+03,1.298578E-01,1.433915E-01,2.197013E+04,3.931782E+04,1.133856E+00,3.856350E+00,3.240496E+03,1.740963E+03,1.672161E-01,1.705881E-01
08:50:00,1.648404E+04,3.271249E+04,8.507754E-01,3.208603E+00,2.517932E+03,4.045442E+02,1.299362E-01,3.963901E-02,1.786370E+04,3.895149E+04,9.219828E-01,3.820456E+00,2.516397E+03,1.475541E+03,1.298570E-01,1.445796E-01,2.196983E+04,4.016952E+04,1.133841E+00,3.939920E+00,3.240443E+03,1.749088E+03,1.672134E-01,1.713842E-01
09:00:00,1.648393E+04,3.355064E+04,8.507699E-01,3.290849E+00,2.517918E+03,4.208010E+02,1.299355E-01,4.123197E-02,1.786357E+04,3.981224E+04,9.219769E-01,3.904916E+00,2.516383E+03,1.487973E+03,1.298562E-01,1.457978E-01,2.196956E+04,4.103343E+04,1.133828E+00,4.024688E+00,3.240395E+03,1.758068E+03,1.672110E-01,1.722642E-01
09:10:00,1.648383E+04,3.436819E+04,8.507653E-01,3.371078E+00,2.517905E+03,4.359971E+02,1.299348E-01,4.272100E-02,1.786347E+04,4.065237E+04,9.219717E-01,3.987352E+00,2.516369E+03,1.499909E+03,1.298556E-01,1.469674E-01,2.196934E+04,4.187845E+04,1.133817E+00,4.107606E+00,3.240352E+03,1.767055E+03,1.672088E-01,1.731447E-01
09:20:00,1.648375E+04,3.516622E+04,8.507614E-01,3.449388E+00,2.517893E+03,4.502243E+02,1.299342E-01,4.411507E-02,1.786337E+04,4.147236E+04,9.219671E-01,4.067813E+00,2.516357E+03,1.511297E+03,1.298549E-01,1.480832E-01,2.196914E+04,4.270476E+04,1.133807E+00,4.188686E+00,3.240313E+03,1.775910E+03,1.672068E-01,1.740124E-01
09:30:00,1.648369E+04,3.594513E+04,8.507581E-01,3.525823E+00,2.517883E+03,4.635038E+02,1.299337E-01,4.541627E-02,1.786329E+04,4.227262E+04,9.219630E-01,4.146336E+00,2.516345E+03,1.522056E+03,1.298543E-01,1.491374E-01,2.196896E+04,4.351229E+04,1.133798E+00,4.267923E+00,3.240277E+03,1.784529E+03,1.672049E-01,1.748569E-01
09:40:00,1.648363E+04,3.670497E+04,8.507554E-01,3.600386E+00,2.517873E+03,4.758361E+02,1.299332E-01,4.662466E-02,1.786322E+04,4.305309E+04,9.219592E-01,4.222917E+00,2.516335E+03,1.532097E+03,1.298538E-01,1.501212E-01,2.196881E+04,4.430097E+04,1.133790E+00,4.345311E+00,3.240245E+03,1.792806E+03,1.672033E-01,1.756679E-01
09:50:00,1.648358E+04,3.744576E+04,8.507530E-01,3.673081E+00,2.517865E+03,4.872256E+02,1.299328E-01,4.774066E-02,1.786315E+04,4.381369E+04,9.219557E-01,4.297550E+00,2.516324E+03,1.541344E+03,1.298533E-01,1.510273E-01,2.196866E+04,4.507076E+04,1.133782E+00,4.420844E+00,3.240215E+03,1.800652E+03,1.672017E-01,1.764367E-01
10:00:00,1.648354E+04,3.816763E+04,8.507509E-01,3.743919E+00,2.517857E+03,4.976822E+02,1.299324E-01,4.876524E-02,1.786309E+04,4.455438E+04,9.219525E-01,4.370229E+00,2.516315E+03,1.549741E+03,1.298528E-01,1.518500E-01,2.196853E+04,4.582161E+04,1.133776E+00,4.494521E+00,3.240187E+03,1.808000E+03,1.672003E-01,1.771567E-01
10:10:00,1.648350E+04,3.887066E+04,8.507491E-01,3.812909E+00,2.517850E+03,5.072270E+02,1.299320E-01,4.970047E-02,1.786303E+04,4.527525E+04,9.219495E-01,4.440964E+00,2.516306E+03,1.557268E+03,1.298523E-01,1.525875E-01,2.196841E+04,4.655349E+04,1.133769E+00,4.566335E+00,3.240162E+03,1.814793E+03,1.671990E-01,1.778224E-01
10:20:00,1.648347E+04,3.955488E+04,8.507475E-01,3.880054E+00,2.517844E+03,5.158741E+02,1.299317E-01,5.054774E-02,1.786297E+04,4.597643E+04,9.219467E-01,4.509767E+00,2.516298E+03,1.563876E+03,1.298519E-01,1.532350E-01,2.196830E+04,4.726658E+04,1.133764E+00,4.636307E+00,3.240139E+03,1.821016E+03,1.671978E-01,1.784321E-01
10:30:00,1.648344E+04,4.022048E+04,8.507460E-01,3.945371E+00,2.517838E+03,5.236537E+02,1.299314E-01,5.131000E-02,1.786292E+04,4.665792E+04,9.219440E-01,4.576638E+00,2.516290E+03,1.569552E+03,1.298515E-01,1.537912E-01,2.196820E+04,4.796114E+04,1.133758E+00,4.704460E+00,3.240117E+03,1.826642E+03,1.671967E-01,1.789833E-01
10:40:00,1.648342E+04,4.086768E+04,8.507448E-01,4.008884E+00,2.517833E+03,5.306039E+02,1.299311E-01,5.199099E-02,1.786287E+04,4.731993E+04,9.219414E-01,4.641598E+00,2.516283E+03,1.574305E+03,1.298511E-01,1.542569E-01,2.196810E+04,4.863734E+04,1.133753E+00,4.770813E+00,3.240097E+03,1.831672E+03,1.671957E-01,1.794762E-01
10:50:00,1.648340E+04,4.149759E+04,8.507436E-01,4.070699E+00,2.517829E+03,5.369020E+02,1.299309E-01,5.260807E-02,1.786282E+04,4.796361E+04,9.219390E-01,4.704760E+00,2.516276E+03,1.578286E+03,1.298507E-01,1.546469E-01,2.196801E+04,4.929629E+04,1.133749E+00,4.835473E+00,3.240079E+03,1.836248E+03,1.671947E-01,1.799246E-01
11:00:00,1.648338E+04,4.211493E+04,8.507426E-01,4.131281E+00,2.517824E+03,5.431789E+02,1.299307E-01,5.322309E-02,1.786278E+04,4.859398E+04,9.219366E-01,4.766615E+00,2.516269E+03,1.582118E+03,1.298504E-01,1.550223E-01,2.196793E+04,4.994258E+04,1.133744E+00,4.898890E+00,3.240061E+03,1.840969E+03,1.671938E-01,1.803872E-01
11:10:00,1.648336E+04,4.270061E+04,8.507417E-01,4.188758E+00,2.517821E+03,5.494049E+02,1.299305E-01,5.383312E-02,1.786273E+04,4.919226E+04,9.219344E-01,4.825323E+00,2.516262E+03,1.585835E+03,1.298501E-01,1.553865E-01,2.196785E+04,5.055747E+04,1.133740E+00,4.959227E+00,3.240045E+03,1.845834E+03,1.671930E-01,1.808638E-01
11:20:00,1.648334E+04,4.325507E+04,8.507408E-01,4.243171E+00,2.517817E+03,5.557086E+02,1.299303E-01,5.445076E-02,1.786269E+04,4.975933E+04,9.219322E-01,4.880968E+00,2.516256E+03,1.589662E+03,1.298497E-01,1.557616E-01,2.196777E+04,5.114202E+04,1.133736E+00,5.016587E+00,3.240030E+03,1.851070E+03,1.671922E-01,1.813769E-01
11:30:00,1.648333E+04,4.377890E+04,8.507401E-01,4.294577E+00,2.517814E+03,5.622074E+02,1.299301E-01,5.508752E-02,1.786265E+04,5.029612E+04,9.219301E-01,4.933641E+00,2.516250E+03,1.593796E+03,1.298494E-01,1.561666E-01,2.196770E+04,5.169731E+04,1.133733E+00,5.071075E+00,3.240016E+03,1.856886E+03,1.671915E-01,1.819468E-01
11:40:00,1.648331E+04,4.427266E+04,8.507393E-01,4.343032E+00,2.517811E+03,5.690026E+02,1.299300E-01,5.575333E-02,1.786261E+04,5.080346E+04,9.219281E-01,4.983424E+00,2.516245E+03,1.598407E+03,1.298491E-01,1.566184E-01,2.196763E+04,5.222427E+04,1.133729E+00,5.122782E+00,3.240002E+03,1.863460E+03,1.671908E-01,1.825909E-01
11:50:00,1.648330E+04,4.473600E+04,8.507387E-01,4.388501E+00,2.517809E+03,5.760424E+02,1.299299E-01,5.644312E-02,1.786257E+04,5.128119E+04,9.219261E-01,5.030301E+00,2.516239E+03,1.603509E+03,1.298489E-01,1.571184E-01,2.196756E+04,5.272291E+04,1.133726E+00,5.171711E+00,3.239990E+03,1.870824E+03,1.671901E-01,1.833125E-01
12:00:00,1.648329E+04,4.516494E+04,8.507381E-01,4.430595E+00,2.517806E+03,5.828129E+02,1.299297E-01,5.710653E-02,1.786253E+04,5.172529E+04,9.219242E-01,5.073878E+00,2.516234E+03,1.608639E+03,1.298486E-01,1.576209E-01,2.196750E+04,5.318970E+04,1.133722E+00,5.217514E+00,3.239978E+03,1.878551E+03,1.671895E-01,1.840696E-01
12:10:00,1.648328E+04,4.557954E+04,8.507375E-01,4.471280E+00,2.517804E+03,5.894831E+02,1.299296E-01,5.776010E-02,1.786250E+04,5.215571E+04,9.219224E-01,5.116112E+00,2.516229E+03,1.613939E+03,1.298483E-01,1.581403E-01,2.196744E+04,5.364475E+04,1.133719E+00,5.262164E+00,3.239966E+03,1.886810E+03,1.671889E-01,1.848789E-01
12:20:00,1.648327E+04,4.597996E+04,8.507370E-01,4.510576E+00,2.517802E+03,5.960367E+02,1.299295E-01,5.840225E-02,1.786246E+04,5.257241E+04,9.219206E-01,5.157000E+00,2.516224E+03,1.619347E+03,1.298481E-01,1.586702E-01,2.196739E+04,5.408774E+04,1.133716E+00,5.305630E+00,3.239956E+03,1.895518E+03,1.671884E-01,1.857321E-01
12:30:00,1.648326E+04,4.636624E+04,8.507365E-01,4.548483E+00,2.517800E+03,6.024533E+02,1.299294E-01,5.903098E-02,1.786243E+04,5.297528E+04,9.219188E-01,5.196531E+00,2.516219E+03,1.624812E+03,1.298478E-01,1.592057E-01,2.196733E+04,5.451842E+04,1.133714E+00,5.347890E+00,3.239945E+03,1.904608E+03,1.671878E-01,1.866229E-01
12:40:00,1.648325E+04,4.673860E+04,8.507360E-01,4.585025E+00,2.517799E+03,6.087157E+02,1.299293E-01,5.964461E-02,1.786240E+04,5.336446E+04,9.219171E-01,5.234719E+00,2.516214E+03,1.630294E+03,1.298476E-01,1.597428E-01,2.196728E+04,5.493683E+04,1.133711E+00,5.388946E+00,3.239936E+03,1.914033E+03,1.671873E-01,1.875464E-01
12:50:00,1.648324E+04,4.709712E+04,8.507356E-01,4.620209E+00,2.517797E+03,6.148161E+02,1.299293E-01,6.024236E-02,1.786237E+04,5.373999E+04,9.219155E-01,5.271567E+00,2.516210E+03,1.635765E+03,1.298474E-01,1.602789E-01,2.196723E+04,5.534290E+04,1.133708E+00,5.428790E+00,3.239926E+03,1.923747E+03,1.671868E-01,1.884982E-01
13:00:00,1.648323E+04,4.744181E+04,8.507352E-01,4.654035E+00,2.517795E+03,6.207511E+02,1.299292E-01,6.082391E-02,1.786233E+04,5.410183E+04,9.219139E-01,5.307073E+00,2.516205E+03,1.641208E+03,1.298471E-01,1.608122E-01,2.196718E+04,5.573650E+04,1.133706E+00,5.467412E+00,3.239917E+03,1.933710E+03,1.671864E-01,1.894745E-01
13:10:00,1.648323E+04,4.776599E+04,8.507348E-01,4.685848E+00,2.517794E+03,6.264282E+02,1.299291E-01,6.138018E-02,1.786230E+04,5.444324E+04,9.219123E-01,5.340573E+00,2.516201E+03,1.646515E+03,1.298469E-01,1.613322E-01,2.196713E+04,5.611072E+04,1.133703E+00,5.504131E+00,3.239909E+03,1.943778E+03,1.671859E-01,1.904610E-01
13:20:00,1.648322E+04,4.806953E+04,8.507345E-01,4.715637E+00,2.517793E+03,6.318193E+02,1.299291E-01,6.190843E-02,1.786227E+04,5.476406E+04,9.219108E-01,5.372053E+00,2.516197E+03,1.651646E+03,1.298467E-01,1.618350E-01,2.196708E+04,5.646532E+04,1.133701E+00,5.538925E+00,3.239900E+03,1.953903E+03,1.671855E-01,1.914531E-01
13:30:00,1.648321E+04,4.835234E+04,8.507341E-01,4.743391E+00,2.517792E+03,6.369078E+02,1.299290E-01,6.240704E-02,1.786225E+04,5.506414E+04,9.219093E-01,5.401498E+00,2.516193E+03,1.656573E+03,1.298465E-01,1.623178E-01,2.196704E+04,5.680007E+04,1.133699E+00,5.571770E+00,3.239892E+03,1.964042E+03,1.671851E-01,1.924465E-01
13:40:00,1.648321E+04,4.861407E+04,8.507338E-01,4.769075E+00,2.517791E+03,6.416813E+02,1.299289E-01,6.287477E-02,1.786222E+04,5.534310E+04,9.219078E-01,5.428870E+00,2.516189E+03,1.661272E+03,1.298463E-01,1.627782E-01,2.196700E+04,5.711449E+04,1.133696E+00,5.602620E+00,3.239885E+03,1.974145E+03,1.671847E-01,1.934365E-01
13:50:00,1.648320E+04,4.885454E+04,8.507335E-01,4.792673E+00,2.517790E+03,6.461277E+02,1.299289E-01,6.331046E-02,1.786219E+04,5.560068E+04,9.219064E-01,5.454144E+00,2.516185E+03,1.665719E+03,1.298461E-01,1.632140E-01,2.196695E+04,5.740821E+04,1.133694E+00,5.631440E+00,3.239877E+03,1.984166E+03,1.671843E-01,1.944184E-01
14:00:00,1.648319E+04,4.907361E+04,8.507332E-01,4.814171E+00,2.517789E+03,6.502327E+02,1.299288E-01,6.371270E-02,1.786216E+04,5.583669E+04,9.219051E-01,5.477301E+00,2.516182E+03,1.669891E+03,1.298459E-01,1.636227E-01,2.196691E+04,5.768093E+04,1.133692E+00,5.658198E+00,3.239870E+03,1.994055E+03,1.671839E-01,1.953874E-01
14:10:00,1.648319E+04,4.925736E+04,8.507329E-01,4.832203E+00,2.517788E+03,6.538057E+02,1.299288E-01,6.406281E-02,1.786214E+04,5.603703E+04,9.219037E-01,5.496958E+00,2.516178E+03,1.673571E+03,1.298457E-01,1.639833E-01,2.196687E+04,5.791831E+04,1.133690E+00,5.681489E+00,3.239863E+03,2.003571E+03,1.671836E-01,1.963198E-01
14:20:00,1.648318E+04,4.940954E+04,8.507327E-01,4.847136E+00,2.517787E+03,6.574055E+02,1.299287E-01,6.441554E-02,1.786211E+04,5.620561E+04,9.219024E-01,5.513498E+00,2.516174E+03,1.677335E+03,1.298455E-01,1.643521E-01,2.196684E+04,5.812376E+04,1.133688E+00,5.701646E+00,3.239857E+03,2.013242E+03,1.671832E-01,1.972674E-01
14:30:00,1.648318E+04,4.953174E+04,8.507324E-01,4.859126E+00,2.517786E+03,6.612090E+02,1.299287E-01,6.478824E-02,1.786209E+04,5.634440E+04,9.219011E-01,5.527114E+00,2.516171E+03,1.681476E+03,1.298453E-01,1.647578E-01,2.196680E+04,5.829907E+04,1.133686E+00,5.718845E+00,3.239850E+03,2.023343E+03,1.671829E-01,1.982571E-01
14:40:00,1.648317E+04,4.962451E+04,8.507322E-01,4.868229E+00,2.517785E+03,6.652312E+02,1.299287E-01,6.518237E-02,1.786206E+04,5.645435E+04,9.218999E-01,5.537901E+00,2.516167E+03,1.686167E+03,1.298452E-01,1.652175E-01,2.196676E+04,5.844518E+04,1.133684E+00,5.733178E+00,3.239844E+03,2.034044E+03,1.671826E-01,1.993057E-01
14:50:00,1.648317E+04,4.968815E+04,8.507319E-01,4.874472E+00,2.517785E+03,6.695190E+02,1.299286E-01,6.560254E-02,1.786204E+04,5.653611E+04,9.218987E-01,5.545920E+00,2.516164E+03,1.691543E+03,1.298450E-01,1.657443E-01,2.196673E+04,5.856277E+04,1.133683E+00,5.744713E+00,3.239838E+03,2.045480E+03,1.671823E-01,2.004262E-01
15:00:00,1.648317E+04,4.972281E+04,8.507317E-01,4.877871E+00,2.517784E+03,6.741757E+02,1.299286E-01,6.605886E-02,1.786202E+04,5.659010E+04,9.218975E-01,5.551215E+00,2.516161E+03,1.697716E+03,1.298448E-01,1.663491E-01,2.196670E+04,5.865229E+04,1.133681E+00,5.753492E+00,3.239832E+03,2.057754E+03,1.671820E-01,2.016289E-01
15:10:00,1.648316E+04,4.972214E+04,8.507315E-01,4.877804E+00,2.517783E+03,6.791226E+02,1.299286E-01,6.654361E-02,1.786200E+04,5.661027E+04,9.218964E-01,5.553191E+00,2.516158E+03,1.704657E+03,1.298447E-01,1.670292E-01,2.196666E+04,5.870761E+04,1.133679E+00,5.758916E+00,3.239826E+03,2.070820E+03,1.671817E-01,2.029092E-01
15:20:00,1.648316E+04,4.968189E+04,8.507313E-01,4.873852E+00,2.517783E+03,6.837948E+02,1.299285E-01,6.700143E-02,1.786197E+04,5.659224E+04,9.218952E-01,5.551418E+00,2.516155E+03,1.711809E+03,1.298445E-01,1.677300E-01,2.196663E+04,5.872464E+04,1.133678E+00,5.760582E+00,3.239821E+03,2.084127E+03,1.671814E-01,2.042130E-01
15:30:00,1.648315E+04,4.960013E+04,8.507311E-01,4.865826E+00,2.517782E+03,6.880040E+02,1.299285E-01,6.741387E-02,1.786195E+04,5.653377E+04,9.218942E-01,5.545676E+00,2.516152E+03,1.718900E+03,1.298443E-01,1.684248E-01,2.196660E+04,5.870113E+04,1.133676E+00,5.758271E+00,3.239815E+03,2.097381E+03,1.671811E-01,2.055118E-01
15:40:00,1.648315E+04,4.947595E+04,8.507309E-01,4.853636E+00,2.517781E+03,6.916948E+02,1.299285E-01,6.777552E-02,1.786193E+04,5.643353E+04,9.218931E-01,5.535835E+00,2.516149E+03,1.725751E+03,1.298442E-01,1.690961E-01,2.196657E+04,5.863555E+04,1.133674E+00,5.751829E+00,3.239810E+03,2.110369E+03,1.671808E-01,2.067844E-01
15:50:00,1.648315E+04,4.930860E+04,8.507307E-01,4.837210E+00,2.517781E+03,6.948405E+02,1.299284E-01,6.808374E-02,1.786191E+04,5.629045E+04,9.218921E-01,5.521790E+00,2.516146E+03,1.732200E+03,1.298440E-01,1.697280E-01,2.196654E+04,5.852654E+04,1.133673E+00,5.741126E+00,3.239805E+03,2.122891E+03,1.671806E-01,2.080114E-01
16:00:00,1.648314E+04,4.909747E+04,8.507306E-01,4.816487E+00,2.517780E+03,6.973130E+02,1.299284E-01,6.832598E-02,1.786189E+04,5.610358E+04,9.218910E-01,5.503447E+00,2.516143E+03,1.738088E+03,1.298439E-01,1.703050E-01,2.196651E+04,5.837287E+04,1.133671E+00,5.726040E+00,3.239800E+03,2.134753E+03,1.671803E-01,2.091737E-01
16:10:00,1.648314E+04,4.886878E+04,8.507304E-01,4.794039E+00,2.517780E+03,6.993832E+02,1.299284E-01,6.852882E-02,1.786187E+04,5.589891E+04,9.218901E-01,5.483357E+00,2.516140E+03,1.743627E+03,1.298438E-01,1.708476E-01,2.196649E+04,5.820057E+04,1.133670E+00,5.709126E+00,3.239796E+03,2.146188E+03,1.671801E-01,2.102941E-01
16:20:00,1.648314E+04,4.862238E+04,8.507302E-01,4.769855E+00,2.517779E+03,7.009990E+02,1.299284E-01,6.868712E-02,1.786185E+04,5.567611E+04,9.218891E-01,5.461489E+00,2.516138E+03,1.748699E+03,1.298436E-01,1.713446E-01,2.196646E+04,5.800910E+04,1.133669E+00,5.690331E+00,3.239791E+03,2.157049E+03,1.671799E-01,2.113583E-01
16:30:00,1.648313E+04,4.835780E+04,8.507301E-01,4.743887E+00,2.517779E+03,7.020880E+02,1.299283E-01,6.879380E-02,1.786184E+04,5.543444E+04,9.218882E-01,5.437771E+00,2.516135E+03,1.753156E+03,1.298435E-01,1.717814E-01,2.196643E+04,5.779754E+04,1.133667E+00,5.669566E+00,3.239786E+03,2.167154E+03,1.671796E-01,2.123484E-01
16:40:00,1.648313E+04,4.807455E+04,8.507299E-01,4.716088E+00,2.517778E+03,7.025873E+02,1.299283E-01,6.884269E-02,1.786182E+04,5.517317E+04,9.218873E-01,5.412129E+00,2.516132E+03,1.756853E+03,1.298434E-01,1.721436E-01,2.196641E+04,5.756500E+04,1.133666E+00,5.646743E+00,3.239782E+03,2.176328E+03,1.671794E-01,2.132473E-01
16:50:00,1.648313E+04,4.777212E+04,8.507298E-01,4.686406E+00,2.517778E+03,7.023560E+02,1.299283E-01,6.881999E-02,1.786180E+04,5.489152E+04,9.218864E-01,5.384488E+00,2.516130E+03,1.759643E+03,1.298432E-01,1.724169E-01,2.196638E+04,5.731055E+04,1.133665E+00,5.621771E+00,3.239778E+03,2.184393E+03,1.671792E-01,2.140376E-01
17:00:00,1.648313E+04,4.744729E+04,8.507297E-01,4.654526E+00,2.517777E+03,7.011080E+02,1.299283E-01,6.869767E-02,1.786178E+04,5.458578E+04,9.218855E-01,5.354483E+00,2.516128E+03,1.761148E+03,1.298431E-01,1.725644E-01,2.196636E+04,5.703075E+04,1.133663E+00,5.594310E+00,3.239774E+03,2.190964E+03,1.671790E-01,2.146814E-01
17:10:00,1.648312E+04,4.710095E+04,8.507295E-01,4.620535E+00,2.517777E+03,6.988457E+02,1.299282E-01,6.847596E-02,1.786177E+04,5.425655E+04,9.218847E-01,5.322173E+00,2.516125E+03,1.761328E+03,1.298430E-01,1.725820E-01,2.196633E+04,5.672567E+04,1.133662E+00,5.564369E+00,3.239770E+03,2.195949E+03,1.671788E-01,2.151698E-01
17:20:00,1.648312E+04,4.673335E+04,8.507294E-01,4.584457E+00,2.517777E+03,6.955059E+02,1.299282E-01,6.814868E-02,1.786175E+04,5.390385E+04,9.218838E-01,5.287561E+00,2.516123E+03,1.760086E+03,1.298429E-01,1.724603E-01,2.196631E+04,5.639499E+04,1.133661E+00,5.531918E+00,3.239766E+03,2.199217E+03,1.671786E-01,2.154900E-01
17:30:00,1.648312E+04,4.634455E+04,8.507293E-01,4.546300E+00,2.517776E+03,6.910064E+02,1.299282E-01,6.770777E-02,1.786174E+04,5.352756E+04,9.218830E-01,5.250635E+00,2.516121E+03,1.757295E+03,1.298427E-01,1.721868E-01,2.196629E+04,5.603843E+04,1.133660E+00,5.496927E+00,3.239762E+03,2.200615E+03,1.671784E-01,2.156270E-01
17:40:00,1.648312E+04,4.593472E+04,8.507292E-01,4.506079E+00,2.517776E+03,6.852652E+02,1.299282E-01,6.714519E-02,1.786172E+04,5.312767E+04,9.218823E-01,5.211392E+00,2.516118E+03,1.752822E+03,1.298426E-01,1.717485E-01,2.196627E+04,5.565585E+04,1.133659E+00,5.459382E+00,3.239758E+03,2.199985E+03,1.671782E-01,2.155651E-01
17:50:00,1.648311E+04,4.550380E+04,8.507290E-01,4.463788E+00,2.517776E+03,6.782030E+02,1.299282E-01,6.645317E-02,1.786171E+04,5.270386E+04,9.218815E-01,5.169803E+00,2.516116E+03,1.746528E+03,1.298425E-01,1.711317E-01,2.196625E+04,5.524678E+04,1.133658E+00,5.419239E+00,3.239755E+03,2.197150E+03,1.671780E-01,2.152874E-01
18:00:00,1.648311E+04,4.505429E+04,8.507289E-01,4.419673E+00,2.517775E+03,6.699332E+02,1.299281E-01,6.564282E-02,1.786169E+04,5.225874E+04,9.218808E-01,5.126124E+00,2.516114E+03,1.738498E+03,1.298424E-01,1.703449E-01,2.196623E+04,5.481351E+04,1.133657E+00,5.376722E+00,3.239751E+03,2.192173E+03,1.671778E-01,2.147996E-01
18:10:00,1.688347E+04,4.456351E+04,8.713921E-01,4.371508E+00,2.546368E+03,6.600026E+02,1.314036E-01,6.466975E-02,1.826232E+04,5.176936E+04,9.425581E-01,5.078103E+00,2.544725E+03,1.728200E+03,1.313189E-01,1.693358E-01,2.304352E+04,5.433305E+04,1.189255E+00,5.329575E+00,3.381112E+03,2.184458E+03,1.744723E-01,2.140437E-01
18:20:00,1.728395E+04,4.402657E+04,8.920613E-01,4.318814E+00,2.575003E+03,6.480666E+02,1.328811E-01,6.350017E-02,1.866307E+04,5.123005E+04,9.632410E-01,5.025182E+00,2.573379E+03,1.715047E+03,1.327973E-01,1.680470E-01,2.412138E+04,5.380053E+04,1.244877E+00,5.277320E+00,3.522660E+03,2.173427E+03,1.817747E-01,2.129627E-01
18:30:00,1.768482E+04,4.344401E+04,9.127474E-01,4.261642E+00,2.603635E+03,6.342737E+02,1.343583E-01,6.214865E-02,1.906423E+04,5.064109E+04,9.839416E-01,4.967389E+00,2.602030E+03,1.699084E+03,1.342754E-01,1.664829E-01,2.520029E+04,5.321565E+04,1.300540E+00,5.219926E+00,3.664225E+03,2.159065E+03,1.890771E-01,2.115555E-01
18:40:00,1.808610E+04,4.281552E+04,9.334510E-01,4.199963E+00,2.632286E+03,6.185829E+02,1.358363E-01,6.061116E-02,1.946580E+04,5.000192E+04,1.004660E+00,4.904669E+00,2.630700E+03,1.680327E+03,1.357544E-01,1.646449E-01,2.628029E+04,5.257752E+04,1.356243E+00,5.157309E+00,3.805882E+03,2.141353E+03,1.963831E-01,2.098199E-01
18:50:00,1.848768E+04,4.213621E+04,9.541666E-01,4.133297E+00,2.660949E+03,6.007663E+02,1.373148E-01,5.886537E-02,1.986768E+04,4.930702E+04,1.025390E+00,4.836481E+00,2.659380E+03,1.658272E+03,1.372339E-01,1.624838E-01,2.736094E+04,5.188123E+04,1.411966E+00,5.088984E+00,3.947594E+03,2.119813E+03,2.036911E-01,2.077093E-01
19:00:00,1.888947E+04,4.140735E+04,9.748906E-01,4.061770E+00,2.689619E+03,5.812801E+02,1.387937E-01,5.695598E-02,2.026976E+04,4.855713E+04,1.046127E+00,4.762899E+00,2.688069E+03,1.633109E+03,1.387137E-01,1.600182E-01,2.844195E+04,5.112687E+04,1.467702E+00,5.014963E+00,4.089338E+03,2.094577E+03,2.110004E-01,2.052364E-01
19:10:00,1.889104E+04,4.069662E+04,9.749570E-01,3.992018E+00,2.689704E+03,5.610935E+02,1.387974E-01,5.497796E-02,2.027133E+04,4.782025E+04,1.046192E+00,4.690591E+00,2.688152E+03,1.606439E+03,1.387172E-01,1.574050E-01,2.844585E+04,5.038246E+04,1.467845E+00,4.941915E+00,4.089741E+03,2.067353E+03,2.110159E-01,2.025688E-01
19:20:00,1.889258E+04,4.001742E+04,9.750216E-01,3.925364E+00,2.689751E+03,5.412256E+02,1.387993E-01,5.303115E-02,2.027287E+04,4.711124E+04,1.046256E+00,4.621019E+00,2.688196E+03,1.579747E+03,1.387191E-01,1.547895E-01,2.844935E+04,4.966112E+04,1.467972E+00,4.871135E+00,4.089976E+03,2.039592E+03,2.110243E-01,1.998486E-01
19:30:00,1.889381E+04,3.937297E+04,9.750726E-01,3.862123E+00,2.689806E+03,5.218441E+02,1.388017E-01,5.113201E-02,2.027408E+04,4.643445E+04,1.046304E+00,4.554614E+00,2.688249E+03,1.553543E+03,1.387214E-01,1.522219E-01,2.845191E+04,4.896835E+04,1.468064E+00,4.803160E+00,4.090209E+03,2.011885E+03,2.110337E-01,1.971338E-01
19:40:00,1.889468E+04,3.876562E+04,9.751086E-01,3.802525E+00,2.689846E+03,5.032296E+02,1.388036E-01,4.930801E-02,2.027492E+04,4.579335E+04,1.046338E+00,4.491711E+00,2.688288E+03,1.528289E+03,1.387231E-01,1.497474E-01,2.845349E+04,4.830818E+04,1.468121E+00,4.738386E+00,4.090365E+03,1.984765E+03,2.110401E-01,1.944764E-01
19:50:00,1.889530E+04,3.820218E+04,9.751345E-01,3.747236E+00,2.689879E+03,4.858664E+02,1.388051E-01,4.760664E-02,2.027549E+04,4.519621E+04,1.046362E+00,4.433122E+00,2.688319E+03,1.504964E+03,1.387246E-01,1.474619E-01,2.845450E+04,4.768920E+04,1.468161E+00,4.677654E+00,4.090480E+03,1.959231E+03,2.110452E-01,1.919744E-01
20:00:00,1.889574E+04,3.768331E+04,9.751537E-01,3.696322E+00,2.689907E+03,4.695620E+02,1.388064E-01,4.600901E-02,2.027591E+04,4.464484E+04,1.046380E+00,4.379025E+00,2.688346E+03,1.483858E+03,1.387258E-01,1.453939E-01,2.845522E+04,4.711387E+04,1.468192E+00,4.621205E+00,4.090574E+03,1.935647E+03,2.110497E-01,1.896635E-01
20:10:00,1.889607E+04,3.719160E+04,9.751684E-01,3.648074E+00,2.689932E+03,4.542729E+02,1.388076E-01,4.451088E-02,2.027622E+04,4.412240E+04,1.046393E+00,4.327767E+00,2.688370E+03,1.464514E+03,1.387269E-01,1.434985E-01,2.845578E+04,4.656673E+04,1.468219E+00,4.567523E+00,4.090655E+03,1.913604E+03,2.110537E-01,1.875037E-01
20:20:00,1.889632E+04,3.671977E+04,9.751799E-01,3.601777E+00,2.689954E+03,4.395415E+02,1.388087E-01,4.306740E-02,2.027646E+04,4.362148E+04,1.046404E+00,4.278620E+00,2.688391E+03,1.446363E+03,1.387280E-01,1.417201E-01,2.845624E+04,4.604165E+04,1.468242E+00,4.516006E+00,4.090727E+03,1.892585E+03,2.110573E-01,1.854442E-01
20:30:00,1.889651E+04,3.626540E+04,9.751890E-01,3.557194E+00,2.689974E+03,4.252978E+02,1.388097E-01,4.167172E-02,2.027665E+04,4.313921E+04,1.046413E+00,4.231302E+00,2.688410E+03,1.429207E+03,1.387290E-01,1.400390E-01,2.845663E+04,4.553559E+04,1.468261E+00,4.466354E+00,4.090792E+03,1.872391E+03,2.110606E-01,1.834654E-01
20:40:00,1.889667E+04,3.582768E+04,9.751963E-01,3.514242E+00,2.689992E+03,4.115639E+02,1.388106E-01,4.032600E-02,2.027681E+04,4.267433E+04,1.046421E+00,4.185690E+00,2.688428E+03,1.412945E+03,1.387299E-01,1.384456E-01,2.845696E+04,4.504733E+04,1.468278E+00,4.418448E+00,4.090850E+03,1.852911E+03,2.110636E-01,1.815567E-01
20:50:00,1.889679E+04,3.540611E+04,9.752023E-01,3.472876E+00,2.690008E+03,3.983571E+02,1.388114E-01,3.903193E-02,2.027694E+04,4.222609E+04,1.046427E+00,4.141709E+00,2.688444E+03,1.397498E+03,1.387307E-01,1.369321E-01,2.845723E+04,4.457555E+04,1.468292E+00,4.372159E+00,4.090903E+03,1.834061E+03,2.110662E-01,1.797098E-01
21:00:00,1.889689E+04,3.500036E+04,9.752072E-01,3.433062E+00,2.690022E+03,3.856839E+02,1.388121E-01,3.779015E-02,2.027705E+04,4.179396E+04,1.046433E+00,4.099310E+00,2.688459E+03,1.382795E+03,1.387314E-01,1.354914E-01,2.845748E+04,4.411985E+04,1.468304E+00,4.327447E+00,4.090950E+03,1.815776E+03,2.110687E-01,1.779181E-01
21:10:00,1.889698E+04,3.459648E+04,9.752113E-01,3.393433E+00,2.690036E+03,3.733653E+02,1.388128E-01,3.658312E-02,2.027715E+04,4.136380E+04,1.046438E+00,4.057104E+00,2.688473E+03,1.368593E+03,1.387322E-01,1.340999E-01,2.845769E+04,4.366548E+04,1.468315E+00,4.282867E+00,4.090993E+03,1.797786E+03,2.110709E-01,1.761554E-01
21:20:00,1.889705E+04,3.419411E+04,9.752149E-01,3.353951E+00,2.690048E+03,3.613817E+02,1.388134E-01,3.540891E-02,2.027724E+04,4.093511E+04,1.046443E+00,4.015043E+00,2.688486E+03,1.354824E+03,1.387328E-01,1.327508E-01,2.845788E+04,4.321202E+04,1.468325E+00,4.238375E+00,4.091032E+03,1.780035E+03,2.110729E-01,1.744161E-01
21:30:00,1.889711E+04,3.379301E+04,9.752179E-01,3.314593E+00,2.690058E+03,3.497140E+02,1.388140E-01,3.426566E-02,2.027732E+04,4.050757E+04,1.046447E+00,3.973094E+00,2.688498E+03,1.341433E+03,1.387334E-01,1.314386E-01,2.845805E+04,4.275911E+04,1.468334E+00,4.193937E+00,4.091068E+03,1.762478E+03,2.110748E-01,1.726957E-01
21:40:00,1.889716E+04,3.339297E+04,9.752206E-01,3.275340E+00,2.690068E+03,3.383414E+02,1.388145E-01,3.315133E-02,2.027740E+04,4.008096E+04,1.046450E+00,3.931235E+00,2.688509E+03,1.328371E+03,1.387340E-01,1.301588E-01,2.845821E+04,4.230651E+04,1.468342E+00,4.149529E+00,4.091101E+03,1.745079E+03,2.110764E-01,1.709909E-01
21:50:00,1.889721E+04,3.299386E+04,9.752229E-01,3.236177E+00,2.690077E+03,3.272425E+02,1.388149E-01,3.206381E-02,2.027747E+04,3.965508E+04,1.046454E+00,3.889449E+00,2.688520E+03,1.315596E+03,1.387346E-01,1.289070E-01,2.845836E+04,4.185405E+04,1.468349E+00,4.105135E+00,4.091131E+03,1.727809E+03,2.110780E-01,1.692987E-01
22:00:00,1.889725E+04,3.259554E+04,9.752250E-01,3.197092E+00,2.690085E+03,3.163957E+02,1.388153E-01,3.100100E-02,2.027754E+04,3.922980E+04,1.046457E+00,3.847721E+00,2.688530E+03,1.303071E+03,1.387351E-01,1.276799E-01,2.845849E+04,4.140162E+04,1.468356E+00,4.060743E+00,4.091159E+03,1.710647E+03,2.110794E-01,1.676171E-01
22:10:00,1.889729E+04,2.699697E+04,9.752269E-01,2.647956E+00,2.690092E+03,2.591328E+02,1.388157E-01,2.539027E-02,2.027760E+04,3.300999E+04,1.046461E+00,3.227495E+00,2.688539E+03,1.080667E+03,1.387355E-01,1.058879E-01,2.845861E+04,3.510746E+04,1.468362E+00,3.427062E+00,4.091184E+03,1.418386E+03,2.110807E-01,1.389800E-01
22:20:00,1.889732E+04,2.146495E+04,9.752286E-01,2.105352E+00,2.690099E+03,2.037367E+02,1.388160E-01,1.996246E-02,2.027766E+04,2.732849E+04,1.046464E+00,2.650088E+00,2.688548E+03,8.604062E+02,1.387360E-01,8.430585E-02,2.845873E+04,2.931322E+04,1.468368E+00,2.833851E+00,4.091208E+03,1.129009E+03,2.110820E-01,1.106255E-01
22:30:00,1.889735E+04,1.614173E+04,9.752302E-01,1.580392E+00,2.690105E+03,1.501636E+02,1.388163E-01,1.471328E-02,2.027771E+04,2.202168E+04,1.046467E+00,2.103288E+00,2.688556E+03,6.422445E+02,1.387364E-01,6.292955E-02,2.845883E+04,2.388128E+04,1.468374E+00,2.269782E+00,4.091229E+03,8.830317E+02,2.110831E-01,8.570141E-02
22:40:00,1.889738E+04,1.100468E+04,9.752316E-01,1.071209E+00,2.690110E+03,9.837366E+01,1.388166E-01,9.638807E-03,2.027777E+04,1.684612E+04,1.046469E+00,1.567895E+00,2.688564E+03,4.261445E+02,1.387368E-01,4.175525E-02,2.845893E+04,1.857077E+04,1.468379E+00,1.716448E+00,4.091250E+03,6.660204E+02,2.110841E-01,6.305834E-02
22:50:00,1.889740E+04,6.056163E+03,9.752329E-01,5.778593E-01,2.690115E+03,4.833022E+01,1.388169E-01,4.735470E-03,2.027782E+04,1.177334E+04,1.046472E+00,1.041914E+00,2.688571E+03,2.543806E+02,1.387372E-01,2.408372E-02,2.845903E+04,1.336412E+04,1.468384E+00,1.172706E+00,4.091269E+03,4.616653E+02,2.110851E-01,4.144392E-02
23:00:00,1.889743E+04,1.186424E+03,9.752341E-01,9.190866E-02,2.690119E+03,0.000000E+00,1.388171E-01,0.000000E+00,2.027787E+04,6.778542E+03,1.046475E+00,5.234289E-01,2.688579E+03,1.016946E+02,1.387376E-01,7.885651E-03,2.845912E+04,8.236468E+03,1.468389E+00,6.366378E-01,4.091286E+03,2.664395E+02,2.110860E-01,2.059012E-02
23:10:00,1.889745E+04,1.570942E+03,9.752352E-01,1.215759E-01,2.690123E+03,0.000000E+00,1.388173E-01,0.000000E+00,2.027792E+04,7.644082E+03,1.046477E+00,5.900200E-01,2.688585E+03,1.359566E+02,1.387379E-01,1.052895E-02,2.845920E+04,9.018843E+03,1.468393E+00,6.967194E-01,4.091303E+03,3.533482E+02,2.110869E-01,2.729520E-02
23:20:00,1.889747E+04,1.956862E+03,9.752362E-01,1.513511E-01,2.690127E+03,0.000000E+00,1.388175E-01,0.000000E+00,2.027797E+04,8.038845E+03,1.046480E+00,6.204899E-01,2.688592E+03,1.800878E+02,1.387383E-01,1.393361E-02,2.845928E+04,9.370490E+03,1.468397E+00,7.232483E-01,4.091318E+03,4.411495E+02,2.110877E-01,3.406918E-02
23:30:00,1.889749E+04,2.193525E+03,9.752372E-01,1.694679E-01,2.690131E+03,0.000000E+00,1.388177E-01,0.000000E+00,2.027802E+04,8.125157E+03,1.046482E+00,6.269480E-01,2.688598E+03,2.258802E+02,1.387386E-01,1.746647E-02,2.845936E+04,9.427398E+03,1.468401E+00,7.274268E-01,4.091333E+03,4.886987E+02,2.110884E-01,3.771530E-02
23:40:00,1.889751E+04,2.302990E+03,9.752381E-01,1.777481E-01,2.690134E+03,0.000000E+00,1.388178E-01,0.000000E+00,2.027806E+04,8.146275E+03,1.046484E+00,6.285793E-01,2.688605E+03,2.730035E+02,1.387389E-01,2.110200E-02,2.845943E+04,9.429628E+03,1.468405E+00,7.275995E-01,4.091347E+03,5.101056E+02,2.110891E-01,3.935763E-02
23:50:00,1.889752E+04,2.282405E+03,9.752390E-01,1.760956E-01,2.690137E+03,0.000000E+00,1.388180E-01,0.000000E+00,2.027810E+04,8.130216E+03,1.046487E+00,6.273435E-01,2.688610E+03,2.788664E+02,1.387392E-01,2.151432E-02,2.845950E+04,9.394126E+03,1.468408E+00,7.248633E-01,4.091360E+03,5.212370E+02,2.110898E-01,4.021407E-02
24:00:00,1.889754E+04,2.241119E+03,9.752398E-01,1.729111E-01,2.690139E+03,0.000000E+00,1.388181E-01,0.000000E+00,2.027815E+04,8.101553E+03,1.046489E+00,6.251355E-01,2.688616E+03,2.684726E+02,1.387395E-01,2.071249E-02,2.845957E+04,9.345292E+03,1.468412E+00,7.210993E-01,4.091372E+03,5.258935E+02,2.110905E-01,4.057357E-02
Peak,1.889754E+04,4.972281E+04,9.752398E-01,4.877871E+00,2.690156E+03,7.025873E+02,1.388190E-01,6.884269E-02,2.027876E+04,5.661027E+04,1.046520E+00,5.553191E+00,2.688717E+03,1.761328E+03,1.387447E-01,1.725820E-01,2.846062E+04,5.872464E+04,1.468466E+00,5.760582E+00,4.091580E+03,2.200615E+03,2.111012E-01,2.156270E-01

Peak Vol Flow (m3/s),,,8.112338E-01,4.057560E+00,,,1.154738E-01,5.726542E-02,,,8.705272E-01,4.619312E+00,,,1.154120E-01,1.435589E-01,,,1.221514E+00,4.791826E+00,,,1.756003E-01,1.793650E-01
