Time,THERMAL ZONE 1:LONDON/GATWICK ANN HTG 99.6% CONDNS DB:Des Heat Load [W],THERMAL ZONE 1:LONDON/GATWICK ANN CLG .4% CONDNS DB=>MWB:Des Sens Cool Load [W],THERMAL ZONE 1:LONDON/GATWICK ANN HTG 99.6% CONDNS DB:Des Heat Mass Flow [kg/s],THERMAL ZONE 1:LONDON/GATWICK ANN CLG .4% CONDNS DB=>MWB:Des Cool Mass Flow [kg/s],THERMAL ZONE 2:LONDON/GATWICK ANN HTG 99.6% CONDNS DB:Des Heat Load [W],THERMAL ZONE 2:LONDON/GATWICK ANN CLG .4% CONDNS DB=>MWB:Des Sens Cool Load [W],THERMAL ZONE 2:LONDON/GATWICK ANN HTG 99.6% CONDNS DB:Des Heat Mass Flow [kg/s],THERMAL ZONE 2:LONDON/GATWICK ANN CLG .4% CONDNS DB=>MWB:Des Cool Mass Flow [kg/s],THERMAL ZONE 3:LONDON/GATWICK ANN HTG 99.6% CONDNS DB:Des Heat Load [W],THERMAL ZONE 3:LONDON/GATWICK ANN CLG .4% CONDNS DB=>MWB:Des Sens Cool Load [W],THERMAL ZONE 3:LONDON/GATWICK ANN HTG 99.6% CONDNS DB:Des Heat Mass Flow [kg/s],THERMAL ZONE 3:LONDON/GATWICK ANN CLG .4% CONDNS DB=>MWB:Des Cool Mass Flow [kg/s],THERMAL ZONE 4:LONDON/GATWICK ANN HTG 99.6% CONDNS DB:Des Heat Load [W],THERMAL ZONE 4:LONDON/GATWICK ANN CLG .4% CONDNS DB=>MWB:Des Sens Cool Load [W],THERMAL ZONE 4:LONDON/GATWICK ANN HTG 99.6% CONDNS DB:Des Heat Mass Flow [kg/s],THERMAL ZONE 4:LONDON/GATWICK ANN CLG .4% CONDNS DB=>MWB:Des Cool Mass Flow [kg/s],THERMAL ZONE 5:LONDON/GATWICK ANN HTG 99.6% CONDNS DB:Des Heat Load [W],THERMAL ZONE 5:LONDON/GATWICK ANN CLG .4% CONDNS DB=>MWB:Des Sens Cool Load [W],THERMAL ZONE 5:LONDON/GATWICK ANN HTG 99.6% CONDNS DB:Des Heat Mass Flow [kg/s],THERMAL ZONE 5:LONDON/GATWICK ANN CLG .4% CONDNS DB=>MWB:Des Cool Mass Flow [kg/s],THERMAL ZONE 6:LONDON/GATWICK ANN HTG 99.6% CONDNS DB:Des Heat Load [W],THERMAL ZONE 6:LONDON/GATWICK ANN CLG .4% CONDNS DB=>MWB:Des Sens Cool Load [W],THERMAL ZONE 6:LONDON/GATWICK ANN HTG 99.6% CONDNS DB:Des Heat Mass Flow [kg/s],THERMAL ZONE 6:LONDON/GATWICK ANN CLG .4% CONDNS DB=>MWB:Des Cool Mass Flow [kg/s],THERMAL ZONE 7:LONDON/GATWICK ANN HTG 99.6% CONDNS DB:Des Heat Load [W],THERMAL ZONE 7:LONDON/GATWICK ANN CLG .4% CONDNS DB=>MWB:Des Sens Cool Load [W],THERMAL ZONE 7:LONDON/GATWICK ANN HTG 99.6% CONDNS DB:Des Heat Mass Flow [kg/s],THERMAL ZONE 7:LONDON/GATWICK ANN CLG .4% CONDNS DB=>MWB:Des Cool Mass Flow [kg/s]
00:10:00,2.619945E+04,0.000000E+00,1.350074E+00,0.000000E+00,1.221743E+03,9.130689E+02,6.304842E-02,7.045679E-02,3.535119E+03,1.112956E+02,1.824244E-01,8.586280E-03,1.287208E+03,0.000000E+00,6.642301E-02,0.000000E+00,6.792671E+02,0.000000E+00,3.505442E-02,0.000000E+00,1.440463E+03,0.000000E+00,7.431994E-02,0.000000E+00,1.529795E+03,1.986921E+02,7.893750E-02,1.532960E-02
00:20:00,2.619945E+04,0.000000E+00,1.350074E+00,0.000000E+00,1.221745E+03,9.099828E+02,6.304849E-02,7.021850E-02,3.535125E+03,1.093942E+02,1.824247E-01,8.439595E-03,1.287211E+03,0.000000E+00,6.642314E-02,0.000000E+00,6.792692E+02,0.000000E+00,3.505453E-02,0.000000E+00,1.440466E+03,0.000000E+00,7.432007E-02,0.000000E+00,1.529798E+03,1.958559E+02,7.893767E-02,1.511078E-02
00:30:00,2.619946E+04,0.000000E+00,1.350075E+00,0.000000E+00,1.221746E+03,9.069582E+02,6.304855E-02,6.998470E-02,3.535131E+03,1.060249E+02,1.824250E-01,8.179666E-03,1.287213E+03,0.000000E+00,6.642327E-02,0.000000E+00,6.792711E+02,0.000000E+00,3.505463E-02,0.000000E+00,1.440468E+03,0.000000E+00,7.432019E-02,0.000000E+00,1.529801E+03,1.926382E+02,7.893783E-02,1.486251E-02
00:40:00,2.619946E+04,0.000000E+00,1.350075E+00,0.000000E+00,1.221747E+03,9.040261E+02,6.304861E-02,6.975750E-02,3.535136E+03,1.015054E+02,1.824253E-01,7.830997E-03,1.287215E+03,0.000000E+00,6.642338E-02,0.000000E+00,6.792730E+02,0.000000E+00,3.505472E-02,0.000000E+00,1.440470E+03,0.000000E+00,7.432031E-02,0.000000E+00,1.529805E+03,1.891019E+02,7.893799E-02,1.458967E-02
00:50:00,2.619947E+04,0.000000E+00,1.350075E+00,0.000000E+00,1.221748E+03,9.011941E+02,6.304867E-02,6.953760E-02,3.535141E+03,9.603607E+01,1.824256E-01,7.409044E-03,1.287218E+03,0.000000E+00,6.642349E-02,0.000000E+00,6.792747E+02,0.000000E+00,3.505481E-02,0.000000E+00,1.440472E+03,0.000000E+00,7.432042E-02,0.000000E+00,1.529807E+03,1.852876E+02,7.893814E-02,1.429536E-02
01:00:00,2.619947E+04,0.000000E+00,1.350076E+00,0.000000E+00,1.221749E+03,8.984650E+02,6.304872E-02,6.932539E-02,3.535146E+03,8.978268E+01,1.824258E-01,6.926603E-03,1.287220E+03,0.000000E+00,6.642360E-02,0.000000E+00,6.792763E+02,0.000000E+00,3.505489E-02,0.000000E+00,1.440475E+03,0.000000E+00,7.432053E-02,0.000000E+00,1.529810E+03,1.812334E+02,7.893829E-02,1.398256E-02
01:10:00,2.619948E+04,0.000000E+00,1.350076E+00,0.000000E+00,1.221750E+03,8.915337E+02,6.304878E-02,6.878885E-02,3.535152E+03,8.303359E+01,1.824261E-01,6.405919E-03,1.287222E+03,0.000000E+00,6.642370E-02,0.000000E+00,6.792779E+02,0.000000E+00,3.505498E-02,0.000000E+00,1.440477E+03,0.000000E+00,7.432064E-02,0.000000E+00,1.529813E+03,1.765919E+02,7.893844E-02,1.362444E-02
01:20:00,2.619948E+04,0.000000E+00,1.350076E+00,0.000000E+00,1.221751E+03,8.848732E+02,6.304883E-02,6.827305E-02,3.535156E+03,7.590310E+01,1.824263E-01,5.855810E-03,1.287223E+03,0.000000E+00,6.642379E-02,0.000000E+00,6.792794E+02,0.000000E+00,3.505505E-02,0.000000E+00,1.440479E+03,0.000000E+00,7.432075E-02,0.000000E+00,1.529816E+03,1.718396E+02,7.893858E-02,1.325776E-02
01:30:00,2.619949E+04,0.000000E+00,1.350076E+00,0.000000E+00,1.221752E+03,8.783118E+02,6.304888E-02,6.776532E-02,3.535161E+03,6.848028E+01,1.824266E-01,5.283148E-03,1.287225E+03,0.000000E+00,6.642389E-02,0.000000E+00,6.792807E+02,0.000000E+00,3.505512E-02,0.000000E+00,1.440481E+03,0.000000E+00,7.432085E-02,0.000000E+00,1.529819E+03,1.669996E+02,7.893872E-02,1.288433E-02
01:40:00,2.619949E+04,0.000000E+00,1.350077E+00,0.000000E+00,1.221753E+03,8.718348E+02,6.304893E-02,6.726465E-02,3.535165E+03,6.085078E+01,1.824268E-01,4.694541E-03,1.287227E+03,0.000000E+00,6.642397E-02,0.000000E+00,6.792821E+02,0.000000E+00,3.505519E-02,0.000000E+00,1.440483E+03,0.000000E+00,7.432095E-02,0.000000E+00,1.529821E+03,1.621029E+02,7.893885E-02,1.250652E-02
01:50:00,2.619950E+04,0.000000E+00,1.350077E+00,0.000000E+00,1.221754E+03,8.654493E+02,6.304898E-02,6.677148E-02,3.535170E+03,5.308368E+01,1.824270E-01,4.095319E-03,1.287228E+03,0.000000E+00,6.642406E-02,0.000000E+00,6.792833E+02,0.000000E+00,3.505525E-02,0.000000E+00,1.440485E+03,0.000000E+00,7.432105E-02,0.000000E+00,1.529824E+03,1.571760E+02,7.893898E-02,1.212638E-02
02:00:00,2.619950E+04,0.000000E+00,1.350077E+00,0.000000E+00,1.221755E+03,8.591668E+02,6.304903E-02,6.628653E-02,3.535174E+03,4.524250E+01,1.824273E-01,3.490382E-03,1.287230E+03,0.000000E+00,6.642413E-02,0.000000E+00,6.792845E+02,0.000000E+00,3.505532E-02,0.000000E+00,1.440486E+03,0.000000E+00,7.432114E-02,0.000000E+00,1.529826E+03,1.522452E+02,7.893911E-02,1.174595E-02
02:10:00,2.619951E+04,0.000000E+00,1.350077E+00,0.000000E+00,1.221756E+03,8.529393E+02,6.304907E-02,6.580593E-02,3.535178E+03,3.720786E+01,1.824275E-01,2.870521E-03,1.287231E+03,0.000000E+00,6.642421E-02,0.000000E+00,6.792856E+02,0.000000E+00,3.505537E-02,0.000000E+00,1.440488E+03,0.000000E+00,7.432124E-02,0.000000E+00,1.529829E+03,1.472601E+02,7.893923E-02,1.136133E-02
02:20:00,2.619951E+04,0.000000E+00,1.350077E+00,0.000000E+00,1.221757E+03,8.467700E+02,6.304911E-02,6.532988E-02,3.535182E+03,2.901757E+01,1.824277E-01,2.238653E-03,1.287233E+03,0.000000E+00,6.642428E-02,0.000000E+00,6.792867E+02,0.000000E+00,3.505543E-02,0.000000E+00,1.440490E+03,0.000000E+00,7.432132E-02,0.000000E+00,1.529831E+03,1.422390E+02,7.893935E-02,1.097392E-02
02:30:00,2.619952E+04,0.000000E+00,1.350078E+00,0.000000E+00,1.221758E+03,8.406623E+02,6.304915E-02,6.485861E-02,3.535186E+03,2.072359E+01,1.824279E-01,1.598787E-03,1.287234E+03,0.000000E+00,6.642435E-02,0.000000E+00,6.792877E+02,0.000000E+00,3.505548E-02,0.000000E+00,1.440491E+03,0.000000E+00,7.432141E-02,0.000000E+00,1.529833E+03,1.371961E+02,7.893947E-02,1.058485E-02
02:40:00,2.619952E+04,0.000000E+00,1.350078E+00,0.000000E+00,1.221758E+03,8.346189E+02,6.304919E-02,6.439232E-02,3.535189E+03,1.377619E+01,1.824280E-01,1.062807E-03,1.287235E+03,0.000000E+00,6.642442E-02,0.000000E+00,6.792887E+02,0.000000E+00,3.505553E-02,0.000000E+00,1.440493E+03,0.000000E+00,7.432149E-02,0.000000E+00,1.529835E+03,1.321458E+02,7.893958E-02,1.019520E-02
02:50:00,2.619952E+04,0.000000E+00,1.350078E+00,0.000000E+00,1.221759E+03,8.286422E+02,6.304923E-02,6.393118E-02,3.535193E+03,8.231333E+00,1.824282E-01,6.350312E-04,1.287237E+03,0.000000E+00,6.642448E-02,0.000000E+00,6.792896E+02,0.000000E+00,3.505558E-02,0.000000E+00,1.440495E+03,0.000000E+00,7.432158E-02,0.000000E+00,1.529837E+03,1.270997E+02,7.893969E-02,9.805874E-03
03:00:00,2.619953E+04,0.000000E+00,1.350078E+00,0.000000E+00,1.221760E+03,8.227340E+02,6.304927E-02,6.347533E-02,3.535196E+03,4.142482E+00,1.824284E-01,3.195841E-04,1.287238E+03,0.000000E+00,6.642454E-02,0.000000E+00,6.792905E+02,0.000000E+00,3.505562E-02,0.000000E+00,1.440496E+03,0.000000E+00,7.432166E-02,0.000000E+00,1.529840E+03,1.220699E+02,7.893980E-02,9.417813E-03
03:10:00,2.619953E+04,0.000000E+00,1.350078E+00,0.000000E+00,1.221760E+03,8.168377E+02,6.304930E-02,6.302041E-02,3.535200E+03,1.386287E+00,1.824286E-01,1.069492E-04,1.287239E+03,0.000000E+00,6.642460E-02,0.000000E+00,6.792913E+02,0.000000E+00,3.505567E-02,0.000000E+00,1.440498E+03,0.000000E+00,7.432173E-02,0.000000E+00,1.529842E+03,1.169955E+02,7.893990E-02,9.026304E-03
03:20:00,2.619953E+04,0.000000E+00,1.350079E+00,0.000000E+00,1.221761E+03,8.109514E+02,6.304934E-02,6.256626E-02,3.535203E+03,0.000000E+00,1.824287E-01,0.000000E+00,1.287240E+03,0.000000E+00,6.642466E-02,0.000000E+00,6.792921E+02,0.000000E+00,3.505571E-02,0.000000E+00,1.440499E+03,0.000000E+00,7.432181E-02,0.000000E+00,1.529844E+03,1.118864E+02,7.894000E-02,8.632122E-03
03:30:00,2.619954E+04,0.000000E+00,1.350079E+00,0.000000E+00,1.221762E+03,8.050740E+02,6.304937E-02,6.211280E-02,3.535206E+03,0.000000E+00,1.824289E-01,0.000000E+00,1.287241E+03,0.000000E+00,6.642471E-02,0.000000E+00,6.792929E+02,0.000000E+00,3.505575E-02,0.000000E+00,1.440501E+03,0.000000E+00,7.432188E-02,0.000000E+00,1.529845E+03,1.067540E+02,7.894010E-02,8.236145E-03
03:40:00,2.619954E+04,0.000000E+00,1.350079E+00,0.000000E+00,1.221762E+03,7.992047E+02,6.304941E-02,6.165997E-02,3.535209E+03,0.000000E+00,1.824291E-01,0.000000E+00,1.287242E+03,0.000000E+00,6.642476E-02,0.000000E+00,6.792936E+02,0.000000E+00,3.505579E-02,0.000000E+00,1.440502E+03,0.000000E+00,7.432195E-02,0.000000E+00,1.529847E+03,1.016204E+02,7.894020E-02,7.840072E-03
03:50:00,2.619954E+04,0.000000E+00,1.350079E+00,0.000000E+00,1.221763E+03,7.933423E+02,6.304944E-02,6.120767E-02,3.535212E+03,0.000000E+00,1.824292E-01,0.000000E+00,1.287243E+03,0.000000E+00,6.642481E-02,0.000000E+00,6.792943E+02,0.000000E+00,3.505582E-02,0.000000E+00,1.440503E+03,0.000000E+00,7.432202E-02,0.000000E+00,1.529849E+03,9.646343E+01,7.894029E-02,7.442200E-03
04:00:00,2.619955E+04,0.000000E+00,1.350079E+00,0.000000E+00,1.221764E+03,7.874858E+02,6.304947E-02,6.075582E-02,3.535215E+03,0.000000E+00,1.824294E-01,0.000000E+00,1.287244E+03,0.000000E+00,6.642486E-02,0.000000E+00,6.792950E+02,0.000000E+00,3.505586E-02,0.000000E+00,1.440505E+03,0.000000E+00,7.432209E-02,0.000000E+00,1.529851E+03,9.127840E+01,7.894038E-02,7.042164E-03
04:10:00,2.619955E+04,0.000000E+00,1.350079E+00,0.000000E+00,1.221764E+03,7.816931E+02,6.304950E-02,6.030889E-02,3.535218E+03,0.000000E+00,1.824295E-01,0.000000E+00,1.287245E+03,0.000000E+00,6.642491E-02,0.000000E+00,6.792957E+02,0.000000E+00,3.505589E-02,0.000000E+00,1.440506E+03,0.000000E+00,7.432215E-02,0.000000E+00,1.529853E+03,8.613491E+01,7.894047E-02,6.645332E-03
04:20:00,2.619955E+04,0.000000E+00,1.350080E+00,0.000000E+00,1.221765E+03,7.771831E+02,6.304953E-02,5.996093E-02,3.535220E+03,0.000000E+00,1.824296E-01,0.000000E+00,1.287246E+03,0.000000E+00,6.642496E-02,0.000000E+00,6.792963E+02,0.000000E+00,3.505593E-02,0.000000E+00,1.440507E+03,0.000000E+00,7.432222E-02,0.000000E+00,1.529854E+03,8.183703E+01,7.894056E-02,6.313740E-03
04:30:00,2.619956E+04,0.000000E+00,1.350080E+00,0.000000E+00,1.221765E+03,7.755383E+02,6.304956E-02,5.983402E-02,3.535223E+03,0.000000E+00,1.824298E-01,0.000000E+00,1.287247E+03,0.000000E+00,6.642500E-02,0.000000E+00,6.792969E+02,0.000000E+00,3.505596E-02,0.000000E+00,1.440508E+03,0.000000E+00,7.432228E-02,0.000000E+00,1.529856E+03,7.931611E+01,7.894064E-02,6.119243E-03
04:40:00,2.619956E+04,0.000000E+00,1.350080E+00,0.000000E+00,1.221766E+03,7.780409E+02,6.304959E-02,6.002712E-02,3.535226E+03,0.000000E+00,1.824299E-01,0.000000E+00,1.287248E+03,0.000000E+00,6.642504E-02,0.000000E+00,6.792975E+02,0.000000E+00,3.505599E-02,0.000000E+00,1.440510E+03,0.000000E+00,7.432234E-02,0.000000E+00,1.529858E+03,7.939461E+01,7.894072E-02,6.125297E-03
04:50:00,2.619956E+04,0.000000E+00,1.350080E+00,0.000000E+00,1.221766E+03,7.867724E+02,6.304961E-02,6.070079E-02,3.535228E+03,2.349625E+01,1.824300E-01,1.819622E-03,1.287248E+03,0.000000E+00,6.642508E-02,0.000000E+00,6.792981E+02,0.000000E+00,3.505602E-02,0.000000E+00,1.440511E+03,0.000000E+00,7.432240E-02,0.000000E+00,1.529859E+03,8.346730E+01,7.894080E-02,6.439509E-03
05:00:00,2.619956E+04,0.000000E+00,1.350080E+00,0.000000E+00,1.221767E+03,8.016287E+02,6.304964E-02,6.184702E-02,3.535230E+03,6.416577E+01,1.824302E-01,4.957376E-03,1.287249E+03,0.000000E+00,6.642512E-02,0.000000E+00,6.792986E+02,0.000000E+00,3.505605E-02,0.000000E+00,1.440512E+03,0.000000E+00,7.432246E-02,0.000000E+00,1.529861E+03,9.153103E+01,7.894088E-02,7.061647E-03
05:10:00,2.619957E+04,0.000000E+00,1.350080E+00,0.000000E+00,1.221767E+03,8.237272E+02,6.304966E-02,6.355203E-02,3.535233E+03,1.217200E+02,1.824303E-01,9.397750E-03,1.287250E+03,0.000000E+00,6.642516E-02,0.000000E+00,6.792992E+02,0.000000E+00,3.505607E-02,0.000000E+00,1.440513E+03,0.000000E+00,7.432252E-02,0.000000E+00,1.529862E+03,1.044960E+02,7.894096E-02,8.061938E-03
05:20:00,2.619957E+04,0.000000E+00,1.350080E+00,0.000000E+00,1.221768E+03,8.513660E+02,6.304969E-02,6.568449E-02,3.535235E+03,1.962627E+02,1.824304E-01,1.514891E-02,1.287251E+03,0.000000E+00,6.642520E-02,0.000000E+00,6.792997E+02,0.000000E+00,3.505610E-02,0.000000E+00,1.440514E+03,0.000000E+00,7.432257E-02,0.000000E+00,1.529864E+03,1.211469E+02,7.894103E-02,9.346620E-03
05:30:00,2.619957E+04,0.000000E+00,1.350081E+00,0.000000E+00,1.221768E+03,8.826539E+02,6.304971E-02,6.809851E-02,3.535237E+03,2.837639E+02,1.824305E-01,2.189995E-02,1.287251E+03,0.000000E+00,6.642524E-02,0.000000E+00,6.793002E+02,0.000000E+00,3.505612E-02,0.000000E+00,1.440515E+03,0.000000E+00,7.432263E-02,0.000000E+00,1.529865E+03,1.402387E+02,7.894111E-02,1.081966E-02
05:40:00,2.619957E+04,0.000000E+00,1.350081E+00,0.000000E+00,1.221769E+03,9.161207E+02,6.304974E-02,7.068063E-02,3.535239E+03,3.871291E+02,1.824306E-01,2.987503E-02,1.287252E+03,0.000000E+00,6.642527E-02,0.000000E+00,6.793006E+02,0.000000E+00,3.505615E-02,0.000000E+00,1.440516E+03,0.000000E+00,7.432268E-02,0.000000E+00,1.529866E+03,1.605816E+02,7.894118E-02,1.238923E-02
05:50:00,2.619958E+04,0.000000E+00,1.350081E+00,0.000000E+00,1.221769E+03,9.492834E+02,6.304976E-02,7.323929E-02,3.535242E+03,4.806642E+02,1.824307E-01,3.708497E-02,1.287253E+03,0.000000E+00,6.642531E-02,0.000000E+00,6.793011E+02,0.000000E+00,3.505617E-02,0.000000E+00,1.440517E+03,0.000000E+00,7.432273E-02,0.000000E+00,1.529868E+03,1.817276E+02,7.894125E-02,1.402080E-02
06:00:00,2.619958E+04,0.000000E+00,1.350081E+00,0.000000E+00,1.221770E+03,9.818153E+02,6.304978E-02,7.574926E-02,3.535244E+03,5.686193E+02,1.824308E-01,4.387130E-02,1.287253E+03,0.000000E+00,6.642534E-02,0.000000E+00,6.793015E+02,0.000000E+00,3.505620E-02,0.000000E+00,1.440518E+03,0.000000E+00,7.432278E-02,0.000000E+00,1.529869E+03,2.036062E+02,7.894131E-02,1.570889E-02
06:10:00,2.601934E+04,3.572623E+02,1.340793E+00,3.513740E-02,1.191298E+03,1.129575E+03,6.147728E-02,9.054536E-02,3.431024E+03,1.066890E+03,1.770528E-01,8.640935E-02,1.261250E+03,2.741751E+01,6.508351E-02,2.617796E-03,6.721549E+02,1.279802E+02,3.468738E-02,1.229078E-02,1.397188E+03,6.296438E+01,7.208720E-02,5.648787E-03,1.477410E+03,3.728349E+02,7.623443E-02,3.025432E-02
06:20:00,2.583889E+04,7.845328E+02,1.331502E+00,7.713525E-02,1.160799E+03,1.228135E+03,5.990356E-02,1.034346E-01,3.326692E+03,1.330429E+03,1.716696E-01,1.140509E-01,1.235214E+03,4.443776E+01,6.374022E-02,4.291022E-03,6.649985E+02,2.456590E+02,3.431812E-02,2.382610E-02,1.353807E+03,1.027279E+02,6.984952E-02,9.581608E-03,1.424895E+03,4.870714E+02,7.352512E-02,4.214621E-02
06:30:00,2.565845E+04,1.251944E+03,1.322213E+00,1.229619E-01,1.130288E+03,1.353219E+03,5.832939E-02,1.190645E-01,3.222331E+03,1.670760E+03,1.662855E-01,1.492244E-01,1.209180E+03,6.931954E+01,6.239713E-02,6.728950E-03,6.578444E+02,3.718099E+02,3.394898E-02,3.619126E-02,1.310418E+03,1.567321E+02,6.761173E-02,1.487330E-02,1.372366E+03,6.296548E+02,7.081541E-02,5.679070E-02
06:40:00,2.547798E+04,1.768286E+03,1.312925E+00,1.735876E-01,1.099754E+03,1.460099E+03,5.675421E-02,1.330379E-01,3.117890E+03,1.923802E+03,1.608980E-01,1.761751E-01,1.183131E+03,8.853642E+01,6.105338E-02,8.611934E-03,6.506868E+02,4.942130E+02,3.357968E-02,4.819411E-02,1.267000E+03,1.979582E+02,6.537285E-02,1.891329E-02,1.319799E+03,7.473131E+02,6.810414E-02,6.905577E-02
06:50:00,2.529749E+04,2.342350E+03,1.303636E+00,2.298787E-01,1.069202E+03,1.570399E+03,5.517834E-02,1.474502E-01,3.013395E+03,2.168332E+03,1.555081E-01,2.025750E-01,1.157073E+03,1.087988E+02,5.970925E-02,1.059732E-02,6.435268E+02,6.186066E+02,3.321027E-02,6.039299E-02,1.223566E+03,2.397482E+02,6.313341E-02,2.300835E-02,1.267207E+03,8.647814E+02,6.539193E-02,8.138349E-02
07:00:00,2.511699E+04,2.951347E+03,1.294347E+00,2.896023E-01,1.038638E+03,1.683806E+03,5.360198E-02,1.622636E-01,2.908859E+03,2.404448E+03,1.501167E-01,2.283906E-01,1.131008E+03,1.296486E+02,5.836481E-02,1.264027E-02,6.363646E+02,7.449306E+02,3.284075E-02,7.278234E-02,1.180122E+03,2.814888E+02,6.089360E-02,2.709849E-02,1.214598E+03,9.817172E+02,6.267906E-02,9.373884E-02
07:10:00,2.511673E+04,3.256371E+03,1.294346E+00,3.194175E-01,1.038538E+03,1.688553E+03,5.359778E-02,1.655691E-01,2.908517E+03,2.216836E+03,1.501023E-01,2.174911E-01,1.130941E+03,1.242319E+02,5.836199E-02,1.217819E-02,6.363474E+02,7.455134E+02,3.283997E-02,7.310137E-02,1.180002E+03,2.607621E+02,6.088914E-02,2.558849E-02,1.214438E+03,9.510818E+02,6.267265E-02,9.330019E-02
07:20:00,2.511666E+04,3.542732E+03,1.294348E+00,3.474115E-01,1.038459E+03,1.749172E+03,5.359450E-02,1.715600E-01,2.908265E+03,2.250675E+03,1.500919E-01,2.205399E-01,1.130902E+03,1.306424E+02,5.836040E-02,1.280080E-02,6.363378E+02,7.586677E+02,3.283954E-02,7.439907E-02,1.179928E+03,2.639737E+02,6.088654E-02,2.586666E-02,1.214325E+03,9.755544E+02,6.266828E-02,9.560287E-02
07:30:00,2.511659E+04,3.838680E+03,1.294346E+00,3.764572E-01,1.038386E+03,1.789863E+03,5.359144E-02,1.755739E-01,2.908026E+03,2.198399E+03,1.500817E-01,2.154126E-01,1.130857E+03,1.308622E+02,5.835841E-02,1.282241E-02,6.363238E+02,7.656152E+02,3.283887E-02,7.508935E-02,1.179858E+03,2.538723E+02,6.088385E-02,2.487681E-02,1.214219E+03,9.719625E+02,6.266397E-02,9.525061E-02
07:40:00,2.511654E+04,4.134123E+03,1.294344E+00,4.054578E-01,1.038333E+03,1.855161E+03,5.358921E-02,1.819852E-01,2.907851E+03,2.220781E+03,1.500744E-01,2.176008E-01,1.130823E+03,1.385241E+02,5.835688E-02,1.357311E-02,6.363112E+02,7.785512E+02,3.283826E-02,7.636178E-02,1.179813E+03,2.575958E+02,6.088206E-02,2.524122E-02,1.214145E+03,9.937460E+02,6.266094E-02,9.738451E-02
07:50:00,2.511650E+04,4.419833E+03,1.294342E+00,4.335026E-01,1.038294E+03,1.923438E+03,5.358751E-02,1.886898E-01,2.907721E+03,2.240533E+03,1.500687E-01,2.195323E-01,1.130794E+03,1.469746E+02,5.835558E-02,1.440111E-02,6.362990E+02,7.916968E+02,3.283766E-02,7.765396E-02,1.179782E+03,2.618676E+02,6.088069E-02,2.565951E-02,1.214091E+03,1.015013E+03,6.265863E-02,9.946825E-02
08:00:00,2.511647E+04,4.717722E+03,1.294341E+00,4.627387E-01,1.038264E+03,1.995007E+03,5.358618E-02,1.957162E-01,2.907622E+03,2.258829E+03,1.500643E-01,2.213223E-01,1.130770E+03,1.567105E+02,5.835442E-02,1.535507E-02,6.362871E+02,8.050591E+02,3.283707E-02,7.896623E-02,1.179757E+03,2.673568E+02,6.087956E-02,2.619716E-02,1.214049E+03,1.035887E+03,6.265677E-02,1.015136E-01
08:10:00,2.511644E+04,5.012696E+03,1.294339E+00,4.916901E-01,1.038241E+03,2.065288E+03,5.358511E-02,2.026156E-01,2.907543E+03,2.274716E+03,1.500606E-01,2.228774E-01,1.130749E+03,1.672696E+02,5.835338E-02,1.638969E-02,6.362754E+02,8.183074E+02,3.283648E-02,8.026637E-02,1.179738E+03,2.736257E+02,6.087860E-02,2.681128E-02,1.214017E+03,1.055640E+03,6.265524E-02,1.034493E-01
08:20:00,2.511641E+04,5.306046E+03,1.294338E+00,5.204832E-01,1.038223E+03,2.134210E+03,5.358425E-02,2.093810E-01,2.907479E+03,2.287122E+03,1.500576E-01,2.240921E-01,1.130730E+03,1.783820E+02,5.835243E-02,1.747853E-02,6.362642E+02,8.313390E+02,3.283591E-02,8.154466E-02,1.179721E+03,2.804542E+02,6.087777E-02,2.748027E-02,1.213990E+03,1.073984E+03,6.265395E-02,1.052469E-01
08:30:00,2.511639E+04,5.598601E+03,1.294337E+00,5.491983E-01,1.038208E+03,2.201711E+03,5.358354E-02,2.160071E-01,2.907427E+03,2.295285E+03,1.500552E-01,2.248914E-01,1.130713E+03,1.898019E+02,5.835158E-02,1.859750E-02,6.362534E+02,8.440814E+02,3.283537E-02,8.279427E-02,1.179707E+03,2.876282E+02,6.087706E-02,2.818314E-02,1.213968E+03,1.090702E+03,6.265287E-02,1.068852E-01
08:40:00,2.511637E+04,5.890826E+03,1.294335E+00,5.778806E-01,1.038196E+03,2.267733E+03,5.358295E-02,2.224881E-01,2.907383E+03,2.298769E+03,1.500531E-01,2.252324E-01,1.130697E+03,2.014074E+02,5.835080E-02,1.973465E-02,6.362432E+02,8.564762E+02,3.283484E-02,8.400963E-02,1.179695E+03,2.950332E+02,6.087645E-02,2.890866E-02,1.213949E+03,1.105582E+03,6.265194E-02,1.083433E-01
08:50:00,2.511635E+04,6.182379E+03,1.294334E+00,6.064979E-01,1.038186E+03,2.332257E+03,5.358246E-02,2.288224E-01,2.907347E+03,2.297490E+03,1.500513E-01,2.251069E-01,1.130683E+03,2.131149E+02,5.835009E-02,2.088179E-02,6.362335E+02,8.684764E+02,3.283435E-02,8.518621E-02,1.179685E+03,3.027046E+02,6.087592E-02,2.966030E-02,1.213933E+03,1.118486E+03,6.265115E-02,1.096077E-01
09:00:00,2.511633E+04,6.474272E+03,1.294333E+00,6.351495E-01,1.038177E+03,2.395560E+03,5.358204E-02,2.350370E-01,2.907316E+03,2.291466E+03,1.500497E-01,2.245165E-01,1.130671E+03,2.248495E+02,5.834944E-02,2.203159E-02,6.362244E+02,8.800433E+02,3.283389E-02,8.632028E-02,1.179675E+03,3.106367E+02,6.087545E-02,3.043749E-02,1.213919E+03,1.129511E+03,6.265045E-02,1.106880E-01
09:10:00,2.511631E+04,6.759844E+03,1.294333E+00,6.631817E-01,1.038170E+03,2.455830E+03,5.358168E-02,2.409542E-01,2.907289E+03,2.280447E+03,1.500484E-01,2.234368E-01,1.130659E+03,2.363877E+02,5.834885E-02,2.316213E-02,6.362159E+02,8.910673E+02,3.283345E-02,8.740109E-02,1.179667E+03,3.186701E+02,6.087502E-02,3.122462E-02,1.213907E+03,1.138620E+03,6.264984E-02,1.115806E-01
09:20:00,2.511629E+04,7.039827E+03,1.294332E+00,6.906653E-01,1.038164E+03,2.513347E+03,5.358137E-02,2.466012E-01,2.907265E+03,2.264555E+03,1.500472E-01,2.218797E-01,1.130649E+03,2.476645E+02,5.834831E-02,2.426706E-02,6.362080E+02,9.015291E+02,3.283304E-02,8.842675E-02,1.179660E+03,3.268015E+02,6.087464E-02,3.202135E-02,1.213897E+03,1.145971E+03,6.264929E-02,1.123008E-01
09:30:00,2.511628E+04,7.314797E+03,1.294331E+00,7.176574E-01,1.038158E+03,2.568326E+03,5.358110E-02,2.519991E-01,2.907244E+03,2.244002E+03,1.500461E-01,2.198658E-01,1.130639E+03,2.586097E+02,5.834782E-02,2.533949E-02,6.362006E+02,9.114194E+02,3.283266E-02,8.939636E-02,1.179653E+03,3.350672E+02,6.087429E-02,3.283124E-02,1.213887E+03,1.151685E+03,6.264879E-02,1.128608E-01
09:40:00,2.511627E+04,7.585234E+03,1.294330E+00,7.442049E-01,1.038153E+03,2.620969E+03,5.358085E-02,2.571678E-01,2.907225E+03,2.219055E+03,1.500452E-01,2.174215E-01,1.130630E+03,2.691877E+02,5.834737E-02,2.637595E-02,6.361937E+02,9.207380E+02,3.283231E-02,9.030991E-02,1.179647E+03,3.434721E+02,6.087397E-02,3.365477E-02,1.213878E+03,1.155896E+03,6.264834E-02,1.132733E-01
09:50:00,2.511625E+04,7.851550E+03,1.294330E+00,7.703484E-01,1.038149E+03,2.671473E+03,5.358064E-02,2.621267E-01,2.907208E+03,2.190056E+03,1.500443E-01,2.145802E-01,1.130622E+03,2.794191E+02,5.834696E-02,2.737843E-02,6.361874E+02,9.294915E+02,3.283198E-02,9.116805E-02,1.179641E+03,3.519215E+02,6.087367E-02,3.448266E-02,1.213870E+03,1.158724E+03,6.264793E-02,1.135505E-01
10:00:00,2.511624E+04,8.113902E+03,1.294329E+00,7.961031E-01,1.038145E+03,2.719726E+03,5.358044E-02,2.668648E-01,2.907193E+03,2.157826E+03,1.500435E-01,2.114223E-01,1.130615E+03,2.894661E+02,5.834658E-02,2.836284E-02,6.361815E+02,9.376919E+02,3.283168E-02,9.197198E-02,1.179636E+03,3.605661E+02,6.087340E-02,3.532968E-02,1.213863E+03,1.160054E+03,6.264756E-02,1.136807E-01
10:10:00,2.511623E+04,8.370826E+03,1.294328E+00,8.213251E-01,1.038142E+03,2.765624E+03,5.358026E-02,2.713718E-01,2.907179E+03,2.122811E+03,1.500428E-01,2.079915E-01,1.130608E+03,2.992735E+02,5.834623E-02,2.932378E-02,6.361760E+02,9.453564E+02,3.283139E-02,9.272335E-02,1.179631E+03,3.692851E+02,6.087314E-02,3.618399E-02,1.213856E+03,1.159765E+03,6.264721E-02,1.136524E-01
10:20:00,2.511622E+04,8.621327E+03,1.294328E+00,8.459168E-01,1.038139E+03,2.809205E+03,5.358010E-02,2.756516E-01,2.907166E+03,2.085567E+03,1.500421E-01,2.043424E-01,1.130602E+03,3.088115E+02,5.834591E-02,3.025831E-02,6.361709E+02,9.525024E+02,3.283113E-02,9.342390E-02,1.179626E+03,3.779836E+02,6.087291E-02,3.703630E-02,1.213850E+03,1.157812E+03,6.264688E-02,1.134609E-01
10:30:00,2.511621E+04,8.865148E+03,1.294327E+00,8.698528E-01,1.038136E+03,2.850622E+03,5.357996E-02,2.797191E-01,2.907154E+03,2.047061E+03,1.500415E-01,2.005695E-01,1.130596E+03,3.180926E+02,5.834561E-02,3.116767E-02,6.361662E+02,9.591433E+02,3.283089E-02,9.407494E-02,1.179622E+03,3.866636E+02,6.087268E-02,3.788680E-02,1.213844E+03,1.154288E+03,6.264658E-02,1.131156E-01
10:40:00,2.511620E+04,9.102001E+03,1.294327E+00,8.931050E-01,1.038133E+03,2.890099E+03,5.357982E-02,2.835964E-01,2.907143E+03,2.008882E+03,1.500410E-01,1.968289E-01,1.130591E+03,3.271048E+02,5.834534E-02,3.205069E-02,6.361618E+02,9.652891E+02,3.283066E-02,9.467743E-02,1.179618E+03,3.952698E+02,6.087247E-02,3.873006E-02,1.213838E+03,1.149318E+03,6.264629E-02,1.126285E-01
10:50:00,2.511619E+04,9.332799E+03,1.294326E+00,9.157631E-01,1.038131E+03,2.928764E+03,5.357970E-02,2.873942E-01,2.907133E+03,1.973728E+03,1.500404E-01,1.933845E-01,1.130586E+03,3.357933E+02,5.834509E-02,3.290199E-02,6.361578E+02,9.709481E+02,3.283046E-02,9.523220E-02,1.179614E+03,4.038076E+02,6.087228E-02,3.956662E-02,1.213833E+03,1.143898E+03,6.264603E-02,1.120972E-01
11:00:00,2.511618E+04,9.557816E+03,1.294326E+00,9.378539E-01,1.038129E+03,2.967927E+03,5.357958E-02,2.912412E-01,2.907123E+03,1.943414E+03,1.500399E-01,1.904143E-01,1.130581E+03,3.439759E+02,5.834485E-02,3.370372E-02,6.361540E+02,9.761354E+02,3.283026E-02,9.574073E-02,1.179610E+03,4.120351E+02,6.087209E-02,4.037278E-02,1.213828E+03,1.139351E+03,6.264577E-02,1.116516E-01
11:10:00,2.511617E+04,9.771871E+03,1.294325E+00,9.588690E-01,1.038127E+03,3.006461E+03,5.357947E-02,2.950267E-01,2.907114E+03,1.919112E+03,1.500395E-01,1.880332E-01,1.130577E+03,3.515964E+02,5.834464E-02,3.445037E-02,6.361505E+02,9.808238E+02,3.283008E-02,9.620034E-02,1.179607E+03,4.199121E+02,6.087191E-02,4.114459E-02,1.213824E+03,1.136030E+03,6.264553E-02,1.113262E-01
11:20:00,2.511616E+04,9.975494E+03,1.294325E+00,9.788596E-01,1.038125E+03,3.044593E+03,5.357937E-02,2.987728E-01,2.907106E+03,1.901443E+03,1.500390E-01,1.863021E-01,1.130573E+03,3.586979E+02,5.834443E-02,3.514618E-02,6.361473E+02,9.850627E+02,3.282991E-02,9.661588E-02,1.179603E+03,4.274807E+02,6.087174E-02,4.188618E-02,1.213819E+03,1.134402E+03,6.264530E-02,1.111667E-01
11:30:00,2.511615E+04,1.016876E+04,1.294324E+00,9.978331E-01,1.038123E+03,3.082461E+03,5.357928E-02,3.024927E-01,2.907098E+03,1.890404E+03,1.500386E-01,1.852205E-01,1.130570E+03,3.653194E+02,5.834425E-02,3.579495E-02,6.361443E+02,9.889165E+02,3.282976E-02,9.699367E-02,1.179600E+03,4.347050E+02,6.087158E-02,4.259404E-02,1.213815E+03,1.134743E+03,6.264509E-02,1.112002E-01
11:40:00,2.511615E+04,1.035191E+04,1.294324E+00,1.015814E+00,1.038121E+03,3.120120E+03,5.357919E-02,3.061917E-01,2.907090E+03,1.885258E+03,1.500382E-01,1.847163E-01,1.130566E+03,3.715096E+02,5.834407E-02,3.640146E-02,6.361415E+02,9.924589E+02,3.282961E-02,9.734093E-02,1.179597E+03,4.416121E+02,6.087143E-02,4.327081E-02,1.213811E+03,1.137318E+03,6.264488E-02,1.114526E-01
11:50:00,2.511614E+04,1.052401E+04,1.294324E+00,1.032709E+00,1.038119E+03,3.156699E+03,5.357911E-02,3.097845E-01,2.907083E+03,1.883983E+03,1.500378E-01,1.845915E-01,1.130563E+03,3.773214E+02,5.834391E-02,3.697089E-02,6.361388E+02,9.957665E+02,3.282948E-02,9.766519E-02,1.179595E+03,4.481754E+02,6.087128E-02,4.391390E-02,1.213807E+03,1.141462E+03,6.264468E-02,1.118587E-01
12:00:00,2.511613E+04,1.068410E+04,1.294323E+00,1.048425E+00,1.038118E+03,3.191218E+03,5.357903E-02,3.131746E-01,2.907076E+03,1.884920E+03,1.500375E-01,1.846833E-01,1.130560E+03,3.828050E+02,5.834375E-02,3.750818E-02,6.361364E+02,9.989100E+02,3.282935E-02,9.797337E-02,1.179592E+03,4.544225E+02,6.087114E-02,4.452601E-02,1.213803E+03,1.146284E+03,6.264449E-02,1.123313E-01
12:10:00,2.511613E+04,1.083772E+04,1.294323E+00,1.063507E+00,1.038116E+03,3.224944E+03,5.357895E-02,3.164863E-01,2.907069E+03,1.887317E+03,1.500371E-01,1.849182E-01,1.130557E+03,3.881062E+02,5.834361E-02,3.802759E-02,6.361341E+02,1.001999E+03,3.282923E-02,9.827626E-02,1.179589E+03,4.604578E+02,6.087100E-02,4.511736E-02,1.213800E+03,1.151649E+03,6.264431E-02,1.128572E-01
12:20:00,2.511612E+04,1.098472E+04,1.294323E+00,1.077938E+00,1.038115E+03,3.257740E+03,5.357888E-02,3.197065E-01,2.907063E+03,1.890830E+03,1.500368E-01,1.852623E-01,1.130555E+03,3.932576E+02,5.834348E-02,3.853232E-02,6.361320E+02,1.005061E+03,3.282912E-02,9.857647E-02,1.179587E+03,4.662983E+02,6.087087E-02,4.568962E-02,1.213796E+03,1.157343E+03,6.264413E-02,1.134152E-01
12:30:00,2.511611E+04,1.112519E+04,1.294322E+00,1.091728E+00,1.038114E+03,3.289497E+03,5.357882E-02,3.228247E-01,2.907057E+03,1.895219E+03,1.500365E-01,1.856924E-01,1.130552E+03,3.982762E+02,5.834335E-02,3.902405E-02,6.361299E+02,1.008108E+03,3.282902E-02,9.887521E-02,1.179584E+03,4.719525E+02,6.087075E-02,4.624364E-02,1.213793E+03,1.163204E+03,6.264396E-02,1.139895E-01
12:40:00,2.511611E+04,1.125920E+04,1.294322E+00,1.104884E+00,1.038113E+03,3.320106E+03,5.357875E-02,3.258302E-01,2.907051E+03,1.900285E+03,1.500362E-01,1.861888E-01,1.130550E+03,4.031697E+02,5.834323E-02,3.950351E-02,6.361281E+02,1.011141E+03,3.282892E-02,9.917266E-02,1.179582E+03,4.774260E+02,6.087063E-02,4.677994E-02,1.213790E+03,1.169063E+03,6.264380E-02,1.145637E-01
12:50:00,2.511610E+04,1.138680E+04,1.294322E+00,1.117411E+00,1.038111E+03,3.349463E+03,5.357869E-02,3.287128E-01,2.907046E+03,1.905875E+03,1.500359E-01,1.867365E-01,1.130548E+03,4.079381E+02,5.834312E-02,3.997073E-02,6.361263E+02,1.014156E+03,3.282883E-02,9.946830E-02,1.179580E+03,4.827203E+02,6.087051E-02,4.729869E-02,1.213787E+03,1.174780E+03,6.264364E-02,1.151239E-01
13:00:00,2.511610E+04,1.150796E+04,1.294322E+00,1.129306E+00,1.038110E+03,3.377423E+03,5.357863E-02,3.314582E-01,2.907041E+03,1.911848E+03,1.500357E-01,1.873218E-01,1.130546E+03,4.125779E+02,5.834301E-02,4.042534E-02,6.361246E+02,1.017143E+03,3.282875E-02,9.976120E-02,1.179577E+03,4.878354E+02,6.087040E-02,4.779989E-02,1.213784E+03,1.180166E+03,6.264349E-02,1.156517E-01
13:10:00,2.511609E+04,1.162064E+04,1.294321E+00,1.140368E+00,1.038109E+03,3.403342E+03,5.357858E-02,3.340033E-01,2.907036E+03,1.917990E+03,1.500354E-01,1.879235E-01,1.130544E+03,4.170403E+02,5.834291E-02,4.086256E-02,6.361231E+02,1.020072E+03,3.282866E-02,1.000484E-01,1.179575E+03,4.927215E+02,6.087029E-02,4.827863E-02,1.213781E+03,1.185016E+03,6.264334E-02,1.161270E-01
13:20:00,2.511609E+04,1.172481E+04,1.294321E+00,1.150595E+00,1.038108E+03,3.427175E+03,5.357852E-02,3.363436E-01,2.907031E+03,1.924184E+03,1.500352E-01,1.885304E-01,1.130542E+03,4.213199E+02,5.834281E-02,4.128188E-02,6.361216E+02,1.022931E+03,3.282859E-02,1.003288E-01,1.179573E+03,4.973760E+02,6.087018E-02,4.873469E-02,1.213778E+03,1.189235E+03,6.264320E-02,1.165404E-01
13:30:00,2.511608E+04,1.182068E+04,1.294321E+00,1.160008E+00,1.038107E+03,3.448861E+03,5.357847E-02,3.384732E-01,2.907026E+03,1.930326E+03,1.500349E-01,1.891322E-01,1.130540E+03,4.254049E+02,5.834272E-02,4.168214E-02,6.361202E+02,1.025706E+03,3.282852E-02,1.006009E-01,1.179571E+03,5.018949E+02,6.087008E-02,4.917747E-02,1.213776E+03,1.192729E+03,6.264306E-02,1.168828E-01
13:40:00,2.511608E+04,1.191597E+04,1.294320E+00,1.169362E+00,1.038106E+03,3.468393E+03,5.357842E-02,3.403915E-01,2.907022E+03,1.936318E+03,1.500347E-01,1.897193E-01,1.130538E+03,4.292852E+02,5.834263E-02,4.206233E-02,6.361189E+02,1.028384E+03,3.282845E-02,1.008635E-01,1.179569E+03,5.079896E+02,6.086998E-02,4.977465E-02,1.213773E+03,1.195445E+03,6.264293E-02,1.171490E-01
13:50:00,2.511607E+04,1.201473E+04,1.294320E+00,1.179058E+00,1.038105E+03,3.485736E+03,5.357838E-02,3.420950E-01,2.907017E+03,1.942068E+03,1.500345E-01,1.902826E-01,1.130537E+03,4.329555E+02,5.834255E-02,4.242196E-02,6.361176E+02,1.030958E+03,3.282838E-02,1.011159E-01,1.179567E+03,5.165046E+02,6.086988E-02,5.060898E-02,1.213771E+03,1.197305E+03,6.264280E-02,1.173312E-01
14:00:00,2.511607E+04,1.211905E+04,1.294320E+00,1.189300E+00,1.038104E+03,3.500923E+03,5.357833E-02,3.435871E-01,2.907013E+03,1.947484E+03,1.500342E-01,1.908133E-01,1.130535E+03,4.364243E+02,5.834247E-02,4.276183E-02,6.361164E+02,1.033436E+03,3.282832E-02,1.013588E-01,1.179566E+03,5.280349E+02,6.086979E-02,5.173877E-02,1.213768E+03,1.198278E+03,6.264267E-02,1.174265E-01
14:10:00,2.511606E+04,1.222635E+04,1.294320E+00,1.199835E+00,1.038104E+03,3.512975E+03,5.357829E-02,3.447717E-01,2.907009E+03,1.952309E+03,1.500340E-01,1.912861E-01,1.130534E+03,4.396312E+02,5.834240E-02,4.307605E-02,6.361153E+02,1.035802E+03,3.282826E-02,1.015908E-01,1.179564E+03,5.429173E+02,6.086970E-02,5.319704E-02,1.213766E+03,1.198208E+03,6.264255E-02,1.174197E-01
14:20:00,2.511606E+04,1.233782E+04,1.294320E+00,1.210778E+00,1.038103E+03,3.521908E+03,5.357824E-02,3.456507E-01,2.907005E+03,1.956433E+03,1.500338E-01,1.916901E-01,1.130532E+03,4.426010E+02,5.834232E-02,4.336703E-02,6.361142E+02,1.038088E+03,3.282821E-02,1.018149E-01,1.179562E+03,5.615428E+02,6.086961E-02,5.502207E-02,1.213763E+03,1.197060E+03,6.264243E-02,1.173071E-01
14:30:00,2.511606E+04,1.245380E+04,1.294319E+00,1.222163E+00,1.038102E+03,3.527490E+03,5.357820E-02,3.462010E-01,2.907001E+03,1.958952E+03,1.500336E-01,1.919370E-01,1.130531E+03,4.451836E+02,5.834226E-02,4.362007E-02,6.361132E+02,1.040328E+03,3.282816E-02,1.020346E-01,1.179560E+03,5.841098E+02,6.086952E-02,5.723331E-02,1.213761E+03,1.194655E+03,6.264232E-02,1.170714E-01
14:40:00,2.511605E+04,1.256711E+04,1.294319E+00,1.233285E+00,1.038101E+03,3.529768E+03,5.357816E-02,3.464267E-01,2.906998E+03,1.960185E+03,1.500335E-01,1.920577E-01,1.130530E+03,4.474626E+02,5.834219E-02,4.384337E-02,6.361123E+02,1.042553E+03,3.282811E-02,1.022527E-01,1.179559E+03,6.091795E+02,6.086944E-02,5.968978E-02,1.213759E+03,1.191059E+03,6.264220E-02,1.167189E-01
14:50:00,2.511605E+04,1.267394E+04,1.294319E+00,1.243771E+00,1.038100E+03,3.528813E+03,5.357813E-02,3.463345E-01,2.906994E+03,1.960215E+03,1.500333E-01,1.920606E-01,1.130529E+03,4.495030E+02,5.834213E-02,4.404329E-02,6.361113E+02,1.044784E+03,3.282806E-02,1.024714E-01,1.179557E+03,6.360913E+02,6.086936E-02,6.232675E-02,1.213757E+03,1.186355E+03,6.264209E-02,1.162580E-01
15:00:00,2.511604E+04,1.277237E+04,1.294319E+00,1.253431E+00,1.038100E+03,3.524619E+03,5.357809E-02,3.459239E-01,2.906991E+03,1.959038E+03,1.500331E-01,1.919454E-01,1.130527E+03,4.513213E+02,5.834206E-02,4.422144E-02,6.361104E+02,1.047024E+03,3.282801E-02,1.026911E-01,1.179556E+03,6.643877E+02,6.086928E-02,6.509936E-02,1.213755E+03,1.180574E+03,6.264199E-02,1.156914E-01
15:10:00,2.511604E+04,1.285894E+04,1.294319E+00,1.261927E+00,1.038099E+03,3.516575E+03,5.357805E-02,3.451347E-01,2.906987E+03,1.956469E+03,1.500329E-01,1.916937E-01,1.130526E+03,4.528656E+02,5.834201E-02,4.437275E-02,6.361096E+02,1.049245E+03,3.282797E-02,1.029089E-01,1.179554E+03,6.936502E+02,6.086920E-02,6.796663E-02,1.213753E+03,1.173671E+03,6.264188E-02,1.150150E-01
15:20:00,2.511604E+04,1.293267E+04,1.294318E+00,1.269161E+00,1.038098E+03,3.504756E+03,5.357802E-02,3.439739E-01,2.906984E+03,1.952528E+03,1.500328E-01,1.913075E-01,1.130525E+03,4.541227E+02,5.834195E-02,4.449592E-02,6.361088E+02,1.051425E+03,3.282793E-02,1.031226E-01,1.179553E+03,7.235063E+02,6.086913E-02,7.089205E-02,1.213751E+03,1.165772E+03,6.264178E-02,1.142409E-01
15:30:00,2.511603E+04,1.299460E+04,1.294318E+00,1.275236E+00,1.038098E+03,3.489922E+03,5.357798E-02,3.425164E-01,2.906981E+03,1.948007E+03,1.500326E-01,1.908645E-01,1.130524E+03,4.552467E+02,5.834190E-02,4.460605E-02,6.361080E+02,1.053537E+03,3.282789E-02,1.033297E-01,1.179551E+03,7.536284E+02,6.086906E-02,7.384352E-02,1.213749E+03,1.157614E+03,6.264168E-02,1.134413E-01
15:40:00,2.511603E+04,1.304447E+04,1.294318E+00,1.280128E+00,1.038097E+03,3.472283E+03,5.357795E-02,3.407833E-01,2.906978E+03,1.942478E+03,1.500324E-01,1.903227E-01,1.130523E+03,4.561495E+02,5.834184E-02,4.469450E-02,6.361073E+02,1.055556E+03,3.282785E-02,1.035276E-01,1.179550E+03,7.836519E+02,6.086899E-02,7.678532E-02,1.213747E+03,1.149403E+03,6.264159E-02,1.126367E-01
15:50:00,2.511603E+04,1.308156E+04,1.294318E+00,1.283764E+00,1.038096E+03,3.451934E+03,5.357792E-02,3.387843E-01,2.906975E+03,1.935766E+03,1.500323E-01,1.896652E-01,1.130522E+03,4.567561E+02,5.834179E-02,4.475393E-02,6.361066E+02,1.057464E+03,3.282781E-02,1.037147E-01,1.179549E+03,8.132655E+02,6.086892E-02,7.968695E-02,1.213745E+03,1.141248E+03,6.264150E-02,1.118375E-01
16:00:00,2.511602E+04,1.310506E+04,1.294318E+00,1.286066E+00,1.038096E+03,3.428956E+03,5.357789E-02,3.365273E-01,2.906972E+03,1.927789E+03,1.500321E-01,1.888836E-01,1.130521E+03,4.570216E+02,5.834174E-02,4.477995E-02,6.361059E+02,1.059248E+03,3.282778E-02,1.038896E-01,1.179547E+03,8.421426E+02,6.086885E-02,8.251641E-02,1.213744E+03,1.133269E+03,6.264141E-02,1.110556E-01
16:10:00,2.511602E+04,1.312215E+04,1.294318E+00,1.287739E+00,1.038095E+03,3.405585E+03,5.357786E-02,3.342318E-01,2.906970E+03,1.918942E+03,1.500320E-01,1.880167E-01,1.130520E+03,4.570786E+02,5.834170E-02,4.478552E-02,6.361052E+02,1.060970E+03,3.282774E-02,1.040584E-01,1.179546E+03,8.701878E+02,6.086878E-02,8.526435E-02,1.213742E+03,1.125847E+03,6.264132E-02,1.103283E-01
16:20:00,2.511602E+04,1.313169E+04,1.294317E+00,1.288671E+00,1.038095E+03,3.381811E+03,5.357783E-02,3.318968E-01,2.906967E+03,1.909179E+03,1.500319E-01,1.870601E-01,1.130519E+03,4.568899E+02,5.834165E-02,4.476704E-02,6.361046E+02,1.062617E+03,3.282771E-02,1.042198E-01,1.179545E+03,8.970998E+02,6.086872E-02,8.790125E-02,1.213740E+03,1.118993E+03,6.264123E-02,1.096567E-01
16:30:00,2.511602E+04,1.313073E+04,1.294317E+00,1.288573E+00,1.038094E+03,3.357202E+03,5.357780E-02,3.294801E-01,2.906964E+03,1.898491E+03,1.500317E-01,1.860129E-01,1.130519E+03,4.564248E+02,5.834161E-02,4.472146E-02,6.361040E+02,1.064174E+03,3.282768E-02,1.043724E-01,1.179544E+03,9.226005E+02,6.086866E-02,9.039987E-02,1.213739E+03,1.112259E+03,6.264115E-02,1.089967E-01
16:40:00,2.511601E+04,1.311758E+04,1.294317E+00,1.287278E+00,1.038094E+03,3.331556E+03,5.357777E-02,3.269615E-01,2.906962E+03,1.886872E+03,1.500316E-01,1.848745E-01,1.130518E+03,4.556514E+02,5.834156E-02,4.464567E-02,6.361034E+02,1.065625E+03,3.282765E-02,1.045147E-01,1.179543E+03,9.463983E+02,6.086860E-02,9.273162E-02,1.213737E+03,1.105451E+03,6.264106E-02,1.083296E-01
16:50:00,2.511601E+04,1.309126E+04,1.294317E+00,1.284690E+00,1.038093E+03,3.304790E+03,5.357775E-02,3.243331E-01,2.906959E+03,1.874317E+03,1.500315E-01,1.836444E-01,1.130517E+03,4.545376E+02,5.834152E-02,4.453654E-02,6.361028E+02,1.066945E+03,3.282762E-02,1.046441E-01,1.179541E+03,9.682253E+02,6.086854E-02,9.487027E-02,1.213735E+03,1.098495E+03,6.264098E-02,1.076479E-01
17:00:00,2.511601E+04,1.305105E+04,1.294317E+00,1.280738E+00,1.038093E+03,3.276850E+03,5.357772E-02,3.215892E-01,2.906957E+03,1.860991E+03,1.500313E-01,1.823387E-01,1.130516E+03,4.531184E+02,5.834148E-02,4.439747E-02,6.361023E+02,1.068105E+03,3.282759E-02,1.047577E-01,1.179540E+03,9.878372E+02,6.086848E-02,9.679187E-02,1.213734E+03,1.091312E+03,6.264091E-02,1.069440E-01
17:10:00,2.511600E+04,1.299658E+04,1.294317E+00,1.275387E+00,1.038092E+03,3.247692E+03,5.357770E-02,3.187259E-01,2.906954E+03,1.847706E+03,1.500312E-01,1.810371E-01,1.130515E+03,4.516720E+02,5.834144E-02,4.425575E-02,6.361018E+02,1.069070E+03,3.282756E-02,1.048523E-01,1.179539E+03,1.005143E+03,6.086842E-02,9.848753E-02,1.213732E+03,1.083856E+03,6.264083E-02,1.062134E-01
17:20:00,2.511600E+04,1.292753E+04,1.294317E+00,1.268604E+00,1.038092E+03,3.217279E+03,5.357767E-02,3.157393E-01,2.906952E+03,1.835250E+03,1.500311E-01,1.798166E-01,1.130515E+03,4.504860E+02,5.834141E-02,4.413954E-02,6.361013E+02,1.069810E+03,3.282754E-02,1.049248E-01,1.179538E+03,1.020098E+03,6.086837E-02,9.995278E-02,1.213731E+03,1.076076E+03,6.264076E-02,1.054510E-01
17:30:00,2.511600E+04,1.284345E+04,1.294317E+00,1.260347E+00,1.038091E+03,3.185575E+03,5.357765E-02,3.126260E-01,2.906950E+03,1.824234E+03,1.500310E-01,1.787373E-01,1.130514E+03,4.497955E+02,5.834137E-02,4.407188E-02,6.361008E+02,1.070301E+03,3.282751E-02,1.049729E-01,1.179537E+03,1.032640E+03,6.086832E-02,1.011817E-01,1.213730E+03,1.067936E+03,6.264068E-02,1.046533E-01
17:40:00,2.511600E+04,1.274005E+04,1.294316E+00,1.250193E+00,1.038091E+03,3.152187E+03,5.357762E-02,3.093474E-01,2.906948E+03,1.814159E+03,1.500309E-01,1.777501E-01,1.130513E+03,4.495860E+02,5.834134E-02,4.405135E-02,6.361003E+02,1.070525E+03,3.282749E-02,1.049947E-01,1.179536E+03,1.042049E+03,6.086826E-02,1.021036E-01,1.213728E+03,1.059032E+03,6.264061E-02,1.037807E-01
17:50:00,2.511599E+04,1.261880E+04,1.294316E+00,1.238285E+00,1.038090E+03,3.117250E+03,5.357760E-02,3.059166E-01,2.906946E+03,1.805776E+03,1.500308E-01,1.769288E-01,1.130513E+03,4.500558E+02,5.834130E-02,4.409739E-02,6.360998E+02,1.070458E+03,3.282746E-02,1.049881E-01,1.179535E+03,1.048602E+03,6.086821E-02,1.027456E-01,1.213727E+03,1.049529E+03,6.264054E-02,1.028494E-01
18:00:00,2.511599E+04,1.247999E+04,1.294316E+00,1.224655E+00,1.038090E+03,3.080852E+03,5.357758E-02,3.023425E-01,2.906944E+03,1.799294E+03,1.500307E-01,1.762937E-01,1.130512E+03,4.512343E+02,5.834127E-02,4.421286E-02,6.360994E+02,1.070072E+03,3.282744E-02,1.049501E-01,1.179534E+03,1.052296E+03,6.086816E-02,1.031075E-01,1.213726E+03,1.039483E+03,6.264048E-02,1.018650E-01
18:10:00,2.529623E+04,1.231679E+04,1.303605E+00,1.208631E+00,1.068562E+03,3.041371E+03,5.515028E-02,2.984657E-01,3.011163E+03,1.793733E+03,1.554096E-01,1.757489E-01,1.156515E+03,4.527046E+02,5.968320E-02,4.435693E-02,6.432460E+02,1.069290E+03,3.319626E-02,1.048733E-01,1.222864E+03,1.052717E+03,6.310414E-02,1.031488E-01,1.266184E+03,1.028693E+03,6.534788E-02,1.008075E-01
18:20:00,2.547668E+04,1.212818E+04,1.312896E+00,1.190113E+00,1.099043E+03,2.998785E+03,5.672341E-02,2.942841E-01,3.115424E+03,1.788115E+03,1.607903E-01,1.751984E-01,1.182544E+03,4.540848E+02,6.102622E-02,4.449218E-02,6.504015E+02,1.068093E+03,3.356549E-02,1.047558E-01,1.266227E+03,1.049499E+03,6.534139E-02,1.028334E-01,1.318665E+03,1.017151E+03,6.805618E-02,9.967651E-02
18:30:00,2.565711E+04,1.191331E+04,1.322185E+00,1.169016E+00,1.129551E+03,2.953080E+03,5.829768E-02,2.897962E-01,3.219774E+03,1.781532E+03,1.661747E-01,1.745534E-01,1.208577E+03,4.549872E+02,6.236936E-02,4.458060E-02,6.575554E+02,1.066463E+03,3.393463E-02,1.045958E-01,1.309616E+03,1.042282E+03,6.757949E-02,1.021263E-01,1.371191E+03,1.004856E+03,7.076629E-02,9.847163E-02
18:40:00,2.583759E+04,1.167406E+04,1.331473E+00,1.145526E+00,1.160088E+03,2.904610E+03,5.987305E-02,2.850368E-01,3.324222E+03,1.774046E+03,1.715631E-01,1.738200E-01,1.234626E+03,4.552210E+02,6.371316E-02,4.460351E-02,6.647128E+02,1.064377E+03,3.430392E-02,1.043912E-01,1.353037E+03,1.031128E+03,6.981864E-02,1.010333E-01,1.423764E+03,9.921798E+02,7.347806E-02,9.722936E-02
18:50:00,2.601808E+04,1.140749E+04,1.340762E+00,1.119356E+00,1.190643E+03,2.853205E+03,6.144914E-02,2.799894E-01,3.428734E+03,1.764388E+03,1.769538E-01,1.728736E-01,1.260685E+03,4.543349E+02,6.505736E-02,4.451669E-02,6.718727E+02,1.061816E+03,3.467333E-02,1.041399E-01,1.396474E+03,1.015257E+03,7.205826E-02,9.947814E-02,1.476364E+03,9.789374E+02,7.619071E-02,9.593164E-02
19:00:00,2.619857E+04,1.111232E+04,1.350051E+00,1.090378E+00,1.221211E+03,2.798747E+03,6.302571E-02,2.746422E-01,3.533286E+03,1.751564E+03,1.823461E-01,1.716172E-01,1.286751E+03,4.519292E+02,6.640184E-02,4.428097E-02,6.790348E+02,1.058758E+03,3.504284E-02,1.038399E-01,1.439921E+03,9.942287E+02,7.429815E-02,9.741771E-02,1.528980E+03,9.650539E+02,7.890388E-02,9.457111E-02
19:10:00,2.619884E+04,1.080195E+04,1.350052E+00,1.059906E+00,1.221315E+03,2.745997E+03,6.302988E-02,2.694626E-01,3.533644E+03,1.734472E+03,1.823604E-01,1.699425E-01,1.286819E+03,4.476316E+02,6.640460E-02,4.385987E-02,6.790519E+02,1.055348E+03,3.504361E-02,1.035053E-01,1.440042E+03,9.670856E+02,7.430224E-02,9.475810E-02,1.529146E+03,9.510095E+02,7.890996E-02,9.319480E-02
19:20:00,2.619891E+04,1.048144E+04,1.350049E+00,1.028442E+00,1.221416E+03,2.695068E+03,6.303389E-02,2.644620E-01,3.533980E+03,1.713298E+03,1.823737E-01,1.678679E-01,1.286866E+03,4.413296E+02,6.640649E-02,4.324238E-02,6.790623E+02,1.051528E+03,3.504408E-02,1.031306E-01,1.440135E+03,9.346328E+02,7.430528E-02,9.157822E-02,1.529298E+03,9.369080E+02,7.891550E-02,9.181289E-02
19:30:00,2.619898E+04,1.015170E+04,1.350051E+00,9.960733E-01,1.221493E+03,2.646034E+03,6.303696E-02,2.596477E-01,3.534240E+03,1.687547E+03,1.823839E-01,1.653448E-01,1.286913E+03,4.326320E+02,6.640846E-02,4.239015E-02,6.790765E+02,1.047227E+03,3.504475E-02,1.027087E-01,1.440206E+03,8.966544E+02,7.430770E-02,8.785694E-02,1.529410E+03,9.228087E+02,7.891952E-02,9.043122E-02
19:40:00,2.619903E+04,9.814668E+03,1.350053E+00,9.629892E-01,1.221547E+03,2.598885E+03,6.303909E-02,2.550187E-01,3.534416E+03,1.656175E+03,1.823909E-01,1.622710E-01,1.286948E+03,4.211083E+02,6.640995E-02,4.126101E-02,6.790893E+02,1.042373E+03,3.504536E-02,1.022326E-01,1.440248E+03,8.531580E+02,7.430922E-02,8.359497E-02,1.529480E+03,9.087012E+02,7.892214E-02,8.904874E-02
19:50:00,2.619907E+04,9.478403E+03,1.350055E+00,9.299819E-01,1.221584E+03,2.553677E+03,6.304064E-02,2.505804E-01,3.534536E+03,1.619266E+03,1.823959E-01,1.586547E-01,1.286975E+03,4.066885E+02,6.641121E-02,3.984810E-02,6.791016E+02,1.036889E+03,3.504596E-02,1.016947E-01,1.440276E+03,8.057735E+02,7.431043E-02,7.895204E-02,1.529527E+03,8.946408E+02,7.892409E-02,8.767089E-02
20:00:00,2.619910E+04,9.151796E+03,1.350056E+00,8.979241E-01,1.221610E+03,2.510325E+03,6.304183E-02,2.463244E-01,3.534624E+03,1.577568E+03,1.823998E-01,1.545691E-01,1.286999E+03,3.896472E+02,6.641233E-02,3.817833E-02,6.791137E+02,1.030700E+03,3.504656E-02,1.010877E-01,1.440298E+03,7.564226E+02,7.431149E-02,7.411645E-02,1.529563E+03,8.805145E+02,7.892570E-02,8.628658E-02
20:10:00,2.619913E+04,8.845499E+03,1.350058E+00,8.678618E-01,1.221631E+03,2.468213E+03,6.304277E-02,2.421905E-01,3.534691E+03,1.535380E+03,1.824029E-01,1.504355E-01,1.287019E+03,3.713866E+02,6.641335E-02,3.638909E-02,6.791255E+02,1.023723E+03,3.504715E-02,1.004033E-01,1.440317E+03,7.091607E+02,7.431243E-02,6.948555E-02,1.529591E+03,8.666701E+02,7.892708E-02,8.492990E-02
20:20:00,2.619916E+04,8.562106E+03,1.350059E+00,8.400485E-01,1.221647E+03,2.427401E+03,6.304353E-02,2.381841E-01,3.534746E+03,1.494068E+03,1.824055E-01,1.463878E-01,1.287038E+03,3.524672E+02,6.641428E-02,3.453529E-02,6.791369E+02,1.015971E+03,3.504773E-02,9.964297E-02,1.440333E+03,6.650586E+02,7.431325E-02,6.516427E-02,1.529615E+03,8.532241E+02,7.892826E-02,8.361226E-02
20:30:00,2.619918E+04,8.305775E+03,1.350061E+00,8.148918E-01,1.221659E+03,2.387910E+03,6.304415E-02,2.343074E-01,3.534790E+03,1.455009E+03,1.824077E-01,1.425608E-01,1.287055E+03,3.336348E+02,6.641513E-02,3.269003E-02,6.791479E+02,1.007537E+03,3.504829E-02,9.881575E-02,1.440346E+03,6.256238E+02,7.431394E-02,6.130034E-02,1.529634E+03,8.402356E+02,7.892926E-02,8.233946E-02
20:40:00,2.619920E+04,8.080284E+03,1.350062E+00,7.927620E-01,1.221670E+03,2.349832E+03,6.304467E-02,2.305691E-01,3.534827E+03,1.420183E+03,1.824095E-01,1.391485E-01,1.287070E+03,3.157376E+02,6.641590E-02,3.093641E-02,6.791582E+02,9.985688E+02,3.504882E-02,9.793618E-02,1.440358E+03,5.924310E+02,7.431453E-02,5.804801E-02,1.529651E+03,8.278758E+02,7.893011E-02,8.112829E-02
20:50:00,2.619923E+04,7.881932E+03,1.350063E+00,7.732959E-01,1.221679E+03,2.313184E+03,6.304511E-02,2.269711E-01,3.534859E+03,1.390406E+03,1.824111E-01,1.362311E-01,1.287084E+03,2.993040E+02,6.641660E-02,2.932620E-02,6.791680E+02,9.892580E+02,3.504932E-02,9.702303E-02,1.440368E+03,5.651214E+02,7.431506E-02,5.537217E-02,1.529666E+03,8.161513E+02,7.893085E-02,7.997939E-02
21:00:00,2.619924E+04,7.705524E+03,1.350064E+00,7.559829E-01,1.221686E+03,2.278128E+03,6.304549E-02,2.235293E-01,3.534886E+03,1.365889E+03,1.824125E-01,1.338289E-01,1.287096E+03,2.845670E+02,6.641724E-02,2.788223E-02,6.791772E+02,9.798194E+02,3.504978E-02,9.609738E-02,1.440377E+03,5.429966E+02,7.431552E-02,5.320435E-02,1.529679E+03,8.052506E+02,7.893151E-02,7.891121E-02
21:10:00,2.619926E+04,7.540321E+03,1.350065E+00,7.397685E-01,1.221693E+03,2.243284E+03,6.304581E-02,2.201080E-01,3.534910E+03,1.344080E+03,1.824137E-01,1.316921E-01,1.287108E+03,2.708828E+02,6.641782E-02,2.654142E-02,6.791857E+02,9.704185E+02,3.505022E-02,9.517548E-02,1.440386E+03,5.240279E+02,7.431594E-02,5.134578E-02,1.529690E+03,7.947467E+02,7.893209E-02,7.788188E-02
21:20:00,2.619928E+04,7.382118E+03,1.350065E+00,7.242405E-01,1.221698E+03,2.208558E+03,6.304610E-02,2.166983E-01,3.534932E+03,1.323896E+03,1.824148E-01,1.297145E-01,1.287118E+03,2.580592E+02,6.641835E-02,2.528494E-02,6.791936E+02,9.612240E+02,3.505063E-02,9.427386E-02,1.440393E+03,5.072200E+02,7.431632E-02,4.969893E-02,1.529700E+03,7.844975E+02,7.893261E-02,7.687752E-02
21:30:00,2.619929E+04,7.229302E+03,1.350066E+00,7.092408E-01,1.221703E+03,2.173929E+03,6.304635E-02,2.132981E-01,3.534951E+03,1.304992E+03,1.824157E-01,1.278623E-01,1.287127E+03,2.460483E+02,6.641884E-02,2.410809E-02,6.792010E+02,9.523402E+02,3.505101E-02,9.340276E-02,1.440400E+03,4.921494E+02,7.431667E-02,4.822229E-02,1.529710E+03,7.744503E+02,7.893309E-02,7.589292E-02
21:40:00,2.619931E+04,7.080757E+03,1.350067E+00,6.946602E-01,1.221708E+03,2.139385E+03,6.304658E-02,2.099064E-01,3.534968E+03,1.287102E+03,1.824166E-01,1.261095E-01,1.287136E+03,2.347889E+02,6.641929E-02,2.300487E-02,6.792079E+02,9.438213E+02,3.505136E-02,9.256747E-02,1.440406E+03,4.784132E+02,7.431699E-02,4.687639E-02,1.529718E+03,7.645123E+02,7.893352E-02,7.491902E-02
21:50:00,2.619932E+04,6.935731E+03,1.350068E+00,6.804252E-01,1.221712E+03,2.104919E+03,6.304679E-02,2.065224E-01,3.534984E+03,1.270050E+03,1.824175E-01,1.244388E-01,1.287144E+03,2.242187E+02,6.641970E-02,2.196918E-02,6.792142E+02,9.356848E+02,3.505169E-02,9.176969E-02,1.440411E+03,4.657427E+02,7.431728E-02,4.563491E-02,1.529726E+03,7.546783E+02,7.893392E-02,7.395529E-02
22:00:00,2.619933E+04,6.793645E+03,1.350068E+00,6.664788E-01,1.221715E+03,2.070520E+03,6.304697E-02,2.031451E-01,3.534998E+03,1.253693E+03,1.824182E-01,1.228361E-01,1.287151E+03,2.142731E+02,6.642007E-02,2.099469E-02,6.792201E+02,9.279289E+02,3.505199E-02,9.100925E-02,1.440417E+03,4.538914E+02,7.431755E-02,4.447369E-02,1.529733E+03,7.449362E+02,7.893429E-02,7.300057E-02
22:10:00,2.619935E+04,5.602110E+03,1.350069E+00,5.495823E-01,1.221719E+03,1.828391E+03,6.304714E-02,1.769745E-01,3.535012E+03,1.037916E+03,1.824189E-01,1.016944E-01,1.287158E+03,1.743938E+02,6.642042E-02,1.708728E-02,6.792255E+02,7.700206E+02,3.505227E-02,7.552205E-02,1.440422E+03,3.732903E+02,7.431781E-02,3.657614E-02,1.529740E+03,6.167196E+02,7.893463E-02,6.043587E-02
22:20:00,2.619936E+04,4.434876E+03,1.350069E+00,4.350711E-01,1.221722E+03,1.616462E+03,6.304730E-02,1.532368E-01,3.535024E+03,8.250120E+02,1.824195E-01,8.083419E-02,1.287164E+03,1.363158E+02,6.642074E-02,1.335636E-02,6.792306E+02,6.134998E+02,3.505253E-02,6.017090E-02,1.440426E+03,2.948257E+02,7.431805E-02,2.888794E-02,1.529746E+03,5.026045E+02,7.893495E-02,4.899859E-02
22:30:00,2.619937E+04,3.291448E+03,1.350070E+00,3.228965E-01,1.221724E+03,1.419781E+03,6.304744E-02,1.307721E-01,3.535036E+03,6.148630E+02,1.824201E-01,6.024392E-02,1.287170E+03,9.993048E+01,6.642103E-02,9.791286E-03,6.792353E+02,4.582991E+02,3.505278E-02,4.494917E-02,1.440431E+03,2.183736E+02,7.431827E-02,2.139692E-02,1.529751E+03,3.966041E+02,7.893525E-02,3.824110E-02
22:40:00,2.619938E+04,2.171397E+03,1.350071E+00,2.130165E-01,1.221727E+03,1.234797E+03,6.304757E-02,1.093302E-01,3.535046E+03,4.073666E+02,1.824207E-01,3.991355E-02,1.287175E+03,6.513958E+01,6.642130E-02,6.382438E-03,6.792396E+02,3.043549E+02,3.505300E-02,2.985064E-02,1.440435E+03,1.438128E+02,7.431848E-02,1.409122E-02,1.529757E+03,3.067050E+02,7.893553E-02,2.874693E-02
22:50:00,2.619939E+04,1.074357E+03,1.350071E+00,1.053951E-01,1.221729E+03,1.056271E+03,6.304769E-02,8.850616E-02,3.535057E+03,2.408462E+02,1.824212E-01,2.280244E-02,1.287180E+03,3.185561E+01,6.642155E-02,3.121243E-03,6.792436E+02,1.516070E+02,3.505321E-02,1.486939E-02,1.440438E+03,7.105065E+01,7.431867E-02,6.961763E-03,1.529762E+03,2.200015E+02,7.893580E-02,1.952021E-02
23:00:00,2.619940E+04,0.000000E+00,1.350071E+00,0.000000E+00,1.221731E+03,8.822639E+02,6.304781E-02,6.815173E-02,3.535066E+03,4.931688E+01,1.824217E-01,3.809303E-03,1.287184E+03,0.000000E+00,6.642178E-02,0.000000E+00,6.792473E+02,0.000000E+00,3.505340E-02,0.000000E+00,1.440442E+03,0.000000E+00,7.431886E-02,0.000000E+00,1.529767E+03,1.335534E+02,7.893605E-02,1.034644E-02
23:10:00,2.619940E+04,0.000000E+00,1.350072E+00,0.000000E+00,1.221733E+03,9.206649E+02,6.304791E-02,7.107217E-02,3.535075E+03,6.423233E+01,1.824221E-01,4.960000E-03,1.287189E+03,0.000000E+00,6.642200E-02,0.000000E+00,6.792508E+02,0.000000E+00,3.505358E-02,0.000000E+00,1.440446E+03,0.000000E+00,7.431904E-02,0.000000E+00,1.529772E+03,1.679921E+02,7.893629E-02,1.300347E-02
23:20:00,2.619941E+04,0.000000E+00,1.350072E+00,0.000000E+00,1.221735E+03,9.334344E+02,6.304801E-02,7.203251E-02,3.535083E+03,8.284083E+01,1.824226E-01,6.395611E-03,1.287192E+03,0.000000E+00,6.642220E-02,0.000000E+00,6.792540E+02,0.000000E+00,3.505374E-02,0.000000E+00,1.440449E+03,0.000000E+00,7.431921E-02,0.000000E+00,1.529776E+03,1.897581E+02,7.893651E-02,1.467760E-02
23:30:00,2.619942E+04,0.000000E+00,1.350073E+00,0.000000E+00,1.221737E+03,9.354846E+02,6.304810E-02,7.218968E-02,3.535091E+03,1.019269E+02,1.824230E-01,7.868069E-03,1.287196E+03,0.000000E+00,6.642238E-02,0.000000E+00,6.792570E+02,0.000000E+00,3.505390E-02,0.000000E+00,1.440452E+03,0.000000E+00,7.431937E-02,0.000000E+00,1.529780E+03,2.046913E+02,7.893673E-02,1.580478E-02
23:40:00,2.619943E+04,0.000000E+00,1.350073E+00,0.000000E+00,1.221739E+03,9.303379E+02,6.304819E-02,7.179166E-02,3.535099E+03,1.210233E+02,1.824234E-01,9.341325E-03,1.287199E+03,0.000000E+00,6.642256E-02,0.000000E+00,6.792598E+02,0.000000E+00,3.505404E-02,0.000000E+00,1.440455E+03,0.000000E+00,7.431952E-02,0.000000E+00,1.529784E+03,2.046743E+02,7.893693E-02,1.579106E-02
23:50:00,2.619943E+04,0.000000E+00,1.350073E+00,0.000000E+00,1.221740E+03,9.232105E+02,6.304827E-02,7.124136E-02,3.535106E+03,1.013956E+02,1.824237E-01,7.822522E-03,1.287203E+03,0.000000E+00,6.642272E-02,0.000000E+00,6.792624E+02,0.000000E+00,3.505418E-02,0.000000E+00,1.440458E+03,0.000000E+00,7.431967E-02,0.000000E+00,1.529788E+03,2.025155E+02,7.893713E-02,1.562457E-02
24:00:00,2.619944E+04,0.000000E+00,1.350074E+00,0.000000E+00,1.221742E+03,9.160199E+02,6.304835E-02,7.068523E-02,3.535113E+03,1.086711E+02,1.824241E-01,8.383797E-03,1.287206E+03,0.000000E+00,6.642287E-02,0.000000E+00,6.792648E+02,0.000000E+00,3.505430E-02,0.000000E+00,1.440461E+03,0.000000E+00,7.431981E-02,0.000000E+00,1.529792E+03,2.010643E+02,7.893732E-02,1.551261E-02
Peak,2.619958E+04,1.313169E+04,1.350081E+00,1.288671E+00,1.221770E+03,3.529768E+03,6.304978E-02,3.464267E-01,3.535244E+03,2.404448E+03,1.824308E-01,2.283906E-01,1.287253E+03,4.570786E+02,6.642534E-02,4.478552E-02,6.793015E+02,1.070525E+03,3.505620E-02,1.049947E-01,1.440518E+03,1.052717E+03,7.432278E-02,1.031488E-01,1.529869E+03,1.198278E+03,7.894131E-02,1.174265E-01

Peak Vol Flow (m3/s),,,1.129319E+00,1.077951E+00,,,5.274003E-02,2.897798E-01,,,1.526002E-01,1.910447E-01,,,5.556363E-02,3.746230E-02,,,2.932389E-02,8.782624E-02,,,6.216970E-02,8.628212E-02,,,6.603302E-02,9.822521E-02
