Time,THERMAL ZONE 1:PIACENZA ANN HTG 99.6% CONDNS DB:Des Heat Load [W],THERMAL ZONE 1:PIACENZA ANN CLG .4% CONDNS DB=>MWB:Des Sens Cool Load [W],THERMAL ZONE 1:PIACENZA ANN HTG 99.6% CONDNS DB:Des Heat Mass Flow [kg/s],THERMAL ZONE 1:PIACENZA ANN CLG .4% CONDNS DB=>MWB:Des Cool Mass Flow [kg/s],THERMAL ZONE 10:PIACENZA ANN HTG 99.6% CONDNS DB:Des Heat Load [W],THERMAL ZONE 10:PIACENZA ANN CLG .4% CONDNS DB=>MWB:Des Sens Cool Load [W],THERMAL ZONE 10:PIACENZA ANN HTG 99.6% CONDNS DB:Des Heat Mass Flow [kg/s],THERMAL ZONE 10:PIACENZA ANN CLG .4% CONDNS DB=>MWB:Des Cool Mass Flow [kg/s],THERMAL ZONE 11:PIACENZA ANN HTG 99.6% CONDNS DB:Des Heat Load [W],THERMAL ZONE 11:PIACENZA ANN CLG .4% CONDNS DB=>MWB:Des Sens Cool Load [W],THERMAL ZONE 11:PIACENZA ANN HTG 99.6% CONDNS DB:Des Heat Mass Flow [kg/s],THERMAL ZONE 11:PIACENZA ANN CLG .4% CONDNS DB=>MWB:Des Cool Mass Flow [kg/s],THERMAL ZONE 12:PIACENZA ANN HTG 99.6% CONDNS DB:Des Heat Load [W],THERMAL ZONE 12:PIACENZA ANN CLG .4% CONDNS DB=>MWB:Des Sens Cool Load [W],THERMAL ZONE 12:PIACENZA ANN HTG 99.6% CONDNS DB:Des Heat Mass Flow [kg/s],THERMAL ZONE 12:PIACENZA ANN CLG .4% CONDNS DB=>MWB:Des Cool Mass Flow [kg/s],THERMAL ZONE 2:PIACENZA ANN HTG 99.6% CONDNS DB:Des Heat Load [W],THERMAL ZONE 2:PIACENZA ANN CLG .4% CONDNS DB=>MWB:Des Sens Cool Load [W],THERMAL ZONE 2:PIACENZA ANN HTG 99.6% CONDNS DB:Des Heat Mass Flow [kg/s],THERMAL ZONE 2:PIACENZA ANN CLG .4% CONDNS DB=>MWB:Des Cool Mass Flow [kg/s],THERMAL ZONE 3:PIACENZA ANN HTG 99.6% CONDNS DB:Des Heat Load [W],THERMAL ZONE 3:PIACENZA ANN CLG .4% CONDNS DB=>MWB:Des Sens Cool Load [W],THERMAL ZONE 3:PIACENZA ANN HTG 99.6% CONDNS DB:Des Heat Mass Flow [kg/s],THERMAL ZONE 3:PIACENZA ANN CLG .4% CONDNS DB=>MWB:Des Cool Mass Flow [kg/s],THERMAL ZONE 4:PIACENZA ANN HTG 99.6% CONDNS DB:Des Heat Load [W],THERMAL ZONE 4:PIACENZA ANN CLG .4% CONDNS DB=>MWB:Des Sens Cool Load [W],THERMAL ZONE 4:PIACENZA ANN HTG 99.6% CONDNS DB:Des Heat Mass Flow [kg/s],THERMAL ZONE 4:PIACENZA ANN CLG .4% CONDNS DB=>MWB:Des Cool Mass Flow [kg/s],THERMAL ZONE 6:PIACENZA ANN HTG 99.6% CONDNS DB:Des Heat Load [W],THERMAL ZONE 6:PIACENZA ANN CLG .4% CONDNS DB=>MWB:Des Sens Cool Load [W],THERMAL ZONE 6:PIACENZA ANN HTG 99.6% CONDNS DB:Des Heat Mass Flow [kg/s],THERMAL ZONE 6:PIACENZA ANN CLG .4% CONDNS DB=>MWB:Des Cool Mass Flow [kg/s],THERMAL ZONE 7:PIACENZA ANN HTG 99.6% CONDNS DB:Des Heat Load [W],THERMAL ZONE 7:PIACENZA ANN CLG .4% CONDNS DB=>MWB:Des Sens Cool Load [W],THERMAL ZONE 7:PIACENZA ANN HTG 99.6% CONDNS DB:Des Heat Mass Flow [kg/s],THERMAL ZONE 7:PIACENZA ANN CLG .4% CONDNS DB=>MWB:Des Cool Mass Flow [kg/s],THERMAL ZONE 8:PIACENZA ANN HTG 99.6% CONDNS DB:Des Heat Load [W],THERMAL ZONE 8:PIACENZA ANN CLG .4% CONDNS DB=>MWB:Des Sens Cool Load [W],THERMAL ZONE 8:PIACENZA ANN HTG 99.6% CONDNS DB:Des Heat Mass Flow [kg/s],THERMAL ZONE 8:PIACENZA ANN CLG .4% CONDNS DB=>MWB:Des Cool Mass Flow [kg/s],THERMAL ZONE 9:PIACENZA ANN HTG 99.6% CONDNS DB:Des Heat Load [W],THERMAL ZONE 9:PIACENZA ANN CLG .4% CONDNS DB=>MWB:Des Sens Cool Load [W],THERMAL ZONE 9:PIACENZA ANN HTG 99.6% CONDNS DB:Des Heat Mass Flow [kg/s],THERMAL ZONE 9:PIACENZA ANN CLG .4% CONDNS DB=>MWB:Des Cool Mass Flow [kg/s]
00:15:00,1.496854E+04,1.532340E+04,7.724698E-01,1.182648E+00,8.376791E+03,2.195769E+03,4.322268E-01,1.694424E-01,2.087923E+04,7.219465E+03,1.077357E+00,5.571143E-01,8.371615E+03,2.026578E+03,4.319597E-01,1.563864E-01,5.591874E+03,0.000000E+00,2.885828E-01,0.000000E+00,1.243338E+04,0.000000E+00,6.416837E-01,0.000000E+00,5.621215E+03,0.000000E+00,2.900970E-01,0.000000E+00,6.306561E+03,2.326986E+03,3.254662E-01,1.795517E-01,1.379700E+04,6.967666E+03,7.120599E-01,5.376242E-01,6.316348E+03,2.082979E+03,3.259713E-01,1.607227E-01,2.159086E+04,2.057367E+04,1.114011E+00,1.587981E+00
00:30:00,1.497007E+04,1.523102E+04,7.725484E-01,1.175487E+00,8.376834E+03,2.167914E+03,4.322290E-01,1.672937E-01,2.087934E+04,7.154586E+03,1.077363E+00,5.521080E-01,8.371658E+03,2.002855E+03,4.319619E-01,1.545566E-01,5.591900E+03,0.000000E+00,2.885841E-01,0.000000E+00,1.243344E+04,0.000000E+00,6.416870E-01,0.000000E+00,5.621241E+03,0.000000E+00,2.900983E-01,0.000000E+00,6.306746E+03,2.310676E+03,3.254758E-01,1.782922E-01,1.379742E+04,6.954476E+03,7.120820E-01,5.366006E-01,6.316533E+03,2.071097E+03,3.259809E-01,1.598050E-01,2.159208E+04,2.043350E+04,1.114075E+00,1.577156E+00
00:45:00,1.497155E+04,1.513960E+04,7.726251E-01,1.168405E+00,8.376875E+03,2.137396E+03,4.322311E-01,1.649389E-01,2.087945E+04,7.083066E+03,1.077369E+00,5.465868E-01,8.371699E+03,1.976913E+03,4.319640E-01,1.525549E-01,5.591925E+03,0.000000E+00,2.885854E-01,0.000000E+00,1.243350E+04,0.000000E+00,6.416902E-01,0.000000E+00,5.621266E+03,0.000000E+00,2.900996E-01,0.000000E+00,6.306923E+03,2.291688E+03,3.254849E-01,1.768258E-01,1.379783E+04,6.935473E+03,7.121031E-01,5.351282E-01,6.316710E+03,2.056392E+03,3.259900E-01,1.586694E-01,2.159329E+04,2.028800E+04,1.114137E+00,1.565911E+00
01:00:00,1.497300E+04,1.505172E+04,7.726999E-01,1.161589E+00,8.376916E+03,2.105586E+03,4.322332E-01,1.624840E-01,2.087956E+04,7.007724E+03,1.077374E+00,5.407700E-01,8.371740E+03,1.948993E+03,4.319661E-01,1.504001E-01,5.591949E+03,0.000000E+00,2.885866E-01,0.000000E+00,1.243357E+04,0.000000E+00,6.416934E-01,0.000000E+00,5.621290E+03,0.000000E+00,2.901009E-01,0.000000E+00,6.307093E+03,2.271221E+03,3.254937E-01,1.752454E-01,1.379823E+04,6.913549E+03,7.121234E-01,5.334313E-01,6.316880E+03,2.040065E+03,3.259988E-01,1.574086E-01,2.159449E+04,2.014144E+04,1.114199E+00,1.554564E+00
01:15:00,1.497444E+04,1.499351E+04,7.727739E-01,1.157050E+00,8.376958E+03,2.074160E+03,4.322354E-01,1.600586E-01,2.087967E+04,6.932343E+03,1.077380E+00,5.349500E-01,8.371782E+03,1.920451E+03,4.319683E-01,1.481970E-01,5.591976E+03,0.000000E+00,2.885880E-01,0.000000E+00,1.243363E+04,0.000000E+00,6.416968E-01,0.000000E+00,5.621317E+03,0.000000E+00,2.901022E-01,0.000000E+00,6.307261E+03,2.250576E+03,3.255024E-01,1.736513E-01,1.379862E+04,6.891622E+03,7.121435E-01,5.317346E-01,6.317048E+03,2.023481E+03,3.260075E-01,1.561281E-01,2.159571E+04,2.002088E+04,1.114262E+00,1.545203E+00
01:30:00,1.497583E+04,1.494061E+04,7.728460E-01,1.152909E+00,8.377000E+03,2.043494E+03,4.322375E-01,1.576917E-01,2.087978E+04,6.857465E+03,1.077386E+00,5.291687E-01,8.371824E+03,1.891264E+03,4.319705E-01,1.459439E-01,5.592002E+03,0.000000E+00,2.885893E-01,0.000000E+00,1.243370E+04,0.000000E+00,6.417001E-01,0.000000E+00,5.621343E+03,0.000000E+00,2.901036E-01,0.000000E+00,6.307423E+03,2.229982E+03,3.255107E-01,1.720612E-01,1.379899E+04,6.869664E+03,7.121629E-01,5.300359E-01,6.317210E+03,2.006887E+03,3.260158E-01,1.548468E-01,2.159691E+04,1.990413E+04,1.114324E+00,1.536124E+00
01:45:00,1.497719E+04,1.488918E+04,7.729162E-01,1.148893E+00,8.377040E+03,2.014025E+03,4.322396E-01,1.554173E-01,2.087989E+04,6.783911E+03,1.077391E+00,5.234899E-01,8.371864E+03,1.861634E+03,4.319726E-01,1.436565E-01,5.592027E+03,0.000000E+00,2.885907E-01,0.000000E+00,1.243376E+04,0.000000E+00,6.417034E-01,0.000000E+00,5.621368E+03,0.000000E+00,2.901049E-01,0.000000E+00,6.307580E+03,2.209703E+03,3.255188E-01,1.704955E-01,1.379936E+04,6.848001E+03,7.121818E-01,5.283605E-01,6.317367E+03,1.990562E+03,3.260239E-01,1.535864E-01,2.159810E+04,1.979050E+04,1.114385E+00,1.527304E+00
02:00:00,1.497852E+04,1.483910E+04,7.729846E-01,1.144999E+00,8.377080E+03,1.986227E+03,4.322417E-01,1.532720E-01,2.087999E+04,6.712495E+03,1.077396E+00,5.179766E-01,8.371904E+03,1.832606E+03,4.319746E-01,1.414156E-01,5.592052E+03,0.000000E+00,2.885920E-01,0.000000E+00,1.243382E+04,0.000000E+00,6.417065E-01,0.000000E+00,5.621393E+03,0.000000E+00,2.901062E-01,0.000000E+00,6.307731E+03,2.189971E+03,3.255267E-01,1.689723E-01,1.379971E+04,6.827054E+03,7.122001E-01,5.267412E-01,6.317519E+03,1.974753E+03,3.260318E-01,1.523660E-01,2.159927E+04,1.968062E+04,1.114446E+00,1.518799E+00
02:15:00,1.497981E+04,1.478893E+04,7.730511E-01,1.141115E+00,8.377119E+03,1.959788E+03,4.322437E-01,1.512317E-01,2.088009E+04,6.641473E+03,1.077402E+00,5.124944E-01,8.371943E+03,1.803472E+03,4.319766E-01,1.391668E-01,5.592077E+03,0.000000E+00,2.885932E-01,0.000000E+00,1.243388E+04,0.000000E+00,6.417097E-01,0.000000E+00,5.621418E+03,0.000000E+00,2.901074E-01,0.000000E+00,6.307879E+03,2.170361E+03,3.255343E-01,1.674587E-01,1.380006E+04,6.805887E+03,7.122179E-01,5.251056E-01,6.317666E+03,1.959021E+03,3.260394E-01,1.511516E-01,2.160043E+04,1.957285E+04,1.114506E+00,1.510475E+00
02:30:00,1.498106E+04,1.473854E+04,7.731159E-01,1.137221E+00,8.377157E+03,1.933885E+03,4.322456E-01,1.492330E-01,2.088020E+04,6.571128E+03,1.077407E+00,5.070648E-01,8.371981E+03,1.774509E+03,4.319786E-01,1.369314E-01,5.592101E+03,0.000000E+00,2.885945E-01,0.000000E+00,1.243394E+04,0.000000E+00,6.417127E-01,0.000000E+00,5.621442E+03,0.000000E+00,2.901087E-01,0.000000E+00,6.308022E+03,2.150961E+03,3.255416E-01,1.659614E-01,1.380039E+04,6.784648E+03,7.122351E-01,5.234650E-01,6.317809E+03,1.943452E+03,3.260467E-01,1.499500E-01,2.160158E+04,1.946752E+04,1.114565E+00,1.502346E+00
02:45:00,1.498228E+04,1.468926E+04,7.731790E-01,1.133415E+00,8.377194E+03,1.907884E+03,4.322476E-01,1.472266E-01,2.088029E+04,6.501844E+03,1.077412E+00,5.017174E-01,8.372018E+03,1.745965E+03,4.319805E-01,1.347283E-01,5.592124E+03,0.000000E+00,2.885957E-01,0.000000E+00,1.243400E+04,0.000000E+00,6.417158E-01,0.000000E+00,5.621465E+03,0.000000E+00,2.901099E-01,0.000000E+00,6.308161E+03,2.131854E+03,3.255488E-01,1.644868E-01,1.380072E+04,6.763509E+03,7.122520E-01,5.218326E-01,6.317948E+03,1.928134E+03,3.260539E-01,1.487679E-01,2.160270E+04,1.936485E+04,1.114623E+00,1.494423E+00
03:00:00,1.498347E+04,1.464108E+04,7.732404E-01,1.129696E+00,8.377231E+03,1.881416E+03,4.322494E-01,1.451838E-01,2.088039E+04,6.433984E+03,1.077417E+00,4.964799E-01,8.372054E+03,1.717869E+03,4.319824E-01,1.325599E-01,5.592147E+03,0.000000E+00,2.885969E-01,0.000000E+00,1.243406E+04,0.000000E+00,6.417187E-01,0.000000E+00,5.621488E+03,0.000000E+00,2.901111E-01,0.000000E+00,6.308296E+03,2.113113E+03,3.255558E-01,1.630406E-01,1.380104E+04,6.742619E+03,7.122683E-01,5.202197E-01,6.318083E+03,1.913145E+03,3.260609E-01,1.476112E-01,2.160382E+04,1.926501E+04,1.114680E+00,1.486719E+00
03:15:00,1.498463E+04,1.459221E+04,7.733001E-01,1.125924E+00,8.377266E+03,1.852934E+03,4.322513E-01,1.429854E-01,2.088049E+04,6.365007E+03,1.077422E+00,4.911564E-01,8.372090E+03,1.689355E+03,4.319842E-01,1.303593E-01,5.592170E+03,0.000000E+00,2.885980E-01,0.000000E+00,1.243411E+04,0.000000E+00,6.417216E-01,0.000000E+00,5.621511E+03,0.000000E+00,2.901123E-01,0.000000E+00,6.308427E+03,2.094162E+03,3.255626E-01,1.615782E-01,1.380135E+04,6.720782E+03,7.122843E-01,5.185340E-01,6.318214E+03,1.897895E+03,3.260677E-01,1.464344E-01,2.160491E+04,1.916577E+04,1.114737E+00,1.479061E+00
03:30:00,1.498576E+04,1.454220E+04,7.733582E-01,1.122064E+00,8.377301E+03,1.823226E+03,4.322531E-01,1.406921E-01,2.088058E+04,6.295059E+03,1.077427E+00,4.857579E-01,8.372125E+03,1.660432E+03,4.319860E-01,1.281272E-01,5.592192E+03,0.000000E+00,2.885992E-01,0.000000E+00,1.243417E+04,0.000000E+00,6.417244E-01,0.000000E+00,5.621533E+03,0.000000E+00,2.901134E-01,0.000000E+00,6.308555E+03,2.074984E+03,3.255692E-01,1.600984E-01,1.380165E+04,6.697961E+03,7.122999E-01,5.167726E-01,6.318342E+03,1.882369E+03,3.260743E-01,1.452363E-01,2.160599E+04,1.906707E+04,1.114792E+00,1.471444E+00
03:45:00,1.498685E+04,1.449154E+04,7.734148E-01,1.118154E+00,8.377335E+03,1.792847E+03,4.322548E-01,1.383471E-01,2.088067E+04,6.224145E+03,1.077431E+00,4.802849E-01,8.372159E+03,1.631079E+03,4.319878E-01,1.258617E-01,5.592214E+03,0.000000E+00,2.886003E-01,0.000000E+00,1.243422E+04,0.000000E+00,6.417272E-01,0.000000E+00,5.621555E+03,0.000000E+00,2.901145E-01,0.000000E+00,6.308680E+03,2.055586E+03,3.255756E-01,1.586015E-01,1.380194E+04,6.674178E+03,7.123150E-01,5.149371E-01,6.318467E+03,1.866571E+03,3.260807E-01,1.440172E-01,2.160705E+04,1.896892E+04,1.114847E+00,1.463871E+00
04:00:00,1.498792E+04,1.444023E+04,7.734699E-01,1.114193E+00,8.377369E+03,1.761991E+03,4.322566E-01,1.359656E-01,2.088076E+04,6.152238E+03,1.077436E+00,4.747354E-01,8.372192E+03,1.601460E+03,4.319895E-01,1.235758E-01,5.592235E+03,0.000000E+00,2.886014E-01,0.000000E+00,1.243428E+04,0.000000E+00,6.417299E-01,0.000000E+00,5.621576E+03,0.000000E+00,2.901156E-01,0.000000E+00,6.308801E+03,2.035974E+03,3.255819E-01,1.570882E-01,1.380223E+04,6.649459E+03,7.123299E-01,5.130295E-01,6.318589E+03,1.850511E+03,3.260870E-01,1.427781E-01,2.160810E+04,1.887136E+04,1.114901E+00,1.456342E+00
04:15:00,1.498896E+04,1.439020E+04,7.735234E-01,1.110332E+00,8.377401E+03,1.731822E+03,4.322583E-01,1.336370E-01,2.088085E+04,6.082172E+03,1.077440E+00,4.693278E-01,8.372225E+03,1.572628E+03,4.319912E-01,1.213507E-01,5.592256E+03,0.000000E+00,2.886025E-01,0.000000E+00,1.243433E+04,0.000000E+00,6.417326E-01,0.000000E+00,5.621597E+03,0.000000E+00,2.901167E-01,0.000000E+00,6.308920E+03,2.016810E+03,3.255880E-01,1.556095E-01,1.380251E+04,6.625178E+03,7.123443E-01,5.111558E-01,6.318707E+03,1.834866E+03,3.260931E-01,1.415709E-01,2.160913E+04,1.877683E+04,1.114954E+00,1.449049E+00
04:30:00,1.498997E+04,1.434175E+04,7.735755E-01,1.106593E+00,8.377433E+03,1.702479E+03,4.322599E-01,1.313724E-01,2.088093E+04,6.014253E+03,1.077445E+00,4.640861E-01,8.372257E+03,1.544712E+03,4.319928E-01,1.191962E-01,5.592276E+03,0.000000E+00,2.886035E-01,0.000000E+00,1.243438E+04,0.000000E+00,6.417352E-01,0.000000E+00,5.621617E+03,0.000000E+00,2.901177E-01,0.000000E+00,6.309035E+03,1.998172E+03,3.255939E-01,1.541714E-01,1.380278E+04,6.601511E+03,7.123584E-01,5.093295E-01,6.318822E+03,1.819716E+03,3.260990E-01,1.404019E-01,2.161014E+04,1.868559E+04,1.115007E+00,1.442008E+00
04:45:00,1.499095E+04,1.429506E+04,7.736263E-01,1.102990E+00,8.377465E+03,1.673987E+03,4.322615E-01,1.291734E-01,2.088102E+04,5.948712E+03,1.077449E+00,4.590279E-01,8.372288E+03,1.517803E+03,4.319944E-01,1.171196E-01,5.592296E+03,0.000000E+00,2.886045E-01,0.000000E+00,1.243443E+04,0.000000E+00,6.417378E-01,0.000000E+00,5.621637E+03,0.000000E+00,2.901187E-01,0.000000E+00,6.309148E+03,1.980110E+03,3.255997E-01,1.527777E-01,1.380305E+04,6.578566E+03,7.123722E-01,5.075590E-01,6.318935E+03,1.805114E+03,3.261048E-01,1.392752E-01,2.161114E+04,1.859777E+04,1.115058E+00,1.435231E+00
05:00:00,1.499191E+04,1.425024E+04,7.736756E-01,1.099531E+00,8.377495E+03,1.646405E+03,4.322631E-01,1.270447E-01,2.088110E+04,5.885729E+03,1.077453E+00,4.541672E-01,8.372319E+03,1.491982E+03,4.319960E-01,1.151269E-01,5.592315E+03,0.000000E+00,2.886055E-01,0.000000E+00,1.243448E+04,0.000000E+00,6.417403E-01,0.000000E+00,5.621656E+03,0.000000E+00,2.901197E-01,0.000000E+00,6.309257E+03,1.962664E+03,3.256054E-01,1.514315E-01,1.380331E+04,6.556431E+03,7.123856E-01,5.058511E-01,6.319044E+03,1.791101E+03,3.261105E-01,1.381939E-01,2.161212E+04,1.851348E+04,1.115109E+00,1.428728E+00
05:15:00,1.499284E+04,1.421260E+04,7.737236E-01,1.096626E+00,8.377525E+03,1.622823E+03,4.322646E-01,1.252247E-01,2.088118E+04,5.833209E+03,1.077458E+00,4.501139E-01,8.372349E+03,1.470412E+03,4.319976E-01,1.134622E-01,5.592334E+03,0.000000E+00,2.886065E-01,0.000000E+00,1.243452E+04,0.000000E+00,6.417427E-01,0.000000E+00,5.621675E+03,0.000000E+00,2.901207E-01,0.000000E+00,6.309364E+03,1.947850E+03,3.256109E-01,1.502885E-01,1.380356E+04,6.539249E+03,7.123987E-01,5.045252E-01,6.319151E+03,1.779719E+03,3.261160E-01,1.373158E-01,2.161308E+04,1.844012E+04,1.115158E+00,1.423067E+00
05:30:00,1.499374E+04,1.418288E+04,7.737703E-01,1.094333E+00,8.377555E+03,1.603486E+03,4.322662E-01,1.237323E-01,2.088126E+04,5.791682E+03,1.077462E+00,4.469091E-01,8.372378E+03,1.453350E+03,4.319991E-01,1.121455E-01,5.592353E+03,0.000000E+00,2.886075E-01,0.000000E+00,1.243457E+04,0.000000E+00,6.417451E-01,0.000000E+00,5.621694E+03,0.000000E+00,2.901217E-01,0.000000E+00,6.309469E+03,1.935906E+03,3.256163E-01,1.493669E-01,1.380381E+04,6.527532E+03,7.124115E-01,5.036212E-01,6.319256E+03,1.771216E+03,3.261214E-01,1.366597E-01,2.161402E+04,1.837829E+04,1.115207E+00,1.418296E+00
05:45:00,1.499462E+04,1.417654E+04,7.738158E-01,1.093844E+00,8.377583E+03,1.590223E+03,4.322676E-01,1.227087E-01,2.088134E+04,5.772580E+03,1.077466E+00,4.454349E-01,8.372407E+03,1.452501E+03,4.320006E-01,1.120799E-01,5.592371E+03,0.000000E+00,2.886084E-01,0.000000E+00,1.243462E+04,0.000000E+00,6.417475E-01,0.000000E+00,5.621712E+03,0.000000E+00,2.901226E-01,0.000000E+00,6.309570E+03,1.928804E+03,3.256216E-01,1.488190E-01,1.380405E+04,6.534944E+03,7.124240E-01,5.041930E-01,6.319357E+03,1.779220E+03,3.261266E-01,1.372772E-01,2.161495E+04,1.833837E+04,1.115255E+00,1.415217E+00
06:00:00,1.499548E+04,1.421231E+04,7.738601E-01,1.096603E+00,8.377611E+03,1.584311E+03,4.322691E-01,1.222523E-01,2.088141E+04,5.788455E+03,1.077470E+00,4.466599E-01,8.372435E+03,1.486916E+03,4.320020E-01,1.147356E-01,5.592388E+03,0.000000E+00,2.886093E-01,0.000000E+00,1.243466E+04,0.000000E+00,6.417498E-01,0.000000E+00,5.621729E+03,0.000000E+00,2.901235E-01,0.000000E+00,6.309669E+03,1.927778E+03,3.256267E-01,1.487398E-01,1.380429E+04,6.575030E+03,7.124363E-01,5.072858E-01,6.319456E+03,1.824704E+03,3.261318E-01,1.407867E-01,2.161587E+04,1.833413E+04,1.115302E+00,1.414892E+00
06:15:00,1.459442E+04,1.753308E+04,7.531630E-01,1.441082E+00,7.934623E+03,2.714608E+03,4.094117E-01,2.204988E-01,1.961285E+04,9.432891E+03,1.012013E+00,7.639363E-01,7.929447E+03,2.675014E+03,4.091447E-01,2.178658E-01,5.431649E+03,1.011214E+03,2.803139E-01,8.629762E-02,1.211319E+04,3.809936E+03,6.251588E-01,3.159698E-01,5.460990E+03,1.092815E+03,2.818282E-01,9.408510E-02,6.148840E+03,3.029130E+03,3.173266E-01,2.458779E-01,1.348267E+04,1.013988E+04,6.958374E-01,8.206633E-01,6.158627E+03,2.990318E+03,3.178317E-01,2.433503E-01,2.060991E+04,2.174780E+04,1.063398E+00,1.786371E+00
06:30:00,1.419304E+04,1.877809E+04,7.324515E-01,1.636929E+00,7.491109E+03,2.719496E+03,3.865316E-01,2.292178E-01,1.834234E+04,9.106552E+03,9.464666E-01,7.618959E-01,7.485933E+03,2.808851E+03,3.862645E-01,2.384581E-01,5.270777E+03,1.011214E+03,2.720125E-01,8.629762E-02,1.179144E+04,3.809936E+03,6.085547E-01,3.159698E-01,5.300119E+03,1.176132E+03,2.735268E-01,1.022492E-01,5.987891E+03,2.972980E+03,3.090212E-01,2.503919E-01,1.316079E+04,9.593322E+03,6.792266E-01,8.010666E-01,5.997678E+03,3.073454E+03,3.095263E-01,2.606816E-01,1.960289E+04,2.351566E+04,1.011450E+00,2.055100E+00
06:45:00,1.379133E+04,2.154356E+04,7.117260E-01,1.982740E+00,7.047444E+03,3.494223E+03,3.636468E-01,3.133645E-01,1.707181E+04,1.140975E+04,8.809252E-01,1.017682E+00,7.042267E+03,3.748151E+03,3.633797E-01,3.381972E-01,5.109817E+03,1.637959E+03,2.637074E-01,1.479868E-01,1.146958E+04,5.806806E+03,5.919456E-01,5.156498E-01,5.139158E+03,1.965433E+03,2.652216E-01,1.795904E-01,5.826795E+03,3.675548E+03,3.007093E-01,3.292659E-01,1.283868E+04,1.165138E+04,6.626048E-01,1.036977E+00,5.836582E+03,3.948219E+03,3.012144E-01,3.558635E-01,1.859524E+04,2.676932E+04,9.594807E-01,2.470351E+00
07:00:00,1.338914E+04,2.406591E+04,6.909801E-01,2.305861E+00,6.603414E+03,4.063728E+03,3.407470E-01,3.774376E-01,1.580036E+04,1.303316E+04,8.153418E-01,1.207358E+00,6.598238E+03,4.502803E+03,3.404799E-01,4.204765E-01,4.948711E+03,2.110591E+03,2.553959E-01,1.943437E-01,1.114747E+04,7.563603E+03,5.753245E-01,6.882607E-01,4.978051E+03,2.607488E+03,2.569101E-01,2.425423E-01,5.665444E+03,4.178679E+03,2.923856E-01,3.886560E-01,1.251607E+04,1.304109E+04,6.459587E-01,1.208041E+00,5.675231E+03,4.639207E+03,2.928907E-01,4.337718E-01,1.758663E+04,2.977847E+04,9.074738E-01,2.862460E+00
07:15:00,1.338841E+04,2.350479E+04,6.909561E-01,2.307070E+00,6.602154E+03,3.507143E+03,3.406963E-01,3.437367E-01,1.579690E+04,1.107683E+04,8.151920E-01,1.085654E+00,6.596978E+03,4.156969E+03,3.404292E-01,4.074448E-01,4.948252E+03,1.582656E+03,2.553760E-01,1.554193E-01,1.114666E+04,5.420753E+03,5.752874E-01,5.357399E-01,4.977591E+03,2.196697E+03,2.568901E-01,2.153207E-01,5.664741E+03,3.590025E+03,2.923539E-01,3.518327E-01,1.251473E+04,1.095491E+04,6.458948E-01,1.073616E+00,5.674528E+03,4.262030E+03,2.928589E-01,4.177046E-01,1.758419E+04,2.956327E+04,9.073923E-01,2.901624E+00
07:30:00,1.338757E+04,2.522888E+04,6.909264E-01,2.477373E+00,6.601252E+03,4.085056E+03,3.406616E-01,4.003989E-01,1.579492E+04,1.313287E+04,8.151110E-01,1.287245E+00,6.596077E+03,4.913709E+03,3.403945E-01,4.816439E-01,4.947845E+03,2.080964E+03,2.553587E-01,2.042626E-01,1.114596E+04,7.158443E+03,5.752559E-01,7.060704E-01,4.977182E+03,2.825373E+03,2.568728E-01,2.769566E-01,5.663873E+03,4.169410E+03,2.923136E-01,4.086370E-01,1.251301E+04,1.302435E+04,6.458116E-01,1.276509E+00,5.673658E+03,5.015409E+03,2.928187E-01,4.915709E-01,1.758230E+04,3.120494E+04,9.073347E-01,3.063994E+00
07:45:00,1.338660E+04,2.562388E+04,6.908879E-01,2.516743E+00,6.600384E+03,3.903722E+03,3.406267E-01,3.826537E-01,1.579260E+04,1.259751E+04,8.150101E-01,1.234889E+00,6.595209E+03,4.899908E+03,3.403596E-01,4.803222E-01,4.947467E+03,1.969066E+03,2.553425E-01,1.930377E-01,1.114524E+04,6.956575E+03,5.752232E-01,6.823369E-01,4.976803E+03,2.777631E+03,2.568566E-01,2.723117E-01,5.662879E+03,4.001270E+03,2.922664E-01,3.921894E-01,1.251091E+04,1.252596E+04,6.457085E-01,1.227788E+00,5.672664E+03,5.009476E+03,2.927715E-01,4.910260E-01,1.758062E+04,3.156556E+04,9.072793E-01,3.099943E+00
08:00:00,1.338559E+04,2.643552E+04,6.908441E-01,2.596521E+00,6.599794E+03,3.939584E+03,3.406029E-01,3.861648E-01,1.579095E+04,1.277380E+04,8.149389E-01,1.252170E+00,6.594619E+03,5.086173E+03,3.403359E-01,4.985731E-01,4.947191E+03,2.030477E+03,2.553308E-01,1.990266E-01,1.114467E+04,7.056308E+03,5.751974E-01,6.917047E-01,4.976526E+03,2.906681E+03,2.568449E-01,2.849513E-01,5.661893E+03,4.045155E+03,2.922185E-01,3.964960E-01,1.250875E+04,1.272434E+04,6.456011E-01,1.247263E+00,5.671679E+03,5.198399E+03,2.927236E-01,5.095485E-01,1.757949E+04,3.236818E+04,9.072411E-01,3.178761E+00
08:15:00,1.338445E+04,2.727596E+04,6.907904E-01,2.679054E+00,6.599382E+03,3.985786E+03,3.405857E-01,3.906936E-01,1.578973E+04,1.296538E+04,8.148852E-01,1.270955E+00,6.594207E+03,5.263066E+03,3.403186E-01,5.159088E-01,4.946989E+03,2.102703E+03,2.553221E-01,2.061035E-01,1.114422E+04,7.312549E+03,5.751765E-01,7.167835E-01,4.976324E+03,3.023636E+03,2.568362E-01,2.964109E-01,5.660963E+03,4.099076E+03,2.921725E-01,4.017849E-01,1.250665E+04,1.293487E+04,6.454963E-01,1.267919E+00,5.670749E+03,5.377735E+03,2.926775E-01,5.271284E-01,1.757861E+04,3.322305E+04,9.072062E-01,3.262659E+00
08:30:00,1.338314E+04,2.813473E+04,6.907259E-01,2.763450E+00,6.599084E+03,4.045516E+03,3.405724E-01,3.965496E-01,1.578879E+04,1.318261E+04,8.148434E-01,1.292256E+00,6.593909E+03,5.429771E+03,3.403053E-01,5.322476E-01,4.946838E+03,2.181394E+03,2.553155E-01,2.138173E-01,1.114384E+04,7.564265E+03,5.751594E-01,7.414597E-01,4.976174E+03,3.134913E+03,2.568296E-01,3.073145E-01,5.660117E+03,4.164664E+03,2.921300E-01,4.082161E-01,1.250473E+04,1.316408E+04,6.453991E-01,1.290399E+00,5.669903E+03,5.545286E+03,2.926351E-01,5.435511E-01,1.757778E+04,3.411108E+04,9.071681E-01,3.349896E+00
08:45:00,1.338168E+04,2.901270E+04,6.906521E-01,2.849770E+00,6.598857E+03,4.117478E+03,3.405619E-01,4.036049E-01,1.578807E+04,1.342067E+04,8.148103E-01,1.315598E+00,6.593682E+03,5.582502E+03,3.402949E-01,5.472170E-01,4.946724E+03,2.264561E+03,2.553104E-01,2.219707E-01,1.114354E+04,7.823688E+03,5.751452E-01,7.668948E-01,4.976060E+03,3.237464E+03,2.568245E-01,3.173638E-01,5.659363E+03,4.240800E+03,2.920918E-01,4.156807E-01,1.250300E+04,1.340768E+04,6.453115E-01,1.314285E+00,5.669149E+03,5.697557E+03,2.925969E-01,5.584756E-01,1.757691E+04,3.502690E+04,9.071250E-01,3.439903E+00
09:00:00,1.338009E+04,2.990711E+04,6.905712E-01,2.937694E+00,6.598680E+03,4.200665E+03,3.405535E-01,4.117603E-01,1.578750E+04,1.367537E+04,8.147836E-01,1.340570E+00,6.593505E+03,5.716229E+03,3.402864E-01,5.603236E-01,4.946634E+03,2.351402E+03,2.553063E-01,2.304844E-01,1.114328E+04,8.085241E+03,5.751332E-01,7.925387E-01,4.975970E+03,3.327781E+03,2.568204E-01,3.262144E-01,5.658695E+03,4.326080E+03,2.920578E-01,4.240411E-01,1.250146E+04,1.366151E+04,6.452335E-01,1.339173E+00,5.668481E+03,5.829228E+03,2.925629E-01,5.713806E-01,1.757596E+04,3.596243E+04,9.070773E-01,3.531837E+00
09:15:00,1.337841E+04,3.077409E+04,6.904854E-01,3.022913E+00,6.598537E+03,4.289061E+03,3.405466E-01,4.204262E-01,1.578704E+04,1.393400E+04,8.147619E-01,1.365927E+00,6.593362E+03,5.825977E+03,3.402795E-01,5.710794E-01,4.946561E+03,2.438652E+03,2.553029E-01,2.390380E-01,1.114306E+04,8.336559E+03,5.751229E-01,8.171789E-01,4.975898E+03,3.401932E+03,2.568170E-01,3.334803E-01,5.658104E+03,4.414825E+03,2.920276E-01,4.327410E-01,1.250009E+04,1.391461E+04,6.451642E-01,1.363987E+00,5.667890E+03,5.936108E+03,2.925327E-01,5.818553E-01,1.757494E+04,3.687285E+04,9.070255E-01,3.621296E+00
09:30:00,1.337667E+04,3.161723E+04,6.903962E-01,3.105779E+00,6.598419E+03,4.381332E+03,3.405408E-01,4.294717E-01,1.578666E+04,1.419376E+04,8.147440E-01,1.391393E+00,6.593244E+03,5.911811E+03,3.402737E-01,5.794908E-01,4.946500E+03,2.526717E+03,2.553000E-01,2.476714E-01,1.114287E+04,8.579139E+03,5.751141E-01,8.409613E-01,4.975837E+03,3.459887E+03,2.568142E-01,3.391587E-01,5.657580E+03,4.505831E+03,2.920008E-01,4.416622E-01,1.249889E+04,1.416433E+04,6.451025E-01,1.388467E+00,5.667366E+03,6.018484E+03,2.925059E-01,5.899277E-01,1.757386E+04,3.776174E+04,9.069703E-01,3.708631E+00
09:45:00,1.337490E+04,3.243831E+04,6.903050E-01,3.186475E+00,6.598320E+03,4.476525E+03,3.405359E-01,4.388034E-01,1.578635E+04,1.445227E+04,8.147289E-01,1.416735E+00,6.593145E+03,5.974127E+03,3.402688E-01,5.855967E-01,4.946448E+03,2.616283E+03,2.552975E-01,2.564518E-01,1.114271E+04,8.813723E+03,5.751063E-01,8.639588E-01,4.975786E+03,3.501622E+03,2.568117E-01,3.432470E-01,5.657114E+03,4.598172E+03,2.919769E-01,4.507138E-01,1.249781E+04,1.440843E+04,6.450476E-01,1.412396E+00,5.666900E+03,6.076712E+03,2.924820E-01,5.956328E-01,1.757273E+04,3.863142E+04,9.069123E-01,3.794077E+00
10:00:00,1.337311E+04,3.323833E+04,6.902127E-01,3.265104E+00,6.598234E+03,4.573938E+03,3.405316E-01,4.483525E-01,1.578608E+04,1.470814E+04,8.147160E-01,1.441818E+00,6.593059E+03,6.013738E+03,3.402645E-01,5.894772E-01,4.946403E+03,2.705585E+03,2.552953E-01,2.652063E-01,1.114257E+04,9.041210E+03,5.750994E-01,8.862599E-01,4.975741E+03,3.527347E+03,2.568095E-01,3.457660E-01,5.656698E+03,4.691142E+03,2.919555E-01,4.598269E-01,1.249685E+04,1.464553E+04,6.449985E-01,1.435639E+00,5.666484E+03,6.111489E+03,2.924606E-01,5.990394E-01,1.757156E+04,3.948363E+04,9.068519E-01,3.877806E+00
10:15:00,1.337133E+04,3.401645E+04,6.901213E-01,3.341581E+00,6.598159E+03,4.672969E+03,3.405278E-01,4.580601E-01,1.578586E+04,1.496036E+04,8.147048E-01,1.466543E+00,6.592984E+03,6.031756E+03,3.402607E-01,5.912413E-01,4.946363E+03,2.793535E+03,2.552933E-01,2.738284E-01,1.114244E+04,9.261795E+03,5.750932E-01,9.078837E-01,4.975700E+03,3.537501E+03,2.568075E-01,3.467588E-01,5.656327E+03,4.784122E+03,2.919364E-01,4.689408E-01,1.249600E+04,1.487460E+04,6.449548E-01,1.458093E+00,5.666113E+03,6.123818E+03,2.924415E-01,6.002458E-01,1.757036E+04,4.031812E+04,9.067903E-01,3.959794E+00
10:30:00,1.336958E+04,3.476897E+04,6.900308E-01,3.415544E+00,6.598091E+03,4.773197E+03,3.405243E-01,4.678849E-01,1.578566E+04,1.520840E+04,8.146948E-01,1.490859E+00,6.592916E+03,6.029681E+03,3.402572E-01,5.910361E-01,4.946326E+03,2.879738E+03,2.552915E-01,2.822794E-01,1.114232E+04,9.473675E+03,5.750876E-01,9.286543E-01,4.975664E+03,3.532926E+03,2.568057E-01,3.463081E-01,5.655994E+03,4.876673E+03,2.919193E-01,4.780126E-01,1.249523E+04,1.509504E+04,6.449154E-01,1.479700E+00,5.665780E+03,6.115065E+03,2.924244E-01,5.993860E-01,1.756915E+04,4.113126E+04,9.067277E-01,4.039685E+00
10:45:00,1.336785E+04,3.549432E+04,6.899414E-01,3.486835E+00,6.598029E+03,4.874270E+03,3.405212E-01,4.777924E-01,1.578548E+04,1.545202E+04,8.146859E-01,1.514740E+00,6.592854E+03,6.009667E+03,3.402541E-01,5.890726E-01,4.946291E+03,2.963823E+03,2.552897E-01,2.905226E-01,1.114222E+04,9.676403E+03,5.750824E-01,9.485276E-01,4.975629E+03,3.515177E+03,2.568039E-01,3.445662E-01,5.655693E+03,4.968432E+03,2.919038E-01,4.870065E-01,1.249453E+04,1.530655E+04,6.448798E-01,1.500434E+00,5.665479E+03,6.087505E+03,2.924089E-01,5.966830E-01,1.756792E+04,4.192122E+04,9.066644E-01,4.117295E+00
11:00:00,1.336614E+04,3.619733E+04,6.898534E-01,3.555931E+00,6.597972E+03,4.975884E+03,3.405182E-01,4.877529E-01,1.578532E+04,1.569387E+04,8.146777E-01,1.538448E+00,6.592797E+03,5.986357E+03,3.402511E-01,5.867864E-01,4.946259E+03,3.045390E+03,2.552881E-01,2.985191E-01,1.114212E+04,9.873276E+03,5.750777E-01,9.678268E-01,4.975597E+03,3.497903E+03,2.568023E-01,3.428712E-01,5.655418E+03,5.059088E+03,2.918896E-01,4.958924E-01,1.249390E+04,1.551207E+04,6.448473E-01,1.520579E+00,5.665204E+03,6.056840E+03,2.923947E-01,5.936760E-01,1.756669E+04,4.269307E+04,9.066007E-01,4.193127E+00
11:15:00,1.336444E+04,3.685010E+04,6.897657E-01,3.620090E+00,6.597917E+03,5.074621E+03,3.405154E-01,4.974312E-01,1.578516E+04,1.592853E+04,8.146700E-01,1.561451E+00,6.592742E+03,5.971461E+03,3.402483E-01,5.853255E-01,4.946228E+03,3.120814E+03,2.552865E-01,3.059136E-01,1.114203E+04,1.006053E+04,5.750731E-01,9.861834E-01,4.975566E+03,3.490852E+03,2.568007E-01,3.421790E-01,5.655163E+03,5.145499E+03,2.918765E-01,5.043620E-01,1.249331E+04,1.570740E+04,6.448170E-01,1.539725E+00,5.664949E+03,6.035774E+03,2.923816E-01,5.916103E-01,1.756544E+04,4.341915E+04,9.065363E-01,4.264461E+00
11:30:00,1.336276E+04,3.745399E+04,6.896791E-01,3.679443E+00,6.597865E+03,5.169832E+03,3.405127E-01,5.067638E-01,1.578502E+04,1.615687E+04,8.146627E-01,1.583834E+00,6.592690E+03,5.973941E+03,3.402456E-01,5.855686E-01,4.946197E+03,3.190064E+03,2.552849E-01,3.127034E-01,1.114195E+04,1.023790E+04,5.750688E-01,1.003571E+00,4.975536E+03,3.499629E+03,2.567992E-01,3.430393E-01,5.654924E+03,5.226975E+03,2.918642E-01,5.123478E-01,1.249276E+04,1.589304E+04,6.447887E-01,1.557921E+00,5.664710E+03,6.032763E+03,2.923693E-01,5.913153E-01,1.756418E+04,4.410159E+04,9.064714E-01,4.331505E+00
11:45:00,1.336111E+04,3.800952E+04,6.895940E-01,3.734042E+00,6.597815E+03,5.261039E+03,3.405101E-01,5.157037E-01,1.578488E+04,1.637975E+04,8.146557E-01,1.605682E+00,6.592640E+03,5.999919E+03,3.402430E-01,5.881159E-01,4.946168E+03,3.253129E+03,2.552834E-01,3.188865E-01,1.114187E+04,1.040536E+04,5.750647E-01,1.019987E+00,4.975506E+03,3.527332E+03,2.567976E-01,3.457558E-01,5.654700E+03,5.303083E+03,2.918526E-01,5.198073E-01,1.249225E+04,1.606962E+04,6.447621E-01,1.575230E+00,5.664486E+03,6.052977E+03,2.923577E-01,5.932975E-01,1.756292E+04,4.474156E+04,9.064064E-01,4.394373E+00
12:00:00,1.335950E+04,3.851179E+04,6.895106E-01,3.783407E+00,6.597767E+03,5.347879E+03,3.405076E-01,5.242154E-01,1.578475E+04,1.659533E+04,8.146490E-01,1.626814E+00,6.592591E+03,6.041712E+03,3.402405E-01,5.922139E-01,4.946139E+03,3.310137E+03,2.552819E-01,3.244754E-01,1.114179E+04,1.056001E+04,5.750607E-01,1.035146E+00,4.975477E+03,3.564477E+03,2.567962E-01,3.493984E-01,5.654489E+03,5.373555E+03,2.918417E-01,5.267142E-01,1.249176E+04,1.623509E+04,6.447370E-01,1.591449E+00,5.664275E+03,6.087058E+03,2.923468E-01,5.966394E-01,1.756166E+04,4.533379E+04,9.063416E-01,4.452548E+00
12:15:00,1.335792E+04,3.898901E+04,6.894290E-01,3.830311E+00,6.597720E+03,5.433119E+03,3.405052E-01,5.325701E-01,1.578463E+04,1.680980E+04,8.146426E-01,1.647838E+00,6.592544E+03,6.093517E+03,3.402381E-01,5.972934E-01,4.946110E+03,3.364577E+03,2.552805E-01,3.298119E-01,1.114171E+04,1.070623E+04,5.750568E-01,1.049480E+00,4.975449E+03,3.604960E+03,2.567947E-01,3.533682E-01,5.654288E+03,5.440996E+03,2.918314E-01,5.333240E-01,1.249129E+04,1.639455E+04,6.447131E-01,1.607078E+00,5.664074E+03,6.127738E+03,2.923365E-01,6.006280E-01,1.756041E+04,4.590612E+04,9.062770E-01,4.508766E+00
12:30:00,1.335637E+04,3.944063E+04,6.893493E-01,3.874701E+00,6.597674E+03,5.516881E+03,3.405029E-01,5.407801E-01,1.578451E+04,1.702305E+04,8.146363E-01,1.668741E+00,6.592499E+03,6.151307E+03,3.402358E-01,6.029593E-01,4.946082E+03,3.416196E+03,2.552790E-01,3.348711E-01,1.114164E+04,1.084497E+04,5.750531E-01,1.063081E+00,4.975421E+03,3.646214E+03,2.567933E-01,3.574132E-01,5.654097E+03,5.505706E+03,2.918215E-01,5.396662E-01,1.249085E+04,1.654842E+04,6.446902E-01,1.622161E+00,5.663883E+03,6.171149E+03,2.923266E-01,6.048841E-01,1.755917E+04,4.645667E+04,9.062127E-01,4.562844E+00
12:45:00,1.335486E+04,3.986704E+04,6.892715E-01,3.916617E+00,6.597630E+03,5.599168E+03,3.405006E-01,5.488456E-01,1.578439E+04,1.723480E+04,8.146302E-01,1.689498E+00,6.592454E+03,6.212693E+03,3.402335E-01,6.089772E-01,4.946055E+03,3.464974E+03,2.552776E-01,3.396520E-01,1.114157E+04,1.097672E+04,5.750495E-01,1.075997E+00,4.975393E+03,3.687229E+03,2.567919E-01,3.614343E-01,5.653914E+03,5.567776E+03,2.918120E-01,5.457497E-01,1.249043E+04,1.669688E+04,6.446683E-01,1.636712E+00,5.663700E+03,6.215388E+03,2.923171E-01,6.092208E-01,1.755793E+04,4.698478E+04,9.061490E-01,4.614720E+00
13:00:00,1.335339E+04,4.026825E+04,6.891956E-01,3.956058E+00,6.597586E+03,5.679879E+03,3.404983E-01,5.567566E-01,1.578427E+04,1.744452E+04,8.146243E-01,1.710055E+00,6.592411E+03,6.275965E+03,3.402312E-01,6.151797E-01,4.946028E+03,3.510922E+03,2.552762E-01,3.441556E-01,1.114150E+04,1.110138E+04,5.750459E-01,1.088218E+00,4.975367E+03,3.727229E+03,2.567905E-01,3.653555E-01,5.653738E+03,5.627185E+03,2.918030E-01,5.515724E-01,1.249002E+04,1.683962E+04,6.446472E-01,1.650704E+00,5.663524E+03,6.259135E+03,2.923080E-01,6.135091E-01,1.755671E+04,4.748961E+04,9.060858E-01,4.664308E+00
13:15:00,1.335196E+04,4.063326E+04,6.891216E-01,3.991943E+00,6.597544E+03,5.757645E+03,3.404962E-01,5.643789E-01,1.578416E+04,1.764810E+04,8.146185E-01,1.730011E+00,6.592369E+03,6.338624E+03,3.402291E-01,6.213218E-01,4.946002E+03,3.552958E+03,2.552749E-01,3.482760E-01,1.114143E+04,1.121580E+04,5.750425E-01,1.099436E+00,4.975340E+03,3.764503E+03,2.567891E-01,3.690092E-01,5.653568E+03,5.682796E+03,2.917942E-01,5.570229E-01,1.248962E+04,1.697315E+04,6.446269E-01,1.663792E+00,5.663355E+03,6.300289E+03,2.922993E-01,6.175429E-01,1.755549E+04,4.795908E+04,9.060231E-01,4.710421E+00
13:30:00,1.335056E+04,4.096108E+04,6.890494E-01,4.024172E+00,6.597503E+03,5.832146E+03,3.404940E-01,5.716812E-01,1.578405E+04,1.784455E+04,8.146129E-01,1.749267E+00,6.592327E+03,6.399542E+03,3.402269E-01,6.272931E-01,4.945976E+03,3.590927E+03,2.552735E-01,3.519978E-01,1.114137E+04,1.131956E+04,5.750391E-01,1.109607E+00,4.975314E+03,3.798505E+03,2.567878E-01,3.723420E-01,5.653405E+03,5.734377E+03,2.917858E-01,5.620784E-01,1.248924E+04,1.709684E+04,6.446073E-01,1.675916E+00,5.663191E+03,6.338062E+03,2.922909E-01,6.212453E-01,1.755429E+04,4.839128E+04,9.059612E-01,4.752871E+00
13:45:00,1.334920E+04,4.125025E+04,6.889790E-01,4.052601E+00,6.597462E+03,5.902615E+03,3.404919E-01,5.785882E-01,1.578394E+04,1.803090E+04,8.146073E-01,1.767534E+00,6.592287E+03,6.457368E+03,3.402248E-01,6.329612E-01,4.945951E+03,3.624328E+03,2.552722E-01,3.552718E-01,1.114130E+04,1.141002E+04,5.750358E-01,1.118475E+00,4.975289E+03,3.828402E+03,2.567865E-01,3.752723E-01,5.653246E+03,5.781241E+03,2.917776E-01,5.666714E-01,1.248887E+04,1.720791E+04,6.445882E-01,1.686802E+00,5.663033E+03,6.371376E+03,2.922827E-01,6.245104E-01,1.755311E+04,4.878363E+04,9.058999E-01,4.791405E+00
14:00:00,1.334787E+04,4.150028E+04,6.889104E-01,4.077183E+00,6.597423E+03,5.969801E+03,3.404899E-01,5.851732E-01,1.578384E+04,1.820702E+04,8.146019E-01,1.784797E+00,6.592247E+03,6.511471E+03,3.402228E-01,6.382641E-01,4.945926E+03,3.654139E+03,2.552710E-01,3.581940E-01,1.114124E+04,1.148830E+04,5.750326E-01,1.126148E+00,4.975264E+03,3.854043E+03,2.567852E-01,3.777852E-01,5.653093E+03,5.824400E+03,2.917697E-01,5.709013E-01,1.248851E+04,1.730700E+04,6.445697E-01,1.696514E+00,5.662879E+03,6.399973E+03,2.922748E-01,6.273132E-01,1.755193E+04,4.913461E+04,9.058393E-01,4.825875E+00
14:15:00,1.334657E+04,4.169577E+04,6.888436E-01,4.096402E+00,6.597384E+03,6.047867E+03,3.404879E-01,5.928249E-01,1.578374E+04,1.836938E+04,8.145966E-01,1.800712E+00,6.592209E+03,6.558877E+03,3.402208E-01,6.429104E-01,4.945901E+03,3.693603E+03,2.552697E-01,3.620625E-01,1.114118E+04,1.155287E+04,5.750294E-01,1.132478E+00,4.975240E+03,3.873119E+03,2.567839E-01,3.796546E-01,5.652944E+03,5.879579E+03,2.917620E-01,5.763094E-01,1.248817E+04,1.739205E+04,6.445518E-01,1.704849E+00,5.662730E+03,6.421392E+03,2.922671E-01,6.294122E-01,1.755077E+04,4.942941E+04,9.057795E-01,4.854823E+00
14:30:00,1.334531E+04,4.183931E+04,6.887786E-01,4.110508E+00,6.597346E+03,6.146342E+03,3.404859E-01,6.024775E-01,1.578364E+04,1.851939E+04,8.145914E-01,1.815414E+00,6.592171E+03,6.598924E+03,3.402189E-01,6.468353E-01,4.945877E+03,3.749526E+03,2.552685E-01,3.675451E-01,1.114112E+04,1.160535E+04,5.750264E-01,1.137622E+00,4.975216E+03,3.885326E+03,2.567827E-01,3.808505E-01,5.652800E+03,5.956378E+03,2.917545E-01,5.838370E-01,1.248783E+04,1.746484E+04,6.445343E-01,1.711983E+00,5.662586E+03,6.435211E+03,2.922596E-01,6.307662E-01,1.754963E+04,4.967149E+04,9.057204E-01,4.878591E+00
14:45:00,1.334408E+04,4.193189E+04,6.887152E-01,4.119607E+00,6.597309E+03,6.271721E+03,3.404840E-01,6.147679E-01,1.578354E+04,1.865970E+04,8.145863E-01,1.829167E+00,6.592134E+03,6.631526E+03,3.402169E-01,6.500304E-01,4.945854E+03,3.825397E+03,2.552672E-01,3.749834E-01,1.114106E+04,1.164859E+04,5.750233E-01,1.141860E+00,4.975192E+03,3.890901E+03,2.567815E-01,3.813963E-01,5.652659E+03,6.060702E+03,2.917473E-01,5.940635E-01,1.248750E+04,1.752864E+04,6.445173E-01,1.718236E+00,5.662445E+03,6.441695E+03,2.922524E-01,6.314012E-01,1.754850E+04,4.986285E+04,9.056622E-01,4.897375E+00
15:00:00,1.334289E+04,4.197461E+04,6.886535E-01,4.123795E+00,6.597273E+03,6.427194E+03,3.404822E-01,6.300088E-01,1.578344E+04,1.878982E+04,8.145814E-01,1.841920E+00,6.592098E+03,6.656126E+03,3.402151E-01,6.524410E-01,4.945831E+03,3.921644E+03,2.552661E-01,3.844190E-01,1.114100E+04,1.168127E+04,5.750204E-01,1.145064E+00,4.975169E+03,3.889550E+03,2.567803E-01,3.812631E-01,5.652522E+03,6.194991E+03,2.917402E-01,6.072275E-01,1.248718E+04,1.758302E+04,6.445007E-01,1.723564E+00,5.662309E+03,6.440500E+03,2.922453E-01,6.312835E-01,1.754739E+04,5.000454E+04,9.056047E-01,4.911278E+00
15:15:00,1.334172E+04,4.195044E+04,6.885934E-01,4.121388E+00,6.597238E+03,6.597402E+03,3.404803E-01,6.466944E-01,1.578335E+04,1.890203E+04,8.145765E-01,1.852918E+00,6.592062E+03,6.671018E+03,3.402132E-01,6.538999E-01,4.945808E+03,4.022080E+03,2.552649E-01,3.942651E-01,1.114094E+04,1.169531E+04,5.750175E-01,1.146440E+00,4.975147E+03,3.879927E+03,2.567791E-01,3.803192E-01,5.652389E+03,6.342144E+03,2.917334E-01,6.216527E-01,1.248686E+04,1.762033E+04,6.444845E-01,1.727221E+00,5.662176E+03,6.430134E+03,2.922385E-01,6.302668E-01,1.754629E+04,5.007750E+04,9.055481E-01,4.918428E+00
15:30:00,1.334059E+04,4.185600E+04,6.885348E-01,4.112056E+00,6.597203E+03,6.773730E+03,3.404785E-01,6.639795E-01,1.578325E+04,1.899313E+04,8.145717E-01,1.861845E+00,6.592028E+03,6.675727E+03,3.402115E-01,6.543607E-01,4.945786E+03,4.119351E+03,2.552638E-01,4.038000E-01,1.114089E+04,1.168856E+04,5.750146E-01,1.145778E+00,4.975125E+03,3.861987E+03,2.567780E-01,3.785599E-01,5.652260E+03,6.493352E+03,2.917267E-01,6.364750E-01,1.248656E+04,1.763808E+04,6.444688E-01,1.728959E+00,5.662046E+03,6.410444E+03,2.922318E-01,6.283363E-01,1.754521E+04,5.007666E+04,9.054923E-01,4.918326E+00
15:45:00,1.333949E+04,4.169217E+04,6.884778E-01,4.095885E+00,6.597169E+03,6.949932E+03,3.404768E-01,6.812514E-01,1.578316E+04,1.906060E+04,8.145670E-01,1.868458E+00,6.591994E+03,6.669825E+03,3.402097E-01,6.537814E-01,4.945765E+03,4.209119E+03,2.552627E-01,4.125990E-01,1.114084E+04,1.165985E+04,5.750119E-01,1.142963E+00,4.975103E+03,3.835639E+03,2.567769E-01,3.759764E-01,5.652133E+03,6.643080E+03,2.917202E-01,6.511512E-01,1.248626E+04,1.763449E+04,6.444534E-01,1.728605E+00,5.661920E+03,6.381217E+03,2.922253E-01,6.254709E-01,1.754414E+04,5.000144E+04,9.054373E-01,4.910915E+00
16:00:00,1.333841E+04,4.146098E+04,6.884224E-01,4.073095E+00,6.597136E+03,7.120421E+03,3.404751E-01,6.979625E-01,1.578307E+04,1.910206E+04,8.145624E-01,1.872518E+00,6.591960E+03,6.652912E+03,3.402080E-01,6.521227E-01,4.945744E+03,4.287929E+03,2.552616E-01,4.203235E-01,1.114078E+04,1.160826E+04,5.750091E-01,1.137904E+00,4.975082E+03,3.800813E+03,2.567758E-01,3.725619E-01,5.652010E+03,6.786559E+03,2.917138E-01,6.652143E-01,1.248597E+04,1.760783E+04,6.444384E-01,1.725990E+00,5.661797E+03,6.342244E+03,2.922189E-01,6.216502E-01,1.754309E+04,4.985377E+04,9.053831E-01,4.896384E+00
16:15:00,1.333736E+04,4.120587E+04,6.883683E-01,4.047967E+00,6.597103E+03,7.284792E+03,3.404734E-01,7.140733E-01,1.578299E+04,1.912884E+04,8.145579E-01,1.875140E+00,6.591928E+03,6.629489E+03,3.402063E-01,6.498258E-01,4.945723E+03,4.356897E+03,2.552605E-01,4.270832E-01,1.114073E+04,1.154506E+04,5.750065E-01,1.131706E+00,4.975061E+03,3.761862E+03,2.567747E-01,3.687431E-01,5.651890E+03,6.923869E+03,2.917076E-01,6.786721E-01,1.248569E+04,1.756922E+04,6.444237E-01,1.722202E+00,5.661677E+03,6.297961E+03,2.922127E-01,6.173091E-01,1.754206E+04,4.967776E+04,9.053298E-01,4.879068E+00
16:30:00,1.333634E+04,4.092683E+04,6.883157E-01,4.020503E+00,6.597071E+03,7.438161E+03,3.404718E-01,7.291052E-01,1.578290E+04,1.913946E+04,8.145535E-01,1.876179E+00,6.591896E+03,6.599579E+03,3.402047E-01,6.468933E-01,4.945703E+03,4.412981E+03,2.552595E-01,4.325799E-01,1.114068E+04,1.146959E+04,5.750039E-01,1.124307E+00,4.975041E+03,3.718963E+03,2.567737E-01,3.645374E-01,5.651773E+03,7.050762E+03,2.917016E-01,6.911086E-01,1.248541E+04,1.751768E+04,6.444094E-01,1.717148E+00,5.661560E+03,6.248507E+03,2.922067E-01,6.124611E-01,1.754104E+04,4.947329E+04,9.052774E-01,4.858960E+00
16:45:00,1.333535E+04,4.062067E+04,6.882645E-01,3.990383E+00,6.597040E+03,7.575672E+03,3.404701E-01,7.425825E-01,1.578282E+04,1.913215E+04,8.145492E-01,1.875460E+00,6.591865E+03,6.563130E+03,3.402031E-01,6.433199E-01,4.945683E+03,4.456646E+03,2.552584E-01,4.368597E-01,1.114063E+04,1.138103E+04,5.750013E-01,1.115623E+00,4.975021E+03,3.672275E+03,2.567727E-01,3.599605E-01,5.651659E+03,7.162909E+03,2.916957E-01,7.020995E-01,1.248514E+04,1.745197E+04,6.443955E-01,1.710705E+00,5.661446E+03,6.193935E+03,2.922008E-01,6.071117E-01,1.754004E+04,4.923665E+04,9.052257E-01,4.835695E+00
17:00:00,1.333439E+04,4.027761E+04,6.882146E-01,3.956643E+00,6.597009E+03,7.689077E+03,3.404686E-01,7.536967E-01,1.578274E+04,1.910216E+04,8.145449E-01,1.872517E+00,6.591834E+03,6.518735E+03,3.402015E-01,6.389677E-01,4.945664E+03,4.482984E+03,2.552574E-01,4.394396E-01,1.114058E+04,1.127523E+04,5.749988E-01,1.105249E+00,4.975002E+03,3.620795E+03,2.567717E-01,3.549141E-01,5.651548E+03,7.252118E+03,2.916899E-01,7.108419E-01,1.248487E+04,1.736761E+04,6.443818E-01,1.702434E+00,5.661334E+03,6.132794E+03,2.921950E-01,6.011186E-01,1.753906E+04,4.895660E+04,9.051750E-01,4.808167E+00
17:15:00,1.333344E+04,3.989801E+04,6.881661E-01,3.919317E+00,6.596980E+03,7.774727E+03,3.404670E-01,7.620899E-01,1.578265E+04,1.904863E+04,8.145408E-01,1.867268E+00,6.591804E+03,6.466737E+03,3.401999E-01,6.338703E-01,4.945645E+03,4.490658E+03,2.552565E-01,4.401890E-01,1.114053E+04,1.115288E+04,5.749963E-01,1.093255E+00,4.974983E+03,3.565456E+03,2.567707E-01,3.494895E-01,5.651439E+03,7.315594E+03,2.916843E-01,7.170617E-01,1.248462E+04,1.726463E+04,6.443685E-01,1.692338E+00,5.661225E+03,6.065716E+03,2.921894E-01,5.945434E-01,1.753809E+04,4.863068E+04,9.051251E-01,4.776133E+00
17:30:00,1.333253E+04,3.948373E+04,6.881188E-01,3.878601E+00,6.596950E+03,7.828769E+03,3.404655E-01,7.673847E-01,1.578258E+04,1.897034E+04,8.145367E-01,1.859591E+00,6.591775E+03,6.407339E+03,3.401984E-01,6.280475E-01,4.945626E+03,4.478093E+03,2.552555E-01,4.389538E-01,1.114049E+04,1.101393E+04,5.749939E-01,1.079631E+00,4.974965E+03,3.506927E+03,2.567697E-01,3.437524E-01,5.651333E+03,7.350030E+03,2.916788E-01,7.204348E-01,1.248436E+04,1.714247E+04,6.443555E-01,1.680361E+00,5.661119E+03,5.993068E+03,2.921839E-01,5.874223E-01,1.753714E+04,4.825700E+04,9.050760E-01,4.739407E+00
17:45:00,1.333164E+04,3.903387E+04,6.880727E-01,3.834422E+00,6.596922E+03,7.846792E+03,3.404640E-01,7.691487E-01,1.578250E+04,1.886828E+04,8.145327E-01,1.849583E+00,6.591747E+03,6.340598E+03,3.401969E-01,6.215050E-01,4.945608E+03,4.440081E+03,2.552546E-01,4.352237E-01,1.114044E+04,1.086038E+04,5.749916E-01,1.064576E+00,4.974947E+03,3.444606E+03,2.567688E-01,3.376439E-01,5.651230E+03,7.351254E+03,2.916735E-01,7.205525E-01,1.248412E+04,1.700275E+04,6.443428E-01,1.666663E+00,5.661016E+03,5.914984E+03,2.921786E-01,5.797684E-01,1.753621E+04,4.783372E+04,9.050278E-01,4.697808E+00
18:00:00,1.333077E+04,3.855169E+04,6.880279E-01,3.787077E+00,6.596894E+03,7.827737E+03,3.404626E-01,7.672780E-01,1.578242E+04,1.874785E+04,8.145288E-01,1.837775E+00,6.591718E+03,6.267898E+03,3.401955E-01,6.143784E-01,4.945591E+03,4.380035E+03,2.552537E-01,4.293350E-01,1.114040E+04,1.069874E+04,5.749893E-01,1.048728E+00,4.974929E+03,3.379668E+03,2.567679E-01,3.312783E-01,5.651129E+03,7.318810E+03,2.916683E-01,7.173699E-01,1.248388E+04,1.685161E+04,6.443304E-01,1.651847E+00,5.660915E+03,5.833063E+03,2.921734E-01,5.717384E-01,1.753529E+04,4.736367E+04,9.049804E-01,4.651614E+00
18:15:00,1.373181E+04,3.799989E+04,7.087267E-01,3.732887E+00,7.039882E+03,7.762091E+03,3.633250E-01,7.608407E-01,1.705098E+04,1.859852E+04,8.799991E-01,1.823135E+00,7.034707E+03,6.185362E+03,3.630579E-01,6.062877E-01,5.106330E+03,4.291978E+03,2.635498E-01,4.207025E-01,1.146187E+04,1.051892E+04,5.915813E-01,1.031098E+00,5.135669E+03,3.308253E+03,2.650640E-01,3.242776E-01,5.811957E+03,7.243110E+03,2.999690E-01,7.099477E-01,1.280550E+04,1.667909E+04,6.609301E-01,1.634934E+00,5.821743E+03,5.743547E+03,3.004741E-01,5.629641E-01,1.854124E+04,4.680892E+04,9.568966E-01,4.597103E+00
18:30:00,1.413298E+04,3.736834E+04,7.294311E-01,3.670837E+00,7.483069E+03,7.637766E+03,3.861957E-01,7.486514E-01,1.832029E+04,1.841371E+04,9.455021E-01,1.805016E+00,7.477894E+03,6.092018E+03,3.859286E-01,5.971376E-01,5.267116E+03,4.164930E+03,2.718481E-01,4.082482E-01,1.178343E+04,1.031334E+04,6.081776E-01,1.010943E+00,5.296454E+03,3.229295E+03,2.733623E-01,3.165370E-01,5.972830E+03,7.111321E+03,3.082718E-01,6.970276E-01,1.312720E+04,1.647806E+04,6.775341E-01,1.615227E+00,5.982616E+03,5.645401E+03,3.087769E-01,5.533438E-01,1.954760E+04,4.616020E+04,1.008829E+00,4.533357E+00
18:45:00,1.453465E+04,3.665849E+04,7.501570E-01,3.601052E+00,7.926694E+03,7.455762E+03,4.090837E-01,7.308080E-01,1.959059E+04,1.818841E+04,1.011046E+00,1.782928E+00,7.921519E+03,5.988035E+03,4.088166E-01,5.869445E-01,5.428057E+03,4.000424E+03,2.801532E-01,3.921217E-01,1.210523E+04,1.007787E+04,6.247853E-01,9.878559E-01,5.457396E+03,3.144022E+03,2.816675E-01,3.081769E-01,6.133911E+03,6.925918E+03,3.165840E-01,6.788520E-01,1.344927E+04,1.624397E+04,6.941549E-01,1.592278E+00,6.143698E+03,5.538961E+03,3.170891E-01,5.429105E-01,2.055517E+04,4.541752E+04,1.060808E+00,4.460378E+00
19:00:00,1.493685E+04,3.586701E+04,7.709048E-01,3.523227E+00,8.370766E+03,7.208599E+03,4.319878E-01,7.065778E-01,2.086209E+04,1.790808E+04,1.076639E+00,1.755445E+00,8.365591E+03,5.873467E+03,4.317207E-01,5.757138E-01,5.589166E+03,3.789166E+03,2.884655E-01,3.714117E-01,1.242733E+04,9.796786E+03,6.414063E-01,9.602989E-01,5.618507E+03,3.053209E+03,2.899797E-01,2.992740E-01,6.295271E+03,6.678913E+03,3.249086E-01,6.546385E-01,1.377187E+04,1.596203E+04,7.108016E-01,1.564639E+00,6.305058E+03,5.424354E+03,3.254137E-01,5.316765E-01,2.156391E+04,4.457623E+04,1.112825E+00,4.377712E+00
19:15:00,1.493762E+04,3.509798E+04,7.709290E-01,3.447601E+00,8.372100E+03,6.920521E+03,4.320373E-01,6.783368E-01,2.086577E+04,1.759868E+04,1.076789E+00,1.725112E+00,8.366924E+03,5.758552E+03,4.317702E-01,5.644491E-01,5.589643E+03,3.553928E+03,2.884857E-01,3.483495E-01,1.242815E+04,9.494640E+03,6.414436E-01,9.306754E-01,5.618985E+03,2.963337E+03,2.900000E-01,2.904638E-01,6.296000E+03,6.395583E+03,3.249410E-01,6.268644E-01,1.377325E+04,1.565682E+04,7.108668E-01,1.534719E+00,6.305787E+03,5.311064E+03,3.254461E-01,5.205717E-01,2.156651E+04,4.374351E+04,1.112902E+00,4.295885E+00
19:30:00,1.493872E+04,3.438025E+04,7.709677E-01,3.377029E+00,8.373397E+03,6.633775E+03,4.320841E-01,6.502271E-01,2.086921E+04,1.728196E+04,1.076925E+00,1.694061E+00,8.368221E+03,5.646759E+03,4.318170E-01,5.534907E-01,5.590160E+03,3.336194E+03,2.885073E-01,3.270035E-01,1.242907E+04,9.199643E+03,6.414849E-01,9.017524E-01,5.619503E+03,2.877675E+03,2.900216E-01,2.820656E-01,6.296976E+03,6.121419E+03,3.249854E-01,5.999892E-01,1.377520E+04,1.535281E+04,7.109600E-01,1.504915E+00,6.306764E+03,5.202810E+03,3.254905E-01,5.099607E-01,2.156917E+04,4.295063E+04,1.112979E+00,4.217982E+00
19:45:00,1.493978E+04,3.372469E+04,7.710077E-01,3.312580E+00,8.374355E+03,6.368868E+03,4.321177E-01,6.242597E-01,2.087199E+04,1.697070E+04,1.077034E+00,1.663547E+00,8.369179E+03,5.539741E+03,4.318506E-01,5.430007E-01,5.590580E+03,3.151966E+03,2.885245E-01,3.089437E-01,1.242989E+04,8.924616E+03,6.415212E-01,8.747878E-01,5.619923E+03,2.797048E+03,2.900388E-01,2.741609E-01,6.298018E+03,5.874899E+03,3.250340E-01,5.758252E-01,1.377742E+04,1.506204E+04,7.110679E-01,1.476412E+00,6.307806E+03,5.100982E+03,3.255391E-01,4.999799E-01,2.157100E+04,4.221266E+04,1.113027E+00,4.145485E+00
20:00:00,1.494082E+04,3.314200E+04,7.710514E-01,3.255306E+00,8.374940E+03,6.150166E+03,4.321386E-01,6.028228E-01,2.087380E+04,1.668297E+04,1.077105E+00,1.635341E+00,8.369763E+03,5.438749E+03,4.318715E-01,5.331016E-01,5.590873E+03,3.013945E+03,2.885364E-01,2.954153E-01,1.243052E+04,8.685483E+03,6.415495E-01,8.513429E-01,5.620217E+03,2.721560E+03,2.900507E-01,2.667598E-01,6.299029E+03,5.679259E+03,3.250826E-01,5.566498E-01,1.377967E+04,1.480184E+04,7.111788E-01,1.450906E+00,6.308816E+03,5.006564E+03,3.255877E-01,4.907257E-01,2.157205E+04,4.154539E+04,1.113056E+00,4.079938E+00
20:15:00,1.494196E+04,3.261096E+04,7.711045E-01,3.203118E+00,8.375304E+03,5.977630E+03,4.321532E-01,5.859126E-01,2.087498E+04,1.642127E+04,1.077153E+00,1.609688E+00,8.370128E+03,5.342809E+03,4.318861E-01,5.236979E-01,5.591075E+03,2.916011E+03,2.885448E-01,2.858173E-01,1.243102E+04,8.481446E+03,6.415716E-01,8.313396E-01,5.620418E+03,2.652688E+03,2.900591E-01,2.600071E-01,6.299965E+03,5.531400E+03,3.251288E-01,5.421591E-01,1.378181E+04,1.457338E+04,7.112856E-01,1.428514E+00,6.309753E+03,4.918603E+03,3.256339E-01,4.821045E-01,2.157281E+04,4.093033E+04,1.113085E+00,4.019527E+00
20:30:00,1.494326E+04,3.211489E+04,7.711686E-01,3.154371E+00,8.375556E+03,5.831638E+03,4.321646E-01,5.716050E-01,2.087579E+04,1.617554E+04,1.077188E+00,1.585601E+00,8.370380E+03,5.250527E+03,4.318975E-01,5.146528E-01,5.591216E+03,2.834836E+03,2.885509E-01,2.778627E-01,1.243140E+04,8.295242E+03,6.415889E-01,8.130858E-01,5.620558E+03,2.588291E+03,2.900652E-01,2.536940E-01,6.300809E+03,5.407906E+03,3.251712E-01,5.300574E-01,1.378376E+04,1.436372E+04,7.113835E-01,1.407964E+00,6.310596E+03,4.835349E+03,3.256763E-01,4.739447E-01,2.157355E+04,4.035251E+04,1.113121E+00,3.962774E+00
20:45:00,1.494472E+04,3.164632E+04,7.712425E-01,3.108329E+00,8.375748E+03,5.701904E+03,4.321738E-01,5.588909E-01,2.087639E+04,1.594076E+04,1.077216E+00,1.562588E+00,8.370572E+03,5.161159E+03,4.319068E-01,5.058933E-01,5.591319E+03,2.760859E+03,2.885555E-01,2.706130E-01,1.243171E+04,8.118998E+03,6.416029E-01,7.958086E-01,5.620662E+03,2.528019E+03,2.900698E-01,2.477857E-01,6.301557E+03,5.298101E+03,3.252091E-01,5.192970E-01,1.378549E+04,1.416733E+04,7.114711E-01,1.388715E+00,6.311345E+03,4.756028E+03,3.257142E-01,4.661704E-01,2.157438E+04,3.980389E+04,1.113163E+00,3.908888E+00
21:00:00,1.494631E+04,3.120315E+04,7.713237E-01,3.064782E+00,8.375902E+03,5.583373E+03,4.321815E-01,5.472743E-01,2.087684E+04,1.571472E+04,1.077237E+00,1.540432E+00,8.370726E+03,5.074388E+03,4.319144E-01,4.973883E-01,5.591399E+03,2.693883E+03,2.885591E-01,2.640488E-01,1.243196E+04,7.951893E+03,6.416144E-01,7.794269E-01,5.620741E+03,2.471214E+03,2.900734E-01,2.422173E-01,6.302218E+03,5.197714E+03,3.252428E-01,5.094591E-01,1.378702E+04,1.398236E+04,7.115487E-01,1.370586E+00,6.312006E+03,4.680381E+03,3.257479E-01,4.587561E-01,2.157531E+04,3.928073E+04,1.113210E+00,3.857500E+00
21:15:00,1.494799E+04,3.076250E+04,7.714101E-01,3.021482E+00,8.376027E+03,5.470736E+03,4.321877E-01,5.362348E-01,2.087720E+04,1.548958E+04,1.077255E+00,1.518363E+00,8.370851E+03,4.987806E+03,4.319206E-01,4.889018E-01,5.591463E+03,2.629895E+03,2.885621E-01,2.577767E-01,1.243216E+04,7.787751E+03,6.416239E-01,7.633360E-01,5.620804E+03,2.415109E+03,2.900764E-01,2.367175E-01,6.302803E+03,5.102308E+03,3.252727E-01,5.001090E-01,1.378837E+04,1.380183E+04,7.116174E-01,1.352891E+00,6.312590E+03,4.606177E+03,3.257778E-01,4.514833E-01,2.157632E+04,3.875850E+04,1.113262E+00,3.806203E+00
21:30:00,1.494974E+04,3.032351E+04,7.714999E-01,2.978345E+00,8.376132E+03,5.361965E+03,4.321929E-01,5.255740E-01,2.087750E+04,1.526446E+04,1.077269E+00,1.496296E+00,8.370956E+03,4.901214E+03,4.319259E-01,4.804142E-01,5.591515E+03,2.567078E+03,2.885646E-01,2.516188E-01,1.243233E+04,7.625614E+03,6.416320E-01,7.474414E-01,5.620856E+03,2.359356E+03,2.900789E-01,2.312518E-01,6.303320E+03,5.010358E+03,3.252993E-01,4.910971E-01,1.378957E+04,1.362515E+04,7.116783E-01,1.335574E+00,6.313108E+03,4.533174E+03,3.258044E-01,4.443280E-01,2.157740E+04,3.823565E+04,1.113317E+00,3.754843E+00
21:45:00,1.495152E+04,2.988592E+04,7.715918E-01,2.935345E+00,8.376221E+03,5.255855E+03,4.321974E-01,5.151736E-01,2.087774E+04,1.503918E+04,1.077281E+00,1.474213E+00,8.371045E+03,4.814579E+03,4.319303E-01,4.719223E-01,5.591560E+03,2.503745E+03,2.885668E-01,2.454097E-01,1.243248E+04,7.465148E+03,6.416391E-01,7.317105E-01,5.620901E+03,2.303214E+03,2.900811E-01,2.257481E-01,6.303781E+03,4.921008E+03,3.253229E-01,4.823399E-01,1.379062E+04,1.345176E+04,7.117324E-01,1.318578E+00,6.313568E+03,4.461278E+03,3.258280E-01,4.372812E-01,2.157853E+04,3.771149E+04,1.113375E+00,3.703351E+00
22:00:00,1.495330E+04,2.944965E+04,7.716836E-01,2.892475E+00,8.376298E+03,5.151664E+03,4.322014E-01,5.049613E-01,2.087795E+04,1.481420E+04,1.077291E+00,1.452159E+00,8.371122E+03,4.727940E+03,4.319343E-01,4.634300E-01,5.591600E+03,2.440454E+03,2.885688E-01,2.392039E-01,1.243261E+04,7.306088E+03,6.416452E-01,7.161175E-01,5.620941E+03,2.246697E+03,2.900830E-01,2.202075E-01,6.304188E+03,4.833718E+03,3.253439E-01,4.737844E-01,1.379156E+04,1.328026E+04,7.117803E-01,1.301769E+00,6.313975E+03,4.390431E+03,3.258490E-01,4.303372E-01,2.157969E+04,3.718571E+04,1.113436E+00,3.651699E+00
22:15:00,1.495508E+04,2.501111E+04,7.717750E-01,2.393803E+00,8.376367E+03,4.033902E+03,4.322049E-01,3.911112E-01,2.087813E+04,1.153980E+04,1.077301E+00,1.120513E+00,8.371191E+03,3.662323E+03,4.319379E-01,3.558828E-01,5.591636E+03,1.806523E+03,2.885706E-01,1.770677E-01,1.243272E+04,5.420032E+03,6.416506E-01,5.312518E-01,5.620977E+03,1.663807E+03,2.900848E-01,1.630758E-01,6.304551E+03,3.777071E+03,3.253626E-01,3.664364E-01,1.379239E+04,1.030183E+04,7.118229E-01,1.001530E+00,6.314339E+03,3.397546E+03,3.258677E-01,3.303234E-01,2.158089E+04,3.210858E+04,1.113497E+00,3.060259E+00
22:30:00,1.495683E+04,2.121410E+04,7.718656E-01,1.945845E+00,8.376431E+03,3.118995E+03,4.322082E-01,2.936421E-01,2.087830E+04,9.029394E+03,1.077309E+00,8.495026E-01,8.371255E+03,2.810505E+03,4.319411E-01,2.654113E-01,5.591670E+03,1.188481E+03,2.885723E-01,1.164893E-01,1.243282E+04,3.573907E+03,6.416556E-01,3.503008E-01,5.621010E+03,1.095055E+03,2.900865E-01,1.073300E-01,6.304878E+03,2.950845E+03,3.253794E-01,2.775296E-01,1.379314E+04,7.990484E+03,7.118613E-01,7.536397E-01,6.314665E+03,2.608321E+03,3.258845E-01,2.463992E-01,2.158210E+04,2.772009E+04,1.113560E+00,2.526032E+00
22:45:00,1.495857E+04,1.765720E+04,7.719553E-01,1.517641E+00,8.376489E+03,2.336645E+03,4.322112E-01,2.068073E-01,2.087845E+04,6.971807E+03,1.077317E+00,6.144828E-01,8.371313E+03,2.091438E+03,4.319441E-01,1.856092E-01,5.591701E+03,5.863220E+02,2.885739E-01,5.746834E-02,1.243291E+04,1.767291E+03,6.416602E-01,1.732228E-01,5.621042E+03,5.404381E+02,2.900881E-01,5.297005E-02,6.305173E+03,2.265935E+03,3.253947E-01,1.998401E-01,1.379381E+04,6.178437E+03,7.118960E-01,5.453782E-01,6.314960E+03,1.966178E+03,3.258997E-01,1.742540E-01,2.158333E+04,2.355546E+04,1.113623E+00,2.010646E+00
23:00:00,1.496031E+04,1.432689E+04,7.720447E-01,1.109176E+00,8.376545E+03,1.625360E+03,4.322141E-01,1.258661E-01,2.087859E+04,5.096296E+03,1.077324E+00,3.942592E-01,8.371369E+03,1.433594E+03,4.319470E-01,1.108733E-01,5.591732E+03,0.000000E+00,2.885755E-01,0.000000E+00,1.243300E+04,0.000000E+00,6.416645E-01,0.000000E+00,5.621072E+03,0.000000E+00,2.900897E-01,0.000000E+00,6.305446E+03,1.648905E+03,3.254087E-01,1.276980E-01,1.379444E+04,4.541342E+03,7.119281E-01,3.511273E-01,6.315233E+03,1.385179E+03,3.259138E-01,1.070785E-01,2.158458E+04,1.966718E+04,1.113687E+00,1.519315E+00
23:15:00,1.496202E+04,1.512040E+04,7.721332E-01,1.168170E+00,8.376598E+03,1.971757E+03,4.322168E-01,1.525207E-01,2.087873E+04,6.392886E+03,1.077331E+00,4.942609E-01,8.371422E+03,1.795094E+03,4.319498E-01,1.387567E-01,5.591762E+03,0.000000E+00,2.885770E-01,0.000000E+00,1.243308E+04,0.000000E+00,6.416687E-01,0.000000E+00,5.621102E+03,0.000000E+00,2.900912E-01,0.000000E+00,6.305699E+03,2.045213E+03,3.254218E-01,1.582090E-01,1.379502E+04,5.842113E+03,7.119580E-01,4.513128E-01,6.315486E+03,1.768962E+03,3.259269E-01,1.366462E-01,2.158584E+04,2.046510E+04,1.113752E+00,1.580891E+00
23:30:00,1.496371E+04,1.536296E+04,7.722203E-01,1.185783E+00,8.376650E+03,2.144589E+03,4.322195E-01,1.656048E-01,2.087886E+04,6.998949E+03,1.077338E+00,5.404876E-01,8.371474E+03,1.969017E+03,4.319524E-01,1.520441E-01,5.591791E+03,0.000000E+00,2.885785E-01,0.000000E+00,1.243316E+04,0.000000E+00,6.416727E-01,0.000000E+00,5.621132E+03,0.000000E+00,2.900927E-01,0.000000E+00,6.305935E+03,2.239417E+03,3.254340E-01,1.729258E-01,1.379556E+04,6.557141E+03,7.119858E-01,5.063277E-01,6.315722E+03,1.976180E+03,3.259390E-01,1.525897E-01,2.158710E+04,2.068200E+04,1.113818E+00,1.596373E+00
23:45:00,1.496536E+04,1.545852E+04,7.723057E-01,1.193105E+00,8.376699E+03,2.205117E+03,4.322220E-01,1.701563E-01,2.087899E+04,7.195667E+03,1.077345E+00,5.552554E-01,8.371523E+03,2.027084E+03,4.319550E-01,1.564182E-01,5.591820E+03,0.000000E+00,2.885800E-01,0.000000E+00,1.243324E+04,0.000000E+00,6.416765E-01,0.000000E+00,5.621161E+03,0.000000E+00,2.900942E-01,0.000000E+00,6.306157E+03,2.311214E+03,3.254454E-01,1.783336E-01,1.379607E+04,6.815180E+03,7.120121E-01,5.258576E-01,6.315944E+03,2.052413E+03,3.259505E-01,1.583626E-01,2.158836E+04,2.078138E+04,1.113883E+00,1.603984E+00
24:00:00,1.496698E+04,1.541773E+04,7.723892E-01,1.189928E+00,8.376747E+03,2.212786E+03,4.322245E-01,1.707505E-01,2.087912E+04,7.249196E+03,1.077351E+00,5.593931E-01,8.371571E+03,2.039260E+03,4.319574E-01,1.573604E-01,5.591849E+03,0.000000E+00,2.885815E-01,0.000000E+00,1.243331E+04,0.000000E+00,6.416803E-01,0.000000E+00,5.621189E+03,0.000000E+00,2.900957E-01,0.000000E+00,6.306366E+03,2.332094E+03,3.254562E-01,1.799438E-01,1.379655E+04,6.937329E+03,7.120369E-01,5.352798E-01,6.316153E+03,2.081757E+03,3.259613E-01,1.606266E-01,2.158963E+04,2.070621E+04,1.113948E+00,1.598173E+00
Peak,1.499548E+04,4.197461E+04,7.738601E-01,4.123795E+00,8.377611E+03,7.846792E+03,4.322691E-01,7.691487E-01,2.088141E+04,1.913946E+04,1.077470E+00,1.876179E+00,8.372435E+03,6.675727E+03,4.320020E-01,6.543607E-01,5.592388E+03,4.490658E+03,2.886093E-01,4.401890E-01,1.243466E+04,1.169531E+04,6.417498E-01,1.146440E+00,5.621729E+03,3.890901E+03,2.901235E-01,3.813963E-01,6.309669E+03,7.351254E+03,3.256267E-01,7.205525E-01,1.380429E+04,1.763808E+04,7.124363E-01,1.728959E+00,6.319456E+03,6.441695E+03,3.261318E-01,6.314012E-01,2.161587E+04,5.007750E+04,1.115302E+00,4.918428E+00

Peak Vol Flow (m3/s),,,6.528821E-01,3.479120E+00,,,3.646922E-01,6.489072E-01,,,9.090282E-01,1.582875E+00,,,3.644669E-01,5.520642E-01,,,2.434909E-01,3.713740E-01,,,5.414247E-01,9.672164E-01,,,2.447684E-01,3.217724E-01,,,2.747213E-01,6.079081E-01,,,6.010607E-01,1.458670E+00,,,2.751474E-01,5.326939E-01,,,9.409462E-01,4.149527E+00
