Time,THERMAL ZONE 1:OSLO/FORNEBU ANN HTG 99.6% CONDNS DB:Des Heat Load [W],THERMAL ZONE 1:OSLO/FORNEBU ANN CLG .4% CONDNS DB=>MWB:Des Sens Cool Load [W],THERMAL ZONE 1:OSLO/FORNEBU ANN HTG 99.6% CONDNS DB:Des Heat Mass Flow [kg/s],THERMAL ZONE 1:OSLO/FORNEBU ANN CLG .4% CONDNS DB=>MWB:Des Cool Mass Flow [kg/s],THERMAL ZONE 2:OSLO/FORNEBU ANN HTG 99.6% CONDNS DB:Des Heat Load [W],THERMAL ZONE 2:OSLO/FORNEBU ANN CLG .4% CONDNS DB=>MWB:Des Sens Cool Load [W],THERMAL ZONE 2:OSLO/FORNEBU ANN HTG 99.6% CONDNS DB:Des Heat Mass Flow [kg/s],THERMAL ZONE 2:OSLO/FORNEBU ANN CLG .4% CONDNS DB=>MWB:Des Cool Mass Flow [kg/s],THERMAL ZONE 3:OSLO/FORNEBU ANN HTG 99.6% CONDNS DB:Des Heat Load [W],THERMAL ZONE 3:OSLO/FORNEBU ANN CLG .4% CONDNS DB=>MWB:Des Sens Cool Load [W],THERMAL ZONE 3:OSLO/FORNEBU ANN HTG 99.6% CONDNS DB:Des Heat Mass Flow [kg/s],THERMAL ZONE 3:OSLO/FORNEBU ANN CLG .4% CONDNS DB=>MWB:Des Cool Mass Flow [kg/s],THERMAL ZONE 4:OSLO/FORNEBU ANN HTG 99.6% CONDNS DB:Des Heat Load [W],THERMAL ZONE 4:OSLO/FORNEBU ANN CLG .4% CONDNS DB=>MWB:Des Sens Cool Load [W],THERMAL ZONE 4:OSLO/FORNEBU ANN HTG 99.6% CONDNS DB:Des Heat Mass Flow [kg/s],THERMAL ZONE 4:OSLO/FORNEBU ANN CLG .4% CONDNS DB=>MWB:Des Cool Mass Flow [kg/s],THERMAL ZONE 5:OSLO/FORNEBU ANN HTG 99.6% CONDNS DB:Des Heat Load [W],THERMAL ZONE 5:OSLO/FORNEBU ANN CLG .4% CONDNS DB=>MWB:Des Sens Cool Load [W],THERMAL ZONE 5:OSLO/FORNEBU ANN HTG 99.6% CONDNS DB:Des Heat Mass Flow [kg/s],THERMAL ZONE 5:OSLO/FORNEBU ANN CLG .4% CONDNS DB=>MWB:Des Cool Mass Flow [kg/s],THERMAL ZONE 6:OSLO/FORNEBU ANN HTG 99.6% CONDNS DB:Des Heat Load [W],THERMAL ZONE 6:OSLO/FORNEBU ANN CLG .4% CONDNS DB=>MWB:Des Sens Cool Load [W],THERMAL ZONE 6:OSLO/FORNEBU ANN HTG 99.6% CONDNS DB:Des Heat Mass Flow [kg/s],THERMAL ZONE 6:OSLO/FORNEBU ANN CLG .4% CONDNS DB=>MWB:Des Cool Mass Flow [kg/s]
00:15:00,2.626021E+04,0.000000E+00,1.354997E+00,0.000000E+00,2.744065E+04,0.000000E+00,1.412523E+00,0.000000E+00,2.879835E+04,1.091966E+03,1.485966E+00,8.424437E-02,2.825094E+04,0.000000E+00,1.454255E+00,0.000000E+00,3.611502E+04,9.037256E+02,1.863068E+00,6.972158E-02,3.009353E+04,0.000000E+00,1.548967E+00,0.000000E+00
00:30:00,2.626022E+04,0.000000E+00,1.354997E+00,0.000000E+00,2.744064E+04,0.000000E+00,1.412522E+00,0.000000E+00,2.879840E+04,1.006878E+03,1.485969E+00,7.767979E-02,2.825094E+04,0.000000E+00,1.454255E+00,0.000000E+00,3.611509E+04,7.885581E+02,1.863071E+00,6.083641E-02,3.009353E+04,0.000000E+00,1.548967E+00,0.000000E+00
00:45:00,2.626022E+04,0.000000E+00,1.354998E+00,0.000000E+00,2.744064E+04,0.000000E+00,1.412522E+00,0.000000E+00,2.879845E+04,9.177288E+02,1.485971E+00,7.080189E-02,2.825094E+04,0.000000E+00,1.454255E+00,0.000000E+00,3.611516E+04,6.675016E+02,1.863075E+00,5.149693E-02,3.009353E+04,0.000000E+00,1.548967E+00,0.000000E+00
01:00:00,2.626022E+04,0.000000E+00,1.354998E+00,0.000000E+00,2.744064E+04,0.000000E+00,1.412522E+00,0.000000E+00,2.879849E+04,8.265104E+02,1.485974E+00,6.376436E-02,2.825094E+04,0.000000E+00,1.454255E+00,0.000000E+00,3.611522E+04,5.431320E+02,1.863078E+00,4.190189E-02,3.009353E+04,0.000000E+00,1.548967E+00,0.000000E+00
01:15:00,2.626025E+04,0.000000E+00,1.354999E+00,0.000000E+00,2.744064E+04,0.000000E+00,1.412522E+00,0.000000E+00,2.879857E+04,7.278640E+02,1.485977E+00,5.615381E-02,2.825095E+04,0.000000E+00,1.454256E+00,0.000000E+00,3.611531E+04,4.109624E+02,1.863083E+00,3.170513E-02,3.009355E+04,0.000000E+00,1.548968E+00,0.000000E+00
01:30:00,2.626027E+04,0.000000E+00,1.355000E+00,0.000000E+00,2.744064E+04,0.000000E+00,1.412522E+00,0.000000E+00,2.879864E+04,6.317307E+02,1.485981E+00,4.873716E-02,2.825096E+04,0.000000E+00,1.454256E+00,0.000000E+00,3.611540E+04,2.814967E+02,1.863087E+00,2.171701E-02,3.009356E+04,0.000000E+00,1.548969E+00,0.000000E+00
01:45:00,2.626029E+04,0.000000E+00,1.355001E+00,0.000000E+00,2.744065E+04,0.000000E+00,1.412523E+00,0.000000E+00,2.879870E+04,5.387531E+02,1.485985E+00,4.156399E-02,2.825097E+04,0.000000E+00,1.454257E+00,0.000000E+00,3.611548E+04,1.622132E+02,1.863092E+00,1.251446E-02,3.009357E+04,0.000000E+00,1.548969E+00,0.000000E+00
02:00:00,2.626031E+04,0.000000E+00,1.355002E+00,0.000000E+00,2.744065E+04,0.000000E+00,1.412523E+00,0.000000E+00,2.879877E+04,4.495056E+02,1.485988E+00,3.467863E-02,2.825098E+04,0.000000E+00,1.454257E+00,0.000000E+00,3.611556E+04,7.789935E+01,1.863096E+00,6.009788E-03,3.009358E+04,0.000000E+00,1.548970E+00,0.000000E+00
02:15:00,2.626033E+04,0.000000E+00,1.355003E+00,0.000000E+00,2.744065E+04,0.000000E+00,1.412523E+00,0.000000E+00,2.879883E+04,3.623486E+02,1.485991E+00,2.795457E-02,2.825099E+04,0.000000E+00,1.454258E+00,0.000000E+00,3.611564E+04,2.385487E+01,1.863100E+00,1.840356E-03,3.009359E+04,0.000000E+00,1.548970E+00,0.000000E+00
02:30:00,2.626034E+04,0.000000E+00,1.355004E+00,0.000000E+00,2.744065E+04,0.000000E+00,1.412523E+00,0.000000E+00,2.879889E+04,2.773282E+02,1.485994E+00,2.139536E-02,2.825100E+04,0.000000E+00,1.454258E+00,0.000000E+00,3.611571E+04,0.000000E+00,1.863103E+00,0.000000E+00,3.009360E+04,0.000000E+00,1.548971E+00,0.000000E+00
02:45:00,2.626036E+04,0.000000E+00,1.355005E+00,0.000000E+00,2.744066E+04,0.000000E+00,1.412523E+00,0.000000E+00,2.879895E+04,1.945965E+02,1.485997E+00,1.501275E-02,2.825101E+04,0.000000E+00,1.454258E+00,0.000000E+00,3.611578E+04,0.000000E+00,1.863107E+00,0.000000E+00,3.009361E+04,0.000000E+00,1.548971E+00,0.000000E+00
03:00:00,2.626038E+04,0.000000E+00,1.355006E+00,0.000000E+00,2.744066E+04,0.000000E+00,1.412523E+00,0.000000E+00,2.879901E+04,1.157101E+02,1.486000E+00,8.926810E-03,2.825102E+04,0.000000E+00,1.454259E+00,0.000000E+00,3.611585E+04,0.000000E+00,1.863110E+00,0.000000E+00,3.009362E+04,0.000000E+00,1.548972E+00,0.000000E+00
03:15:00,2.626039E+04,0.000000E+00,1.355006E+00,0.000000E+00,2.744066E+04,0.000000E+00,1.412523E+00,0.000000E+00,2.879906E+04,5.710795E+01,1.486003E+00,4.405763E-03,2.825102E+04,0.000000E+00,1.454259E+00,0.000000E+00,3.611591E+04,0.000000E+00,1.863114E+00,0.000000E+00,3.009363E+04,0.000000E+00,1.548972E+00,0.000000E+00
03:30:00,2.626041E+04,0.000000E+00,1.355007E+00,0.000000E+00,2.744066E+04,0.000000E+00,1.412523E+00,0.000000E+00,2.879911E+04,1.855611E+01,1.486006E+00,1.431565E-03,2.825103E+04,0.000000E+00,1.454260E+00,0.000000E+00,3.611598E+04,0.000000E+00,1.863117E+00,0.000000E+00,3.009364E+04,0.000000E+00,1.548973E+00,0.000000E+00
03:45:00,2.626042E+04,0.000000E+00,1.355008E+00,0.000000E+00,2.744067E+04,0.000000E+00,1.412524E+00,0.000000E+00,2.879916E+04,0.000000E+00,1.486008E+00,0.000000E+00,2.825104E+04,0.000000E+00,1.454260E+00,0.000000E+00,3.611603E+04,0.000000E+00,1.863120E+00,0.000000E+00,3.009365E+04,0.000000E+00,1.548973E+00,0.000000E+00
04:00:00,2.626044E+04,0.000000E+00,1.355009E+00,0.000000E+00,2.744067E+04,0.000000E+00,1.412524E+00,0.000000E+00,2.879921E+04,0.000000E+00,1.486011E+00,0.000000E+00,2.825105E+04,0.000000E+00,1.454260E+00,0.000000E+00,3.611609E+04,0.000000E+00,1.863123E+00,0.000000E+00,3.009366E+04,0.000000E+00,1.548974E+00,0.000000E+00
04:15:00,2.626045E+04,0.000000E+00,1.355009E+00,0.000000E+00,2.744067E+04,0.000000E+00,1.412524E+00,0.000000E+00,2.879926E+04,0.000000E+00,1.486013E+00,0.000000E+00,2.825105E+04,0.000000E+00,1.454261E+00,0.000000E+00,3.611615E+04,0.000000E+00,1.863126E+00,0.000000E+00,3.009367E+04,0.000000E+00,1.548974E+00,0.000000E+00
04:30:00,2.626046E+04,0.000000E+00,1.355010E+00,0.000000E+00,2.744067E+04,0.000000E+00,1.412524E+00,0.000000E+00,2.879930E+04,0.000000E+00,1.486015E+00,0.000000E+00,2.825106E+04,0.000000E+00,1.454261E+00,0.000000E+00,3.611620E+04,0.000000E+00,1.863128E+00,0.000000E+00,3.009367E+04,0.000000E+00,1.548974E+00,0.000000E+00
04:45:00,2.626047E+04,0.000000E+00,1.355011E+00,0.000000E+00,2.744067E+04,0.000000E+00,1.412524E+00,0.000000E+00,2.879935E+04,1.663035E+01,1.486018E+00,1.287214E-03,2.825106E+04,0.000000E+00,1.454261E+00,0.000000E+00,3.611625E+04,0.000000E+00,1.863131E+00,0.000000E+00,3.009368E+04,0.000000E+00,1.548975E+00,0.000000E+00
05:00:00,2.626049E+04,0.000000E+00,1.355011E+00,0.000000E+00,2.744067E+04,0.000000E+00,1.412524E+00,0.000000E+00,2.879939E+04,8.227741E+01,1.486020E+00,6.351761E-03,2.825107E+04,0.000000E+00,1.454262E+00,0.000000E+00,3.611630E+04,0.000000E+00,1.863134E+00,0.000000E+00,3.009369E+04,0.000000E+00,1.548975E+00,0.000000E+00
05:15:00,2.626050E+04,0.000000E+00,1.355012E+00,0.000000E+00,2.744068E+04,0.000000E+00,1.412524E+00,0.000000E+00,2.879943E+04,1.604048E+02,1.486022E+00,1.237914E-02,2.825108E+04,0.000000E+00,1.454262E+00,0.000000E+00,3.611634E+04,0.000000E+00,1.863136E+00,0.000000E+00,3.009369E+04,0.000000E+00,1.548976E+00,0.000000E+00
05:30:00,2.626051E+04,0.000000E+00,1.355012E+00,0.000000E+00,2.744068E+04,0.000000E+00,1.412524E+00,0.000000E+00,2.879947E+04,2.721654E+02,1.486024E+00,2.100126E-02,2.825108E+04,0.000000E+00,1.454262E+00,0.000000E+00,3.611639E+04,0.000000E+00,1.863138E+00,0.000000E+00,3.009370E+04,0.000000E+00,1.548976E+00,0.000000E+00
05:45:00,2.626052E+04,0.000000E+00,1.355013E+00,0.000000E+00,2.744068E+04,0.000000E+00,1.412524E+00,0.000000E+00,2.879950E+04,3.962475E+02,1.486026E+00,3.056977E-02,2.825109E+04,0.000000E+00,1.454262E+00,0.000000E+00,3.611643E+04,0.000000E+00,1.863140E+00,0.000000E+00,3.009371E+04,0.000000E+00,1.548976E+00,0.000000E+00
06:00:00,2.626053E+04,0.000000E+00,1.355013E+00,0.000000E+00,2.744068E+04,0.000000E+00,1.412524E+00,0.000000E+00,2.879954E+04,4.948638E+02,1.486028E+00,3.817788E-02,2.825109E+04,0.000000E+00,1.454263E+00,0.000000E+00,3.611647E+04,0.000000E+00,1.863143E+00,0.000000E+00,3.009371E+04,0.000000E+00,1.548976E+00,0.000000E+00
06:15:00,2.530196E+04,7.919118E+02,1.305553E+00,7.393527E-02,2.714113E+04,0.000000E+00,1.397105E+00,0.000000E+00,2.784025E+04,3.246021E+03,1.436529E+00,2.656940E-01,2.795131E+04,0.000000E+00,1.438831E+00,0.000000E+00,3.425637E+04,2.712698E+03,1.767185E+00,2.262308E-01,2.956868E+04,0.000000E+00,1.521952E+00,0.000000E+00
06:30:00,2.434262E+04,1.249664E+03,1.256061E+00,1.190168E-01,2.684133E+04,0.000000E+00,1.381687E+00,0.000000E+00,2.688026E+04,4.282408E+03,1.387004E+00,3.709144E-01,2.765129E+04,0.000000E+00,1.423402E+00,0.000000E+00,3.239455E+04,3.939600E+03,1.671167E+00,3.477668E-01,2.904327E+04,0.000000E+00,1.494933E+00,0.000000E+00
06:45:00,2.338244E+04,1.901980E+03,1.206540E+00,1.829308E-01,2.654148E+04,0.000000E+00,1.366277E+00,0.000000E+00,2.591935E+04,5.838925E+03,1.337447E+00,5.263582E-01,2.735122E+04,0.000000E+00,1.407980E+00,0.000000E+00,3.053131E+04,5.713943E+03,1.575110E+00,5.216248E-01,2.851775E+04,0.000000E+00,1.467927E+00,0.000000E+00
07:00:00,2.242129E+04,2.421968E+03,1.156985E+00,2.338819E-01,2.624156E+04,0.000000E+00,1.350869E+00,0.000000E+00,2.495745E+04,6.911644E+03,1.287859E+00,6.348992E-01,2.705107E+04,0.000000E+00,1.392561E+00,0.000000E+00,2.866644E+04,7.064365E+03,1.479006E+00,6.539560E-01,2.799211E+04,0.000000E+00,1.440927E+00,0.000000E+00
07:15:00,2.241813E+04,2.206348E+03,1.156874E+00,2.164142E-01,2.624116E+04,0.000000E+00,1.350882E+00,0.000000E+00,2.495431E+04,5.361442E+03,1.287756E+00,5.266920E-01,2.705068E+04,0.000000E+00,1.392575E+00,0.000000E+00,2.866079E+04,5.755463E+03,1.478840E+00,5.652836E-01,2.799145E+04,0.000000E+00,1.440953E+00,0.000000E+00
07:30:00,2.241542E+04,2.381732E+03,1.156784E+00,2.333711E-01,2.624098E+04,0.000000E+00,1.350892E+00,0.000000E+00,2.495154E+04,5.531990E+03,1.287670E+00,5.420690E-01,2.705050E+04,0.000000E+00,1.392585E+00,0.000000E+00,2.865638E+04,5.978126E+03,1.478721E+00,5.857923E-01,2.799111E+04,0.000000E+00,1.440972E+00,0.000000E+00
07:45:00,2.241335E+04,2.422926E+03,1.156715E+00,2.374122E-01,2.624084E+04,0.000000E+00,1.350894E+00,0.000000E+00,2.494954E+04,5.198392E+03,1.287609E+00,5.093941E-01,2.705036E+04,0.000000E+00,1.392588E+00,0.000000E+00,2.865309E+04,5.701751E+03,1.478628E+00,5.587236E-01,2.799085E+04,0.000000E+00,1.440976E+00,0.000000E+00
08:00:00,2.241213E+04,2.657162E+03,1.156674E+00,2.603665E-01,2.624075E+04,0.000000E+00,1.350893E+00,0.000000E+00,2.494838E+04,5.373182E+03,1.287573E+00,5.265244E-01,2.705026E+04,0.000000E+00,1.392587E+00,0.000000E+00,2.865119E+04,5.899463E+03,1.478570E+00,5.780990E-01,2.799067E+04,0.000000E+00,1.440974E+00,0.000000E+00
08:15:00,2.241140E+04,2.899875E+03,1.156646E+00,2.841517E-01,2.624068E+04,0.000000E+00,1.350891E+00,0.000000E+00,2.494771E+04,5.569419E+03,1.287548E+00,5.457562E-01,2.705019E+04,0.000000E+00,1.392585E+00,0.000000E+00,2.865000E+04,6.099387E+03,1.478522E+00,5.976908E-01,2.799053E+04,0.000000E+00,1.440970E+00,0.000000E+00
08:30:00,2.241093E+04,3.150295E+03,1.156625E+00,3.086897E-01,2.624063E+04,0.000000E+00,1.350889E+00,0.000000E+00,2.494725E+04,5.795562E+03,1.287527E+00,5.679122E-01,2.705014E+04,0.000000E+00,1.392583E+00,0.000000E+00,2.864913E+04,6.310270E+03,1.478480E+00,6.183499E-01,2.799041E+04,0.000000E+00,1.440965E+00,0.000000E+00
08:45:00,2.241058E+04,3.404583E+03,1.156609E+00,3.336059E-01,2.624059E+04,0.000000E+00,1.350887E+00,0.000000E+00,2.494690E+04,6.044246E+03,1.287510E+00,5.922750E-01,2.705009E+04,4.307084E-01,1.392581E+00,4.272488E-05,2.864844E+04,6.530109E+03,1.478444E+00,6.398847E-01,2.799033E+04,9.580238E+00,1.440961E+00,9.470175E-04
09:00:00,2.241032E+04,3.670891E+03,1.156596E+00,3.596991E-01,2.624056E+04,0.000000E+00,1.350886E+00,0.000000E+00,2.494661E+04,6.313008E+03,1.287495E+00,6.186035E-01,2.705006E+04,8.372151E+01,1.392579E+00,8.203379E-03,2.864788E+04,6.764050E+03,1.478416E+00,6.628000E-01,2.799025E+04,1.019980E+02,1.440958E+00,1.000222E-02
09:15:00,2.241012E+04,3.943930E+03,1.156586E+00,3.864591E-01,2.624053E+04,0.000000E+00,1.350884E+00,0.000000E+00,2.494637E+04,6.582317E+03,1.287483E+00,6.449995E-01,2.705002E+04,2.102949E+02,1.392578E+00,2.060524E-02,2.864742E+04,7.005191E+03,1.478393E+00,6.864352E-01,2.799020E+04,2.373129E+02,1.440955E+00,2.326063E-02
09:30:00,2.240997E+04,4.222241E+03,1.156579E+00,4.137394E-01,2.624051E+04,7.869289E+01,1.350883E+00,7.741690E-03,2.494617E+04,6.845766E+03,1.287473E+00,6.708282E-01,2.705000E+04,3.907199E+02,1.392576E+00,3.828392E-02,2.864706E+04,7.253754E+03,1.478375E+00,7.108052E-01,2.799015E+04,4.302577E+02,1.440952E+00,4.216609E-02
09:45:00,2.240985E+04,4.503472E+03,1.156572E+00,4.413068E-01,2.624050E+04,1.873099E+02,1.350883E+00,1.838504E-02,2.494600E+04,7.104037E+03,1.287465E+00,6.961504E-01,2.704997E+04,6.240041E+02,1.392575E+00,6.114191E-02,2.864675E+04,7.509096E+03,1.478359E+00,7.358404E-01,2.799010E+04,6.681296E+02,1.440950E+00,6.546590E-02
10:00:00,2.240975E+04,4.776079E+03,1.156567E+00,4.680301E-01,2.624048E+04,3.463762E+02,1.350882E+00,3.397082E-02,2.494584E+04,7.355049E+03,1.287457E+00,7.207616E-01,2.704995E+04,8.237714E+02,1.392574E+00,8.071742E-02,2.864650E+04,7.763569E+03,1.478346E+00,7.607911E-01,2.799007E+04,8.742775E+02,1.440948E+00,8.566651E-02
10:15:00,2.240967E+04,5.033300E+03,1.156563E+00,4.932399E-01,2.624047E+04,5.461821E+02,1.350881E+00,5.354879E-02,2.494571E+04,7.599912E+03,1.287450E+00,7.447595E-01,2.704993E+04,1.022930E+03,1.392573E+00,1.002338E-01,2.864627E+04,8.015543E+03,1.478334E+00,7.854862E-01,2.799004E+04,1.081407E+03,1.440947E+00,1.059640E-01
10:30:00,2.240960E+04,5.271661E+03,1.156560E+00,5.166006E-01,2.624046E+04,7.052007E+02,1.350881E+00,6.909963E-02,2.494558E+04,7.839963E+03,1.287443E+00,7.682838E-01,2.704991E+04,1.209553E+03,1.392572E+00,1.185222E-01,2.864607E+04,8.264365E+03,1.478324E+00,8.098704E-01,2.799001E+04,1.273572E+03,1.440945E+00,1.247957E-01
10:45:00,2.240954E+04,5.491885E+03,1.156557E+00,5.381836E-01,2.624045E+04,8.714301E+02,1.350880E+00,8.538792E-02,2.494546E+04,8.077018E+03,1.287437E+00,7.915140E-01,2.704990E+04,1.383075E+03,1.392571E+00,1.355273E-01,2.864589E+04,8.510932E+03,1.478315E+00,8.340331E-01,2.798998E+04,1.452762E+03,1.440944E+00,1.423562E-01
11:00:00,2.240949E+04,5.693745E+03,1.156554E+00,5.579669E-01,2.624045E+04,1.026679E+03,1.350880E+00,1.006016E-01,2.494535E+04,8.316145E+03,1.287432E+00,8.149469E-01,2.704988E+04,1.548909E+03,1.392570E+00,1.517792E-01,2.864573E+04,8.760893E+03,1.478306E+00,8.585280E-01,2.798996E+04,1.623746E+03,1.440943E+00,1.591129E-01
11:15:00,2.240945E+04,5.880489E+03,1.156552E+00,5.762692E-01,2.624044E+04,1.169819E+03,1.350880E+00,1.146291E-01,2.494525E+04,8.552881E+03,1.287426E+00,8.381453E-01,2.704987E+04,1.702836E+03,1.392570E+00,1.668645E-01,2.864558E+04,9.010919E+03,1.478299E+00,8.830291E-01,2.798994E+04,1.782822E+03,1.440942E+00,1.747029E-01
11:30:00,2.240941E+04,6.056324E+03,1.156550E+00,5.935017E-01,2.624043E+04,1.304392E+03,1.350879E+00,1.278172E-01,2.494515E+04,8.786253E+03,1.287421E+00,8.610140E-01,2.704985E+04,1.847335E+03,1.392569E+00,1.810261E-01,2.864544E+04,9.261702E+03,1.478292E+00,9.076042E-01,2.798992E+04,1.932512E+03,1.440941E+00,1.893731E-01
11:45:00,2.240937E+04,6.220886E+03,1.156548E+00,6.096287E-01,2.624043E+04,1.431139E+03,1.350879E+00,1.402386E-01,2.494506E+04,9.015249E+03,1.287416E+00,8.834540E-01,2.704984E+04,1.984088E+03,1.392568E+00,1.944285E-01,2.864531E+04,9.512814E+03,1.478285E+00,9.322116E-01,2.798990E+04,2.074766E+03,1.440940E+00,2.033147E-01
12:00:00,2.240934E+04,6.378021E+03,1.156546E+00,6.250278E-01,2.624043E+04,1.547624E+03,1.350879E+00,1.516546E-01,2.494497E+04,9.235177E+03,1.287412E+00,9.050053E-01,2.704983E+04,2.111999E+03,1.392568E+00,2.069645E-01,2.864520E+04,9.759154E+03,1.478279E+00,9.563514E-01,2.798989E+04,2.208792E+03,1.440939E+00,2.164500E-01
12:15:00,2.240931E+04,6.527636E+03,1.156545E+00,6.396886E-01,2.624042E+04,1.658779E+03,1.350879E+00,1.625485E-01,2.494489E+04,9.447337E+03,1.287408E+00,9.257952E-01,2.704982E+04,2.236682E+03,1.392567E+00,2.191841E-01,2.864508E+04,1.000138E+04,1.478273E+00,9.800884E-01,2.798987E+04,2.340366E+03,1.440938E+00,2.293450E-01
12:30:00,2.240928E+04,6.669294E+03,1.156543E+00,6.535698E-01,2.624042E+04,1.763679E+03,1.350879E+00,1.728295E-01,2.494481E+04,9.649903E+03,1.287403E+00,9.456450E-01,2.704980E+04,2.356960E+03,1.392567E+00,2.309721E-01,2.864498E+04,1.023665E+04,1.478268E+00,1.003143E+00,2.798986E+04,2.468294E+03,1.440937E+00,2.418828E-01
12:45:00,2.240926E+04,6.804433E+03,1.156542E+00,6.668119E-01,2.624042E+04,1.863091E+03,1.350878E+00,1.825729E-01,2.494473E+04,9.842172E+03,1.287399E+00,9.644858E-01,2.704979E+04,2.472218E+03,1.392566E+00,2.422682E-01,2.864488E+04,1.046352E+04,1.478263E+00,1.025375E+00,2.798984E+04,2.591842E+03,1.440937E+00,2.539914E-01
13:00:00,2.240924E+04,6.930763E+03,1.156541E+00,6.791905E-01,2.624041E+04,1.957196E+03,1.350878E+00,1.917960E-01,2.494466E+04,1.002303E+04,1.287396E+00,9.822084E-01,2.704978E+04,2.581983E+03,1.392565E+00,2.530259E-01,2.864479E+04,1.068038E+04,1.478258E+00,1.046625E+00,2.798983E+04,2.710435E+03,1.440936E+00,2.656145E-01
13:15:00,2.240921E+04,7.044284E+03,1.156540E+00,6.903141E-01,2.624041E+04,2.043763E+03,1.350878E+00,2.002803E-01,2.494459E+04,1.018890E+04,1.287392E+00,9.984619E-01,2.704977E+04,2.683082E+03,1.392565E+00,2.629345E-01,2.864470E+04,1.088305E+04,1.478254E+00,1.066485E+00,2.798982E+04,2.820790E+03,1.440935E+00,2.764302E-01
13:30:00,2.240920E+04,7.143348E+03,1.156539E+00,7.000210E-01,2.624041E+04,2.122749E+03,1.350878E+00,2.080214E-01,2.494452E+04,1.033790E+04,1.287389E+00,1.013063E+00,2.704977E+04,2.775150E+03,1.392565E+00,2.719579E-01,2.864462E+04,1.106933E+04,1.478249E+00,1.084740E+00,2.798981E+04,2.922433E+03,1.440935E+00,2.863920E-01
13:45:00,2.240918E+04,7.225967E+03,1.156538E+00,7.081166E-01,2.624040E+04,2.193200E+03,1.350878E+00,2.149259E-01,2.494445E+04,1.046772E+04,1.287385E+00,1.025783E+00,2.704976E+04,2.857919E+03,1.392564E+00,2.800700E-01,2.864454E+04,1.123661E+04,1.478245E+00,1.101131E+00,2.798980E+04,3.014988E+03,1.440934E+00,2.954632E-01
14:00:00,2.240916E+04,7.293237E+03,1.156537E+00,7.147078E-01,2.624040E+04,2.254828E+03,1.350878E+00,2.209658E-01,2.494439E+04,1.057920E+04,1.287382E+00,1.036708E+00,2.704975E+04,2.931513E+03,1.392564E+00,2.872828E-01,2.864446E+04,1.138521E+04,1.478241E+00,1.115692E+00,2.798979E+04,3.098945E+03,1.440934E+00,3.036918E-01
14:15:00,2.240914E+04,7.348066E+03,1.156536E+00,7.200800E-01,2.624040E+04,2.301896E+03,1.350878E+00,2.255789E-01,2.494433E+04,1.067536E+04,1.287379E+00,1.046130E+00,2.704974E+04,2.991569E+03,1.392563E+00,2.931688E-01,2.864439E+04,1.151713E+04,1.478237E+00,1.128620E+00,2.798978E+04,3.171607E+03,1.440933E+00,3.108133E-01
14:30:00,2.240913E+04,7.393797E+03,1.156535E+00,7.245608E-01,2.624040E+04,2.334130E+03,1.350878E+00,2.287381E-01,2.494427E+04,1.076025E+04,1.287376E+00,1.054447E+00,2.704973E+04,3.038971E+03,1.392563E+00,2.978146E-01,2.864432E+04,1.163623E+04,1.478234E+00,1.140290E+00,2.798977E+04,3.234818E+03,1.440933E+00,3.170085E-01
14:45:00,2.240911E+04,7.431948E+03,1.156535E+00,7.282988E-01,2.624040E+04,2.351357E+03,1.350877E+00,2.304264E-01,2.494422E+04,1.083623E+04,1.287373E+00,1.061893E+00,2.704973E+04,3.074541E+03,1.392562E+00,3.013008E-01,2.864425E+04,1.174506E+04,1.478230E+00,1.150954E+00,2.798976E+04,3.289936E+03,1.440932E+00,3.224105E-01
15:00:00,2.240910E+04,7.461329E+03,1.156534E+00,7.311774E-01,2.624040E+04,2.353957E+03,1.350877E+00,2.306812E-01,2.494417E+04,1.090265E+04,1.287370E+00,1.068401E+00,2.704972E+04,3.098821E+03,1.392562E+00,3.036804E-01,2.864419E+04,1.184326E+04,1.478227E+00,1.160577E+00,2.798975E+04,3.337269E+03,1.440932E+00,3.270494E-01
15:15:00,2.240909E+04,7.471863E+03,1.156533E+00,7.322093E-01,2.624039E+04,2.338381E+03,1.350877E+00,2.291547E-01,2.494412E+04,1.094907E+04,1.287368E+00,1.072950E+00,2.704971E+04,3.108548E+03,1.392562E+00,3.046337E-01,2.864413E+04,1.192087E+04,1.478224E+00,1.168181E+00,2.798974E+04,3.371603E+03,1.440932E+00,3.304145E-01
15:30:00,2.240907E+04,7.459741E+03,1.156533E+00,7.310208E-01,2.624039E+04,2.304644E+03,1.350877E+00,2.258482E-01,2.494407E+04,1.097077E+04,1.287365E+00,1.075075E+00,2.704971E+04,3.103303E+03,1.392561E+00,3.041194E-01,2.864407E+04,1.197298E+04,1.478221E+00,1.173287E+00,2.798973E+04,3.391245E+03,1.440931E+00,3.323394E-01
15:45:00,2.240906E+04,7.422212E+03,1.156532E+00,7.273425E-01,2.624039E+04,2.251960E+03,1.350877E+00,2.206848E-01,2.494402E+04,1.096381E+04,1.287363E+00,1.074393E+00,2.704970E+04,3.082246E+03,1.392561E+00,3.020556E-01,2.864402E+04,1.199505E+04,1.478218E+00,1.175449E+00,2.798973E+04,3.394381E+03,1.440931E+00,3.326466E-01
16:00:00,2.240905E+04,7.359895E+03,1.156531E+00,7.212348E-01,2.624039E+04,2.180327E+03,1.350877E+00,2.136642E-01,2.494397E+04,1.092809E+04,1.287360E+00,1.070891E+00,2.704969E+04,3.045725E+03,1.392561E+00,2.984760E-01,2.864396E+04,1.198620E+04,1.478216E+00,1.174582E+00,2.798972E+04,3.380241E+03,1.440930E+00,3.312605E-01
16:15:00,2.240904E+04,7.288669E+03,1.156531E+00,7.142540E-01,2.624039E+04,2.101833E+03,1.350877E+00,2.059712E-01,2.494393E+04,1.088005E+04,1.287358E+00,1.066183E+00,2.704969E+04,3.000284E+03,1.392561E+00,2.940222E-01,2.864391E+04,1.196236E+04,1.478213E+00,1.172244E+00,2.798971E+04,3.359397E+03,1.440930E+00,3.292172E-01
16:30:00,2.240903E+04,7.214378E+03,1.156530E+00,7.069731E-01,2.624039E+04,2.016930E+03,1.350877E+00,1.976500E-01,2.494389E+04,1.082640E+04,1.287356E+00,1.060924E+00,2.704968E+04,2.934364E+03,1.392560E+00,2.875613E-01,2.864387E+04,1.192988E+04,1.478210E+00,1.169061E+00,2.798971E+04,3.331584E+03,1.440930E+00,3.264910E-01
16:45:00,2.240902E+04,7.140526E+03,1.156530E+00,6.997354E-01,2.624039E+04,1.926649E+03,1.350877E+00,1.888021E-01,2.494385E+04,1.077146E+04,1.287354E+00,1.055540E+00,2.704968E+04,2.840078E+03,1.392560E+00,2.783206E-01,2.864382E+04,1.189339E+04,1.478208E+00,1.165484E+00,2.798970E+04,3.297020E+03,1.440929E+00,3.231032E-01
17:00:00,2.240901E+04,7.066925E+03,1.156529E+00,6.925227E-01,2.624038E+04,1.830568E+03,1.350877E+00,1.793857E-01,2.494381E+04,1.071512E+04,1.287352E+00,1.050019E+00,2.704967E+04,2.721486E+03,1.392560E+00,2.666976E-01,2.864377E+04,1.185337E+04,1.478206E+00,1.161562E+00,2.798969E+04,3.254966E+03,1.440929E+00,3.189813E-01
17:15:00,2.240900E+04,6.987470E+03,1.156529E+00,6.847363E-01,2.624038E+04,1.728497E+03,1.350877E+00,1.693823E-01,2.494377E+04,1.065061E+04,1.287350E+00,1.043698E+00,2.704967E+04,2.586387E+03,1.392560E+00,2.534569E-01,2.864373E+04,1.180385E+04,1.478203E+00,1.156709E+00,2.798969E+04,3.204796E+03,1.440929E+00,3.140641E-01
17:30:00,2.240899E+04,6.897493E+03,1.156528E+00,6.759189E-01,2.624038E+04,1.620483E+03,1.350877E+00,1.587966E-01,2.494374E+04,1.057228E+04,1.287348E+00,1.036021E+00,2.704966E+04,2.447616E+03,1.392559E+00,2.398563E-01,2.864369E+04,1.173923E+04,1.478201E+00,1.150377E+00,2.798968E+04,3.145901E+03,1.440929E+00,3.082917E-01
17:45:00,2.240898E+04,6.797313E+03,1.156528E+00,6.661015E-01,2.624038E+04,1.510008E+03,1.350877E+00,1.479698E-01,2.494371E+04,1.047922E+04,1.287347E+00,1.026901E+00,2.704966E+04,2.317880E+03,1.392559E+00,2.271414E-01,2.864365E+04,1.165851E+04,1.478199E+00,1.142465E+00,2.798968E+04,3.076812E+03,1.440928E+00,3.015202E-01
18:00:00,2.240898E+04,6.688523E+03,1.156528E+00,6.554404E-01,2.624038E+04,1.400936E+03,1.350877E+00,1.372805E-01,2.494367E+04,1.037254E+04,1.287345E+00,1.016447E+00,2.704966E+04,2.197073E+03,1.392559E+00,2.153017E-01,2.864361E+04,1.156290E+04,1.478197E+00,1.133096E+00,2.798967E+04,2.997419E+03,1.440928E+00,2.937389E-01
18:15:00,2.336754E+04,6.565030E+03,1.205999E+00,6.433383E-01,2.653993E+04,1.287038E+03,1.366298E+00,1.261186E-01,2.590297E+04,1.024674E+04,1.336854E+00,1.004119E+00,2.734944E+04,2.076528E+03,1.407992E+00,2.034878E-01,3.050372E+04,1.144618E+04,1.574191E+00,1.121658E+00,2.851471E+04,2.899341E+03,1.467957E+00,2.841266E-01
18:30:00,2.432642E+04,6.425503E+03,1.255484E+00,6.296647E-01,2.683972E+04,1.168688E+03,1.381716E+00,1.145203E-01,2.686254E+04,1.010190E+04,1.386375E+00,9.899249E-01,2.764945E+04,1.956525E+03,1.423422E+00,1.917271E-01,3.236452E+04,1.130778E+04,1.670209E+00,1.108095E+00,2.904011E+04,2.779294E+03,1.494979E+00,2.723611E-01
18:45:00,2.528656E+04,6.266588E+03,1.305014E+00,6.140911E-01,2.713958E+04,1.042289E+03,1.397127E+00,1.021336E-01,2.782343E+04,9.937189E+03,1.435941E+00,9.737840E-01,2.794953E+04,1.833218E+03,1.438845E+00,1.796427E-01,3.422770E+04,1.114494E+04,1.766296E+00,1.092137E+00,2.956563E+04,2.633092E+03,1.521987E+00,2.580324E-01
19:00:00,2.624778E+04,6.084613E+03,1.354576E+00,5.962574E-01,2.743950E+04,9.033210E+02,1.412535E+00,8.851523E-02,2.878540E+04,9.749794E+03,1.485536E+00,9.554201E-01,2.824967E+04,1.700935E+03,1.454264E+00,1.666787E-01,3.609273E+04,1.095461E+04,1.862417E+00,1.073485E+00,3.009126E+04,2.459097E+03,1.548988E+00,2.409800E-01
19:15:00,2.625104E+04,5.894363E+03,1.354680E+00,5.776126E-01,2.743989E+04,7.719201E+02,1.412521E+00,7.563852E-02,2.878862E+04,9.551265E+03,1.485632E+00,9.359649E-01,2.825006E+04,1.578251E+03,1.454249E+00,1.546554E-01,3.609848E+04,1.074881E+04,1.862550E+00,1.053317E+00,3.009191E+04,2.281384E+03,1.548958E+00,2.235631E-01
19:30:00,2.625428E+04,5.697962E+03,1.354780E+00,5.583653E-01,2.744008E+04,6.460355E+02,1.412510E+00,6.330262E-02,2.879184E+04,9.341398E+03,1.485723E+00,9.153986E-01,2.825025E+04,1.461667E+03,1.454237E+00,1.432300E-01,3.610392E+04,1.052581E+04,1.862667E+00,1.031464E+00,3.009226E+04,2.103989E+03,1.548936E+00,2.061776E-01
19:45:00,2.625642E+04,5.495942E+03,1.354840E+00,5.385675E-01,2.744022E+04,5.234490E+02,1.412508E+00,5.129021E-02,2.879389E+04,9.118376E+03,1.485775E+00,8.935430E-01,2.825039E+04,1.347533E+03,1.454234E+00,1.320448E-01,3.610726E+04,1.028420E+04,1.862728E+00,1.007787E+00,3.009253E+04,1.931903E+03,1.548930E+00,1.893126E-01
20:00:00,2.625758E+04,5.287560E+03,1.354874E+00,5.181466E-01,2.744031E+04,4.017983E+02,1.412508E+00,3.936980E-02,2.879498E+04,8.880015E+03,1.485804E+00,8.701840E-01,2.825048E+04,1.232680E+03,1.454234E+00,1.207894E-01,3.610899E+04,1.002191E+04,1.862769E+00,9.820827E-01,3.009271E+04,1.765944E+03,1.548931E+00,1.730484E-01
20:15:00,2.625823E+04,5.070896E+03,1.354899E+00,4.969139E-01,2.744038E+04,2.748626E+02,1.412510E+00,2.693188E-02,2.879558E+04,8.625926E+03,1.485826E+00,8.452839E-01,2.825056E+04,1.109964E+03,1.454237E+00,1.087637E-01,3.611007E+04,9.738727E+03,1.862814E+00,9.543315E-01,3.009286E+04,1.600239E+03,1.548935E+00,1.568093E-01
20:30:00,2.625866E+04,4.824670E+03,1.354918E+00,4.727844E-01,2.744044E+04,1.573498E+02,1.412512E+00,1.541748E-02,2.879601E+04,8.345466E+03,1.485847E+00,8.177994E-01,2.825061E+04,9.702542E+02,1.454239E+00,9.507293E-02,3.611093E+04,9.426790E+03,1.862859E+00,9.237623E-01,3.009297E+04,1.425475E+03,1.548940E+00,1.396826E-01
20:45:00,2.625898E+04,4.551303E+03,1.354935E+00,4.459942E-01,2.744048E+04,7.108956E+01,1.412514E+00,6.965443E-03,2.879635E+04,8.042529E+03,1.485864E+00,7.881122E-01,2.825066E+04,8.115546E+02,1.454241E+00,7.952155E-02,3.611165E+04,9.090001E+03,1.862896E+00,8.907577E-01,3.009307E+04,1.237890E+03,1.548944E+00,1.212999E-01
21:00:00,2.625923E+04,4.256519E+03,1.354947E+00,4.171047E-01,2.744051E+04,1.936157E+01,1.412516E+00,1.897049E-03,2.879664E+04,7.724497E+03,1.485879E+00,7.569458E-01,2.825070E+04,6.368019E+02,1.454243E+00,6.239744E-02,3.611223E+04,8.734663E+03,1.862925E+00,8.559352E-01,3.009314E+04,1.037859E+03,1.548947E+00,1.016979E-01
21:15:00,2.625942E+04,3.941754E+03,1.354957E+00,3.862572E-01,2.744053E+04,0.000000E+00,1.412517E+00,0.000000E+00,2.879688E+04,7.395301E+03,1.485891E+00,7.246855E-01,2.825073E+04,4.462611E+02,1.454244E+00,4.372669E-02,3.611268E+04,8.364450E+03,1.862948E+00,8.196554E-01,3.009320E+04,8.231823E+02,1.548950E+00,8.066110E-02
21:30:00,2.625957E+04,3.647719E+03,1.354964E+00,3.574410E-01,2.744055E+04,0.000000E+00,1.412518E+00,0.000000E+00,2.879708E+04,7.084270E+03,1.485901E+00,6.942054E-01,2.825076E+04,2.612003E+02,1.454246E+00,2.559332E-02,3.611305E+04,8.007553E+03,1.862966E+00,7.846805E-01,3.009325E+04,6.112718E+02,1.548953E+00,5.989579E-02
21:45:00,2.625969E+04,3.383652E+03,1.354970E+00,3.315626E-01,2.744057E+04,0.000000E+00,1.412519E+00,0.000000E+00,2.879725E+04,6.799353E+03,1.485909E+00,6.662848E-01,2.825078E+04,1.248316E+02,1.454247E+00,1.223129E-02,3.611335E+04,7.673965E+03,1.862981E+00,7.519901E-01,3.009329E+04,4.112538E+02,1.548955E+00,4.029635E-02
22:00:00,2.625979E+04,3.150990E+03,1.354975E+00,3.087624E-01,2.744059E+04,0.000000E+00,1.412519E+00,0.000000E+00,2.879740E+04,6.542866E+03,1.485917E+00,6.411506E-01,2.825081E+04,3.820053E+01,1.454248E+00,3.742930E-03,3.611361E+04,7.367928E+03,1.862995E+00,7.220001E-01,3.009333E+04,2.333648E+02,1.548957E+00,2.286577E-02
22:15:00,2.625987E+04,2.282336E+03,1.354979E+00,2.236432E-01,2.744060E+04,0.000000E+00,1.412520E+00,0.000000E+00,2.879754E+04,4.816179E+03,1.485924E+00,4.719483E-01,2.825083E+04,0.000000E+00,1.454249E+00,0.000000E+00,3.611384E+04,5.415919E+03,1.863007E+00,5.307179E-01,3.009337E+04,1.101064E+02,1.548959E+00,1.078842E-02
22:30:00,2.625994E+04,1.472396E+03,1.354983E+00,1.442780E-01,2.744061E+04,0.000000E+00,1.412521E+00,0.000000E+00,2.879767E+04,3.354845E+03,1.485931E+00,3.246091E-01,2.825085E+04,0.000000E+00,1.454250E+00,0.000000E+00,3.611405E+04,3.762747E+03,1.863018E+00,3.641532E-01,3.009339E+04,3.370651E+01,1.548960E+00,3.302585E-03
22:45:00,2.626000E+04,7.126042E+02,1.354986E+00,6.982693E-02,2.744062E+04,0.000000E+00,1.412521E+00,0.000000E+00,2.879779E+04,2.455130E+03,1.485937E+00,2.217604E-01,2.825086E+04,0.000000E+00,1.454251E+00,0.000000E+00,3.611423E+04,2.639276E+03,1.863027E+00,2.398802E-01,3.009342E+04,0.000000E+00,1.548961E+00,0.000000E+00
23:00:00,2.626005E+04,0.000000E+00,1.354989E+00,0.000000E+00,2.744063E+04,0.000000E+00,1.412521E+00,0.000000E+00,2.879790E+04,1.098718E+03,1.485943E+00,8.480079E-02,2.825088E+04,0.000000E+00,1.454252E+00,0.000000E+00,3.611440E+04,1.071226E+03,1.863036E+00,8.268093E-02,3.009345E+04,0.000000E+00,1.548963E+00,0.000000E+00
23:15:00,2.626010E+04,0.000000E+00,1.354991E+00,0.000000E+00,2.744063E+04,0.000000E+00,1.412522E+00,0.000000E+00,2.879800E+04,1.410994E+03,1.485948E+00,1.088925E-01,2.825090E+04,0.000000E+00,1.454253E+00,0.000000E+00,3.611455E+04,1.354070E+03,1.863043E+00,1.045020E-01,3.009347E+04,0.000000E+00,1.548964E+00,0.000000E+00
23:30:00,2.626014E+04,0.000000E+00,1.354993E+00,0.000000E+00,2.744064E+04,0.000000E+00,1.412522E+00,0.000000E+00,2.879810E+04,1.515455E+03,1.485954E+00,1.169159E-01,2.825091E+04,0.000000E+00,1.454253E+00,0.000000E+00,3.611469E+04,1.401687E+03,1.863051E+00,1.081386E-01,3.009349E+04,0.000000E+00,1.548965E+00,0.000000E+00
23:45:00,2.626017E+04,0.000000E+00,1.354995E+00,0.000000E+00,2.744064E+04,0.000000E+00,1.412522E+00,0.000000E+00,2.879820E+04,1.094418E+03,1.485958E+00,8.443396E-02,2.825092E+04,0.000000E+00,1.454254E+00,0.000000E+00,3.611482E+04,9.616590E+02,1.863057E+00,7.419143E-02,3.009351E+04,0.000000E+00,1.548966E+00,0.000000E+00
24:00:00,2.626021E+04,0.000000E+00,1.354997E+00,0.000000E+00,2.744065E+04,0.000000E+00,1.412523E+00,0.000000E+00,2.879829E+04,1.159835E+03,1.485963E+00,8.948039E-02,2.825094E+04,0.000000E+00,1.454255E+00,0.000000E+00,3.611494E+04,1.000356E+03,1.863064E+00,7.717643E-02,3.009352E+04,0.000000E+00,1.548967E+00,0.000000E+00
Peak,2.626053E+04,7.471863E+03,1.355013E+00,7.322093E-01,2.744068E+04,2.353957E+03,1.412524E+00,2.306812E-01,2.879954E+04,1.097077E+04,1.486028E+00,1.075075E+00,2.825109E+04,3.108548E+03,1.454263E+00,3.046337E-01,3.611647E+04,1.199505E+04,1.863143E+00,1.175449E+00,3.009371E+04,3.394381E+03,1.548976E+00,3.326466E-01

Peak Vol Flow (m3/s),,,1.127408E+00,6.092182E-01,,,1.175259E+00,1.919331E-01,,,1.236416E+00,8.944922E-01,,,1.209987E+00,2.534636E-01,,,1.550186E+00,9.780062E-01,,,1.288791E+00,2.767711E-01
