Time,THERMAL ZONE 1:REYKJAVIK ANN HTG 99.6% CONDNS DB:Des Heat Load [W],THERMAL ZONE 1:SINGAPORE ANN CLG .4% CONDNS DB=>MWB:Des Sens Cool Load [W],THERMAL ZONE 1:REYKJAVIK ANN HTG 99.6% CONDNS DB:Des Heat Mass Flow [kg/s],THERMAL ZONE 1:SINGAPORE ANN CLG .4% CONDNS DB=>MWB:Des Cool Mass Flow [kg/s],THERMAL ZONE 10:REYKJAVIK ANN HTG 99.6% CONDNS DB:Des Heat Load [W],THERMAL ZONE 10:SINGAPORE ANN CLG .4% CONDNS DB=>MWB:Des Sens Cool Load [W],THERMAL ZONE 10:REYKJAVIK ANN HTG 99.6% CONDNS DB:Des Heat Mass Flow [kg/s],THERMAL ZONE 10:SINGAPORE ANN CLG .4% CONDNS DB=>MWB:Des Cool Mass Flow [kg/s],THERMAL ZONE 11:REYKJAVIK ANN HTG 99.6% CONDNS DB:Des Heat Load [W],THERMAL ZONE 11:SINGAPORE ANN CLG .4% CONDNS DB=>MWB:Des Sens Cool Load [W],THERMAL ZONE 11:REYKJAVIK ANN HTG 99.6% CONDNS DB:Des Heat Mass Flow [kg/s],THERMAL ZONE 11:SINGAPORE ANN CLG .4% CONDNS DB=>MWB:Des Cool Mass Flow [kg/s],THERMAL ZONE 12:REYKJAVIK ANN HTG 99.6% CONDNS DB:Des Heat Load [W],THERMAL ZONE 12:SINGAPORE ANN CLG .4% CONDNS DB=>MWB:Des Sens Cool Load [W],THERMAL ZONE 12:REYKJAVIK ANN HTG 99.6% CONDNS DB:Des Heat Mass Flow [kg/s],THERMAL ZONE 12:SINGAPORE ANN CLG .4% CONDNS DB=>MWB:Des Cool Mass Flow [kg/s],THERMAL ZONE 13:REYKJAVIK ANN HTG 99.6% CONDNS DB:Des Heat Load [W],THERMAL ZONE 13:SINGAPORE ANN CLG .4% CONDNS DB=>MWB:Des Sens Cool Load [W],THERMAL ZONE 13:REYKJAVIK ANN HTG 99.6% CONDNS DB:Des Heat Mass Flow [kg/s],THERMAL ZONE 13:SINGAPORE ANN CLG .4% CONDNS DB=>MWB:Des Cool Mass Flow [kg/s],THERMAL ZONE 14:REYKJAVIK ANN HTG 99.6% CONDNS DB:Des Heat Load [W],THERMAL ZONE 14:SINGAPORE ANN CLG .4% CONDNS DB=>MWB:Des Sens Cool Load [W],THERMAL ZONE 14:REYKJAVIK ANN HTG 99.6% CONDNS DB:Des Heat Mass Flow [kg/s],THERMAL ZONE 14:SINGAPORE ANN CLG .4% CONDNS DB=>MWB:Des Cool Mass Flow [kg/s],THERMAL ZONE 15:REYKJAVIK ANN HTG 99.6% CONDNS DB:Des Heat Load [W],THERMAL ZONE 15:SINGAPORE ANN CLG .4% CONDNS DB=>MWB:Des Sens Cool Load [W],THERMAL ZONE 15:REYKJAVIK ANN HTG 99.6% CONDNS DB:Des Heat Mass Flow [kg/s],THERMAL ZONE 15:SINGAPORE ANN CLG .4% CONDNS DB=>MWB:Des Cool Mass Flow [kg/s],THERMAL ZONE 2:REYKJAVIK ANN HTG 99.6% CONDNS DB:Des Heat Load [W],THERMAL ZONE 2:SINGAPORE ANN CLG .4% CONDNS DB=>MWB:Des Sens Cool Load [W],THERMAL ZONE 2:REYKJAVIK ANN HTG 99.6% CONDNS DB:Des Heat Mass Flow [kg/s],THERMAL ZONE 2:SINGAPORE ANN CLG .4% CONDNS DB=>MWB:Des Cool Mass Flow [kg/s],THERMAL ZONE 3:REYKJAVIK ANN HTG 99.6% CONDNS DB:Des Heat Load [W],THERMAL ZONE 3:SINGAPORE ANN CLG .4% CONDNS DB=>MWB:Des Sens Cool Load [W],THERMAL ZONE 3:REYKJAVIK ANN HTG 99.6% CONDNS DB:Des Heat Mass Flow [kg/s],THERMAL ZONE 3:SINGAPORE ANN CLG .4% CONDNS DB=>MWB:Des Cool Mass Flow [kg/s],THERMAL ZONE 4:REYKJAVIK ANN HTG 99.6% CONDNS DB:Des Heat Load [W],THERMAL ZONE 4:SINGAPORE ANN CLG .4% CONDNS DB=>MWB:Des Sens Cool Load [W],THERMAL ZONE 4:REYKJAVIK ANN HTG 99.6% CONDNS DB:Des Heat Mass Flow [kg/s],THERMAL ZONE 4:SINGAPORE ANN CLG .4% CONDNS DB=>MWB:Des Cool Mass Flow [kg/s],THERMAL ZONE 5:REYKJAVIK ANN HTG 99.6% CONDNS DB:Des Heat Load [W],THERMAL ZONE 5:SINGAPORE ANN CLG .4% CONDNS DB=>MWB:Des Sens Cool Load [W],THERMAL ZONE 5:REYKJAVIK ANN HTG 99.6% CONDNS DB:Des Heat Mass Flow [kg/s],THERMAL ZONE 5:SINGAPORE ANN CLG .4% CONDNS DB=>MWB:Des Cool Mass Flow [kg/s],THERMAL ZONE 6:REYKJAVIK ANN HTG 99.6% CONDNS DB:Des Heat Load [W],THERMAL ZONE 6:SINGAPORE ANN CLG .4% CONDNS DB=>MWB:Des Sens Cool Load [W],THERMAL ZONE 6:REYKJAVIK ANN HTG 99.6% CONDNS DB:Des Heat Mass Flow [kg/s],THERMAL ZONE 6:SINGAPORE ANN CLG .4% CONDNS DB=>MWB:Des Cool Mass Flow [kg/s],THERMAL ZONE 7:REYKJAVIK ANN HTG 99.6% CONDNS DB:Des Heat Load [W],THERMAL ZONE 7:SINGAPORE ANN CLG .4% CONDNS DB=>MWB:Des Sens Cool Load [W],THERMAL ZONE 7:REYKJAVIK ANN HTG 99.6% CONDNS DB:Des Heat Mass Flow [kg/s],THERMAL ZONE 7:SINGAPORE ANN CLG .4% CONDNS DB=>MWB:Des Cool Mass Flow [kg/s],THERMAL ZONE 8:REYKJAVIK ANN HTG 99.6% CONDNS DB:Des Heat Load [W],THERMAL ZONE 8:SINGAPORE ANN CLG .4% CONDNS DB=>MWB:Des Sens Cool Load [W],THERMAL ZONE 8:REYKJAVIK ANN HTG 99.6% CONDNS DB:Des Heat Mass Flow [kg/s],THERMAL ZONE 8:SINGAPORE ANN CLG .4% CONDNS DB=>MWB:Des Cool Mass Flow [kg/s],THERMAL ZONE 9:REYKJAVIK ANN HTG 99.6% CONDNS DB:Des Heat Load [W],THERMAL ZONE 9:SINGAPORE ANN CLG .4% CONDNS DB=>MWB:Des Sens Cool Load [W],THERMAL ZONE 9:REYKJAVIK ANN HTG 99.6% CONDNS DB:Des Heat Mass Flow [kg/s],THERMAL ZONE 9:SINGAPORE ANN CLG .4% CONDNS DB=>MWB:Des Cool Mass Flow [kg/s]
00:15:00,2.029041E+04,2.187434E+03,1.047074E+00,1.687862E-01,8.570882E+03,6.591165E+03,4.422292E-01,5.089519E-01,3.120900E+04,1.020679E+04,1.610121E+00,7.879939E-01,1.436096E+04,1.214154E+03,7.394528E-01,9.380004E-02,1.989675E+03,1.616741E+02,1.026413E-01,1.247813E-02,7.370335E+03,1.310979E+03,3.802317E-01,1.011751E-01,1.045918E+04,6.954147E+03,5.395369E-01,5.371302E-01,1.322104E+04,4.443842E+01,6.807939E-01,3.428544E-03,1.513133E+03,0.000000E+00,7.807084E-02,0.000000E+00,3.843860E+03,0.000000E+00,1.983494E-01,0.000000E+00,7.659245E+03,5.263912E+03,3.951904E-01,4.064548E-01,2.182537E+04,8.786793E+03,1.126286E+00,6.781456E-01,1.324430E+04,9.826982E+02,6.819904E-01,7.589582E-02,1.555820E+03,6.848045E+01,8.027333E-02,5.283914E-03,3.355624E+03,1.345149E+02,1.731559E-01,1.038032E-02
00:30:00,2.029043E+04,2.223540E+03,1.047075E+00,1.715759E-01,8.570908E+03,6.532359E+03,4.422306E-01,5.044599E-01,3.120912E+04,1.016978E+04,1.610128E+00,7.852010E-01,1.436097E+04,1.188134E+03,7.394533E-01,9.179946E-02,1.989683E+03,1.647724E+02,1.026417E-01,1.271818E-02,7.370369E+03,1.336243E+03,3.802334E-01,1.031309E-01,1.045921E+04,6.888341E+03,5.395386E-01,5.321121E-01,1.322104E+04,3.358135E+01,6.807940E-01,2.590896E-03,1.513135E+03,0.000000E+00,7.807094E-02,0.000000E+00,3.843863E+03,0.000000E+00,1.983496E-01,0.000000E+00,7.659251E+03,5.205150E+03,3.951908E-01,4.019508E-01,2.182545E+04,8.778389E+03,1.126289E+00,6.775217E-01,1.324430E+04,9.634299E+02,6.819906E-01,7.441331E-02,1.555825E+03,7.688788E+01,8.027356E-02,5.932846E-03,3.355635E+03,2.016392E+02,1.731565E-01,1.555917E-02
00:45:00,2.029045E+04,2.215016E+03,1.047076E+00,1.709192E-01,8.570933E+03,6.474212E+03,4.422319E-01,4.999693E-01,3.120924E+04,1.013049E+04,1.610134E+00,7.821720E-01,1.436098E+04,1.162072E+03,7.394538E-01,8.978544E-02,1.989690E+03,1.665835E+02,1.026421E-01,1.285845E-02,7.370402E+03,1.346970E+03,3.802351E-01,1.039616E-01,1.045925E+04,6.822581E+03,5.395402E-01,5.270374E-01,1.322104E+04,1.904353E+01,6.807941E-01,1.469262E-03,1.513137E+03,0.000000E+00,7.807103E-02,0.000000E+00,3.843866E+03,0.000000E+00,1.983497E-01,0.000000E+00,7.659257E+03,5.147666E+03,3.951911E-01,3.975066E-01,2.182552E+04,8.767107E+03,1.126293E+00,6.766463E-01,1.324431E+04,9.439598E+02,6.819909E-01,7.290886E-02,1.555829E+03,8.166775E+01,8.027377E-02,6.301883E-03,3.355645E+03,2.435539E+02,1.731570E-01,1.879086E-02
01:00:00,2.029046E+04,2.196057E+03,1.047077E+00,1.694565E-01,8.570958E+03,6.415947E+03,4.422331E-01,4.954410E-01,3.120935E+04,1.008465E+04,1.610140E+00,7.786268E-01,1.436099E+04,1.135154E+03,7.394543E-01,8.770452E-02,1.989697E+03,1.675362E+02,1.026425E-01,1.293233E-02,7.370433E+03,1.353841E+03,3.802367E-01,1.044938E-01,1.045928E+04,6.756088E+03,5.395418E-01,5.218763E-01,1.322104E+04,7.401552E+00,6.807942E-01,5.710431E-04,1.513138E+03,0.000000E+00,7.807110E-02,0.000000E+00,3.843869E+03,0.000000E+00,1.983499E-01,0.000000E+00,7.659262E+03,5.090319E+03,3.951913E-01,3.930540E-01,2.182559E+04,8.750210E+03,1.126297E+00,6.753337E-01,1.324431E+04,9.236797E+02,6.819911E-01,7.134137E-02,1.555833E+03,8.538549E+01,8.027398E-02,6.588925E-03,3.355655E+03,2.807982E+02,1.731575E-01,2.166467E-02
01:15:00,2.029049E+04,2.193289E+03,1.047078E+00,1.692427E-01,8.570983E+03,6.396971E+03,4.422344E-01,4.939328E-01,3.120946E+04,1.005808E+04,1.610145E+00,7.765661E-01,1.436100E+04,1.112577E+03,7.394548E-01,8.595884E-02,1.989704E+03,1.679767E+02,1.026428E-01,1.296657E-02,7.370462E+03,1.359894E+03,3.802382E-01,1.049624E-01,1.045931E+04,6.728500E+03,5.395433E-01,5.197076E-01,1.322104E+04,1.792574E+00,6.807943E-01,1.382971E-04,1.513140E+03,0.000000E+00,7.807119E-02,0.000000E+00,3.843872E+03,0.000000E+00,1.983500E-01,0.000000E+00,7.659269E+03,5.073169E+03,3.951917E-01,3.916962E-01,2.182566E+04,8.752440E+03,1.126301E+00,6.754967E-01,1.324432E+04,9.074546E+02,6.819913E-01,7.008704E-02,1.555837E+03,8.831619E+01,8.027418E-02,6.815214E-03,3.355665E+03,3.119001E+02,1.731580E-01,2.406466E-02
01:30:00,2.029051E+04,2.186829E+03,1.047079E+00,1.687440E-01,8.571007E+03,6.379216E+03,4.422357E-01,4.925153E-01,3.120957E+04,1.003002E+04,1.610151E+00,7.743911E-01,1.436101E+04,1.091524E+03,7.394552E-01,8.433107E-02,1.989710E+03,1.681064E+02,1.026431E-01,1.297676E-02,7.370490E+03,1.364452E+03,3.802397E-01,1.053153E-01,1.045934E+04,6.702114E+03,5.395448E-01,5.176291E-01,1.322104E+04,0.000000E+00,6.807944E-01,0.000000E+00,1.513141E+03,0.000000E+00,7.807126E-02,0.000000E+00,3.843875E+03,0.000000E+00,1.983501E-01,0.000000E+00,7.659276E+03,5.057647E+03,3.951920E-01,3.904622E-01,2.182573E+04,8.753050E+03,1.126304E+00,6.755350E-01,1.324432E+04,8.923866E+02,6.819915E-01,6.892239E-02,1.555840E+03,9.064326E+01,8.027438E-02,6.994901E-03,3.355674E+03,3.384552E+02,1.731585E-01,2.611387E-02
01:45:00,2.029053E+04,2.177959E+03,1.047080E+00,1.680593E-01,8.571030E+03,6.362085E+03,4.422369E-01,4.911605E-01,3.120967E+04,1.000145E+04,1.610156E+00,7.721793E-01,1.436102E+04,1.072246E+03,7.394556E-01,8.284040E-02,1.989716E+03,1.680625E+02,1.026434E-01,1.297344E-02,7.370517E+03,1.367962E+03,3.802411E-01,1.055871E-01,1.045936E+04,6.676578E+03,5.395463E-01,5.156302E-01,1.322104E+04,0.000000E+00,6.807944E-01,0.000000E+00,1.513143E+03,0.000000E+00,7.807133E-02,0.000000E+00,3.843877E+03,0.000000E+00,1.983503E-01,0.000000E+00,7.659282E+03,5.042895E+03,3.951924E-01,3.892978E-01,2.182580E+04,8.752520E+03,1.126308E+00,6.754868E-01,1.324432E+04,8.786749E+02,6.819917E-01,6.786262E-02,1.555844E+03,9.251010E+01,8.027457E-02,7.139055E-03,3.355684E+03,3.622135E+02,1.731590E-01,2.794731E-02
02:00:00,2.029054E+04,2.167614E+03,1.047081E+00,1.672609E-01,8.571053E+03,6.345693E+03,4.422380E-01,4.898809E-01,3.120977E+04,9.972946E+03,1.610161E+00,7.699744E-01,1.436102E+04,1.054912E+03,7.394560E-01,8.149988E-02,1.989721E+03,1.678712E+02,1.026437E-01,1.295872E-02,7.370543E+03,1.370759E+03,3.802424E-01,1.058036E-01,1.045939E+04,6.652076E+03,5.395476E-01,5.137276E-01,1.322105E+04,0.000000E+00,6.807945E-01,0.000000E+00,1.513144E+03,0.000000E+00,7.807140E-02,0.000000E+00,3.843879E+03,0.000000E+00,1.983504E-01,0.000000E+00,7.659288E+03,5.028909E+03,3.951927E-01,3.882056E-01,2.182587E+04,8.751378E+03,1.126311E+00,6.753935E-01,1.324433E+04,8.664518E+02,6.819919E-01,6.691790E-02,1.555848E+03,9.403657E+01,8.027475E-02,7.256927E-03,3.355693E+03,3.838252E+02,1.731595E-01,2.961513E-02
02:15:00,2.029056E+04,2.155619E+03,1.047082E+00,1.663350E-01,8.571074E+03,6.329890E+03,4.422391E-01,4.886581E-01,3.120986E+04,9.943715E+03,1.610166E+00,7.677152E-01,1.436103E+04,1.038338E+03,7.394563E-01,8.021805E-02,1.989726E+03,1.675229E+02,1.026440E-01,1.293183E-02,7.370567E+03,1.372631E+03,3.802437E-01,1.059486E-01,1.045942E+04,6.628342E+03,5.395489E-01,5.118936E-01,1.322105E+04,0.000000E+00,6.807946E-01,0.000000E+00,1.513145E+03,0.000000E+00,7.807146E-02,0.000000E+00,3.843881E+03,0.000000E+00,1.983505E-01,0.000000E+00,7.659294E+03,5.015451E+03,3.951930E-01,3.871625E-01,2.182593E+04,8.749321E+03,1.126315E+00,6.752316E-01,1.324433E+04,8.546863E+02,6.819921E-01,6.600862E-02,1.555851E+03,9.523652E+01,8.027492E-02,7.349588E-03,3.355702E+03,4.035491E+02,1.731599E-01,3.113730E-02
02:30:00,2.029058E+04,2.142498E+03,1.047083E+00,1.653224E-01,8.571095E+03,6.314728E+03,4.422402E-01,4.874887E-01,3.120995E+04,9.914165E+03,1.610170E+00,7.654324E-01,1.436104E+04,1.022586E+03,7.394567E-01,7.899983E-02,1.989731E+03,1.670566E+02,1.026442E-01,1.289581E-02,7.370591E+03,1.373789E+03,3.802449E-01,1.060383E-01,1.045944E+04,6.605471E+03,5.395502E-01,5.101289E-01,1.322105E+04,0.000000E+00,6.807946E-01,0.000000E+00,1.513146E+03,0.000000E+00,7.807151E-02,0.000000E+00,3.843883E+03,0.000000E+00,1.983506E-01,0.000000E+00,7.659300E+03,5.002585E+03,3.951933E-01,3.861685E-01,2.182599E+04,8.746638E+03,1.126318E+00,6.750227E-01,1.324434E+04,8.434652E+02,6.819923E-01,6.514140E-02,1.555854E+03,9.617421E+01,8.027509E-02,7.421998E-03,3.355711E+03,4.216753E+02,1.731604E-01,3.253620E-02
02:45:00,2.029059E+04,2.128672E+03,1.047083E+00,1.642552E-01,8.571115E+03,6.300194E+03,4.422412E-01,4.863680E-01,3.121003E+04,9.884589E+03,1.610175E+00,7.631480E-01,1.436104E+04,1.007739E+03,7.394570E-01,7.785158E-02,1.989736E+03,1.664669E+02,1.026445E-01,1.285027E-02,7.370614E+03,1.374413E+03,3.802461E-01,1.060868E-01,1.045946E+04,6.583477E+03,5.395514E-01,5.084320E-01,1.322105E+04,0.000000E+00,6.807947E-01,0.000000E+00,1.513147E+03,0.000000E+00,7.807156E-02,0.000000E+00,3.843885E+03,0.000000E+00,1.983507E-01,0.000000E+00,7.659305E+03,4.990309E+03,3.951935E-01,3.852204E-01,2.182605E+04,8.743490E+03,1.126321E+00,6.747788E-01,1.324434E+04,8.328705E+02,6.819924E-01,6.432254E-02,1.555857E+03,9.690583E+01,8.027525E-02,7.478493E-03,3.355720E+03,4.385018E+02,1.731608E-01,3.383481E-02
03:00:00,2.029061E+04,2.114482E+03,1.047084E+00,1.631601E-01,8.571134E+03,6.286242E+03,4.422422E-01,4.852918E-01,3.121011E+04,9.855364E+03,1.610179E+00,7.608911E-01,1.436105E+04,9.938585E+02,7.394573E-01,7.677806E-02,1.989740E+03,1.657850E+02,1.026447E-01,1.279762E-02,7.370636E+03,1.374662E+03,3.802472E-01,1.061062E-01,1.045949E+04,6.562361E+03,5.395526E-01,5.068027E-01,1.322105E+04,0.000000E+00,6.807947E-01,0.000000E+00,1.513148E+03,0.000000E+00,7.807161E-02,0.000000E+00,3.843887E+03,0.000000E+00,1.983508E-01,0.000000E+00,7.659310E+03,4.978602E+03,3.951938E-01,3.843162E-01,2.182611E+04,8.740021E+03,1.126324E+00,6.745104E-01,1.324434E+04,8.229762E+02,6.819926E-01,6.355781E-02,1.555860E+03,9.746469E+01,8.027540E-02,7.521650E-03,3.355728E+03,4.542657E+02,1.731613E-01,3.505142E-02
03:15:00,2.029062E+04,2.099202E+03,1.047085E+00,1.619808E-01,8.571152E+03,6.272520E+03,4.422431E-01,4.842331E-01,3.121019E+04,9.825408E+03,1.610183E+00,7.585781E-01,1.436106E+04,9.797250E+02,7.394576E-01,7.568511E-02,1.989744E+03,1.649479E+02,1.026449E-01,1.273300E-02,7.370657E+03,1.374173E+03,3.802483E-01,1.060686E-01,1.045951E+04,6.541678E+03,5.395537E-01,5.052069E-01,1.322105E+04,0.000000E+00,6.807948E-01,0.000000E+00,1.513149E+03,0.000000E+00,7.807165E-02,0.000000E+00,3.843888E+03,0.000000E+00,1.983509E-01,0.000000E+00,7.659315E+03,4.967060E+03,3.951941E-01,3.834247E-01,2.182617E+04,8.735540E+03,1.126327E+00,6.741642E-01,1.324435E+04,8.126789E+02,6.819928E-01,6.276201E-02,1.555863E+03,9.782694E+01,8.027555E-02,7.549622E-03,3.355736E+03,4.689180E+02,1.731617E-01,3.618225E-02
03:30:00,2.029064E+04,2.082849E+03,1.047086E+00,1.607187E-01,8.571170E+03,6.258983E+03,4.422440E-01,4.831889E-01,3.121027E+04,9.794849E+03,1.610187E+00,7.562187E-01,1.436106E+04,9.653897E+02,7.394579E-01,7.457663E-02,1.989748E+03,1.639788E+02,1.026451E-01,1.265819E-02,7.370677E+03,1.373075E+03,3.802493E-01,1.059840E-01,1.045953E+04,6.521385E+03,5.395547E-01,5.036414E-01,1.322105E+04,0.000000E+00,6.807948E-01,0.000000E+00,1.513150E+03,0.000000E+00,7.807170E-02,0.000000E+00,3.843890E+03,0.000000E+00,1.983509E-01,0.000000E+00,7.659320E+03,4.955576E+03,3.951943E-01,3.825377E-01,2.182622E+04,8.730018E+03,1.126329E+00,6.737375E-01,1.324435E+04,8.020476E+02,6.819929E-01,6.194034E-02,1.555866E+03,9.801622E+01,8.027569E-02,7.564240E-03,3.355744E+03,4.826647E+02,1.731621E-01,3.724320E-02
03:45:00,2.029065E+04,2.065563E+03,1.047086E+00,1.593847E-01,8.571186E+03,6.245631E+03,4.422449E-01,4.821590E-01,3.121034E+04,9.763822E+03,1.610191E+00,7.538235E-01,1.436107E+04,9.508757E+02,7.394581E-01,7.345437E-02,1.989752E+03,1.628986E+02,1.026453E-01,1.257482E-02,7.370696E+03,1.371447E+03,3.802503E-01,1.058583E-01,1.045955E+04,6.501423E+03,5.395557E-01,5.021017E-01,1.322105E+04,0.000000E+00,6.807949E-01,0.000000E+00,1.513150E+03,0.000000E+00,7.807174E-02,0.000000E+00,3.843891E+03,0.000000E+00,1.983510E-01,0.000000E+00,7.659324E+03,4.944137E+03,3.951945E-01,3.816544E-01,2.182627E+04,8.723531E+03,1.126332E+00,6.732365E-01,1.324435E+04,7.911111E+02,6.819931E-01,6.109510E-02,1.555868E+03,9.804889E+01,8.027582E-02,7.566765E-03,3.355752E+03,4.955847E+02,1.731625E-01,3.824034E-02
04:00:00,2.029066E+04,2.047481E+03,1.047087E+00,1.579892E-01,8.571203E+03,6.232475E+03,4.422458E-01,4.811445E-01,3.121041E+04,9.732471E+03,1.610194E+00,7.514034E-01,1.436107E+04,9.362108E+02,7.394584E-01,7.232048E-02,1.989756E+03,1.617290E+02,1.026455E-01,1.248455E-02,7.370715E+03,1.369353E+03,3.802513E-01,1.056967E-01,1.045957E+04,6.481779E+03,5.395567E-01,5.005864E-01,1.322105E+04,0.000000E+00,6.807949E-01,0.000000E+00,1.513151E+03,0.000000E+00,7.807177E-02,0.000000E+00,3.843893E+03,0.000000E+00,1.983511E-01,0.000000E+00,7.659328E+03,4.932749E+03,3.951947E-01,3.807749E-01,2.182632E+04,8.716124E+03,1.126335E+00,6.726645E-01,1.324436E+04,7.799016E+02,6.819933E-01,6.022878E-02,1.555871E+03,9.794652E+01,8.027595E-02,7.558862E-03,3.355760E+03,5.077375E+02,1.731629E-01,3.917828E-02
04:15:00,2.029067E+04,2.029961E+03,1.047088E+00,1.566371E-01,8.571218E+03,6.219829E+03,4.422466E-01,4.801693E-01,3.121048E+04,9.702316E+03,1.610198E+00,7.490757E-01,1.436108E+04,9.226553E+02,7.394587E-01,7.127232E-02,1.989759E+03,1.605783E+02,1.026457E-01,1.239572E-02,7.370733E+03,1.367338E+03,3.802522E-01,1.055412E-01,1.045958E+04,6.462856E+03,5.395577E-01,4.991266E-01,1.322105E+04,0.000000E+00,6.807949E-01,0.000000E+00,1.513152E+03,0.000000E+00,7.807181E-02,0.000000E+00,3.843894E+03,0.000000E+00,1.983512E-01,0.000000E+00,7.659332E+03,4.921866E+03,3.951950E-01,3.799345E-01,2.182637E+04,8.708844E+03,1.126337E+00,6.721023E-01,1.324436E+04,7.696274E+02,6.819934E-01,5.943467E-02,1.555873E+03,9.780209E+01,8.027608E-02,7.547712E-03,3.355768E+03,5.194078E+02,1.731633E-01,4.007897E-02
04:30:00,2.029069E+04,2.013043E+03,1.047088E+00,1.553315E-01,8.571233E+03,6.207735E+03,4.422473E-01,4.792369E-01,3.121054E+04,9.673346E+03,1.610201E+00,7.468399E-01,1.436108E+04,9.102156E+02,7.394589E-01,7.031047E-02,1.989762E+03,1.594505E+02,1.026458E-01,1.230865E-02,7.370751E+03,1.365445E+03,3.802531E-01,1.053951E-01,1.045960E+04,6.444663E+03,5.395585E-01,4.977229E-01,1.322106E+04,0.000000E+00,6.807950E-01,0.000000E+00,1.513152E+03,0.000000E+00,7.807184E-02,0.000000E+00,3.843896E+03,0.000000E+00,1.983512E-01,0.000000E+00,7.659336E+03,4.911491E+03,3.951952E-01,3.791334E-01,2.182642E+04,8.701712E+03,1.126340E+00,6.715518E-01,1.324436E+04,7.602992E+02,6.819935E-01,5.871370E-02,1.555876E+03,9.762950E+01,8.027620E-02,7.534389E-03,3.355775E+03,5.306471E+02,1.731637E-01,4.094641E-02
04:45:00,2.029070E+04,1.996866E+03,1.047089E+00,1.540830E-01,8.571248E+03,6.196215E+03,4.422481E-01,4.783488E-01,3.121060E+04,9.645897E+03,1.610204E+00,7.447218E-01,1.436108E+04,8.989186E+02,7.394591E-01,6.943701E-02,1.989766E+03,1.583593E+02,1.026460E-01,1.222439E-02,7.370768E+03,1.363721E+03,3.802540E-01,1.052620E-01,1.045962E+04,6.427255E+03,5.395594E-01,4.963797E-01,1.322106E+04,0.000000E+00,6.807950E-01,0.000000E+00,1.513153E+03,0.000000E+00,7.807187E-02,0.000000E+00,3.843897E+03,0.000000E+00,1.983513E-01,0.000000E+00,7.659340E+03,4.901663E+03,3.951953E-01,3.783745E-01,2.182646E+04,8.694853E+03,1.126342E+00,6.710223E-01,1.324436E+04,7.519487E+02,6.819937E-01,5.806831E-02,1.555878E+03,9.744459E+01,8.027631E-02,7.520115E-03,3.355782E+03,5.415052E+02,1.731641E-01,4.178442E-02
05:00:00,2.029071E+04,1.981536E+03,1.047089E+00,1.529000E-01,8.571261E+03,6.185283E+03,4.422488E-01,4.775063E-01,3.121066E+04,9.619779E+03,1.610207E+00,7.427066E-01,1.436109E+04,8.887857E+02,7.394593E-01,6.865358E-02,1.989769E+03,1.573083E+02,1.026462E-01,1.214322E-02,7.370784E+03,1.362202E+03,3.802549E-01,1.051447E-01,1.045963E+04,6.410643E+03,5.395602E-01,4.950980E-01,1.322106E+04,0.000000E+00,6.807951E-01,0.000000E+00,1.513154E+03,0.000000E+00,7.807190E-02,0.000000E+00,3.843898E+03,0.000000E+00,1.983514E-01,0.000000E+00,7.659344E+03,4.892416E+03,3.951955E-01,3.776603E-01,2.182651E+04,8.688355E+03,1.126344E+00,6.705208E-01,1.324437E+04,7.445963E+02,6.819938E-01,5.750007E-02,1.555880E+03,9.726049E+01,8.027643E-02,7.505904E-03,3.355789E+03,5.520240E+02,1.731644E-01,4.259624E-02
05:15:00,2.029072E+04,1.969539E+03,1.047090E+00,1.519741E-01,8.571275E+03,6.175773E+03,4.422495E-01,4.767736E-01,3.121072E+04,9.598724E+03,1.610210E+00,7.410822E-01,1.436109E+04,8.834669E+02,7.394596E-01,6.824212E-02,1.989772E+03,1.565454E+02,1.026463E-01,1.208430E-02,7.370800E+03,1.362390E+03,3.802557E-01,1.051592E-01,1.045965E+04,6.396094E+03,5.395610E-01,4.939758E-01,1.322106E+04,0.000000E+00,6.807951E-01,0.000000E+00,1.513154E+03,0.000000E+00,7.807193E-02,0.000000E+00,3.843900E+03,0.000000E+00,1.983514E-01,0.000000E+00,7.659347E+03,4.884748E+03,3.951957E-01,3.770683E-01,2.182655E+04,8.684165E+03,1.126346E+00,6.701974E-01,1.324437E+04,7.417358E+02,6.819939E-01,5.727876E-02,1.555882E+03,9.726677E+01,8.027653E-02,7.506385E-03,3.355796E+03,5.629113E+02,1.731648E-01,4.343649E-02
05:30:00,2.029073E+04,1.962040E+03,1.047090E+00,1.513955E-01,8.571287E+03,6.167830E+03,4.422501E-01,4.761618E-01,3.121078E+04,9.583214E+03,1.610213E+00,7.398859E-01,1.436110E+04,8.829692E+02,7.394598E-01,6.820348E-02,1.989774E+03,1.561045E+02,1.026465E-01,1.205026E-02,7.370815E+03,1.364298E+03,3.802565E-01,1.053065E-01,1.045966E+04,6.383766E+03,5.395618E-01,4.930251E-01,1.322106E+04,0.000000E+00,6.807951E-01,0.000000E+00,1.513155E+03,0.000000E+00,7.807196E-02,0.000000E+00,3.843901E+03,0.000000E+00,1.983515E-01,0.000000E+00,7.659350E+03,4.879056E+03,3.951959E-01,3.766287E-01,2.182659E+04,8.683075E+03,1.126348E+00,6.701133E-01,1.324437E+04,7.434088E+02,6.819941E-01,5.740786E-02,1.555884E+03,9.751388E+01,8.027664E-02,7.525458E-03,3.355803E+03,5.741957E+02,1.731652E-01,4.430739E-02
05:45:00,2.029074E+04,1.959382E+03,1.047091E+00,1.511903E-01,8.571300E+03,6.161520E+03,4.422508E-01,4.756761E-01,3.121083E+04,9.573204E+03,1.610216E+00,7.391144E-01,1.436110E+04,8.873339E+02,7.394600E-01,6.854085E-02,1.989777E+03,1.559986E+02,1.026466E-01,1.204211E-02,7.370830E+03,1.367965E+03,3.802572E-01,1.055897E-01,1.045968E+04,6.373749E+03,5.395625E-01,4.922531E-01,1.322106E+04,0.000000E+00,6.807951E-01,0.000000E+00,1.513155E+03,0.000000E+00,7.807198E-02,0.000000E+00,3.843902E+03,0.000000E+00,1.983516E-01,0.000000E+00,7.659354E+03,4.875429E+03,3.951960E-01,3.763486E-01,2.182663E+04,8.685327E+03,1.126350E+00,6.702873E-01,1.324437E+04,7.496648E+02,6.819942E-01,5.789119E-02,1.555886E+03,9.802347E+01,8.027674E-02,7.564793E-03,3.355810E+03,5.859183E+02,1.731655E-01,4.521211E-02
06:00:00,2.029075E+04,1.961770E+03,1.047091E+00,1.513746E-01,8.571312E+03,6.156880E+03,4.422514E-01,4.753190E-01,3.121088E+04,9.569101E+03,1.610218E+00,7.387993E-01,1.436110E+04,8.965800E+02,7.394601E-01,6.925564E-02,1.989779E+03,1.562480E+02,1.026467E-01,1.206139E-02,7.370844E+03,1.373421E+03,3.802580E-01,1.060110E-01,1.045969E+04,6.366104E+03,5.395632E-01,4.916641E-01,1.322106E+04,0.000000E+00,6.807952E-01,0.000000E+00,1.513156E+03,0.000000E+00,7.807201E-02,0.000000E+00,3.843903E+03,0.000000E+00,1.983516E-01,0.000000E+00,7.659357E+03,4.873903E+03,3.951962E-01,3.762308E-01,2.182667E+04,8.691078E+03,1.126352E+00,6.707314E-01,1.324438E+04,7.605265E+02,6.819943E-01,5.873050E-02,1.555888E+03,9.881156E+01,8.027683E-02,7.625629E-03,3.355816E+03,5.981153E+02,1.731658E-01,4.615345E-02
06:15:00,1.959064E+04,6.040374E+03,1.010963E+00,5.045264E-01,8.285354E+03,7.739293E+03,4.274969E-01,6.436358E-01,2.935967E+04,1.271320E+04,1.514711E+00,1.036640E+00,1.417243E+04,1.474784E+03,7.297452E-01,1.233210E-01,1.897564E+03,2.828023E+02,9.788962E-02,2.289915E-02,6.861511E+03,2.598419E+03,3.539817E-01,2.090641E-01,9.938809E+03,7.986225E+03,5.126935E-01,6.644810E-01,1.316391E+04,6.766057E+02,6.778522E-01,6.053370E-02,1.470292E+03,3.818043E+01,7.586041E-02,3.577727E-03,3.843905E+03,0.000000E+00,1.983517E-01,0.000000E+00,7.373596E+03,6.591970E+03,3.804519E-01,5.518744E-01,2.112608E+04,1.191703E+04,1.090199E+00,9.722774E-01,1.318718E+04,1.410280E+03,6.790493E-01,1.189783E-01,1.512995E+03,2.535314E+02,7.806372E-02,2.088571E-02,3.355822E+03,2.018018E+03,1.731661E-01,1.641992E-01
06:30:00,1.888992E+04,6.581881E+03,9.748072E-01,5.677984E-01,7.999199E+03,8.977892E+03,4.127351E-01,7.973000E-01,2.750634E+04,1.352284E+04,1.419119E+00,1.165730E+00,1.398361E+04,1.876509E+03,7.200317E-01,1.673496E-01,1.805273E+03,3.446699E+02,9.313007E-02,2.977383E-02,6.350880E+03,2.460715E+03,3.276463E-01,2.027001E-01,9.417494E+03,9.246586E+03,4.858092E-01,8.213370E-01,1.310671E+04,1.021967E+03,6.749096E-01,9.439292E-02,1.427393E+03,3.992856E+01,7.364756E-02,3.749021E-03,3.843906E+03,0.000000E+00,1.983518E-01,0.000000E+00,7.087609E+03,7.752646E+03,3.656990E-01,6.911822E-01,2.042494E+04,1.242439E+04,1.054022E+00,1.067210E+00,1.312994E+04,1.776368E+03,6.761047E-01,1.588053E-01,1.470068E+03,2.992558E+02,7.584942E-02,2.587883E-02,3.355829E+03,1.869942E+03,1.731665E-01,1.527729E-01
06:45:00,1.818878E+04,9.150880E+03,9.386354E-01,8.298454E-01,7.712734E+03,1.056950E+04,3.979635E-01,9.862176E-01,2.565225E+04,1.614129E+04,1.323507E+00,1.472325E+00,1.379478E+04,2.476802E+03,7.103225E-01,2.310136E-01,1.712946E+03,4.889152E+02,8.836998E-02,4.473195E-02,5.840671E+03,3.315296E+03,3.013339E-01,2.936074E-01,8.895728E+03,1.085994E+04,4.589134E-01,1.013440E+00,1.304950E+04,1.563401E+03,6.719682E-01,1.475319E-01,1.384475E+03,6.824530E+01,7.143424E-02,6.523548E-03,3.843907E+03,1.078086E+01,1.983518E-01,1.057933E-03,6.801345E+03,9.279508E+03,3.509368E-01,8.669999E-01,1.972332E+04,1.478239E+04,1.017826E+00,1.343682E+00,1.307270E+04,2.344548E+03,6.731614E-01,2.185967E-01,1.427120E+03,4.265225E+02,7.363461E-02,3.887154E-02,3.355834E+03,2.593653E+03,1.731668E-01,2.277229E-01
07:00:00,1.748700E+04,1.118640E+04,9.024373E-01,1.039802E+00,7.425973E+03,1.208910E+04,3.831837E-01,1.168407E+00,2.379670E+04,1.824912E+04,1.227840E+00,1.729012E+00,1.360593E+04,3.019744E+03,7.006139E-01,2.891438E-01,1.620566E+03,6.006980E+02,8.360843E-02,5.651250E-02,5.330224E+03,3.872253E+03,2.750101E-01,3.554394E-01,8.373505E+03,1.240022E+04,4.320066E-01,1.198688E+00,1.299229E+04,2.062194E+03,6.690271E-01,1.965307E-01,1.341529E+03,8.767231E+01,6.922004E-02,8.428173E-03,3.843907E+03,1.650727E+01,1.983518E-01,1.619012E-03,6.514788E+03,1.073967E+04,3.361654E-01,1.036640E+00,1.902104E+04,1.665014E+04,9.816037E-01,1.572300E+00,1.301546E+04,2.859026E+03,6.702182E-01,2.732220E-01,1.384146E+03,5.243498E+02,7.141896E-02,4.898638E-02,3.355839E+03,3.117160E+03,1.731670E-01,2.823548E-01
07:15:00,1.748490E+04,9.183572E+03,9.023511E-01,9.004746E-01,7.425016E+03,1.205762E+04,3.831553E-01,1.185484E+00,2.379149E+04,1.719527E+04,1.227651E+00,1.686173E+00,1.360573E+04,3.000613E+03,7.006202E-01,2.946406E-01,1.620373E+03,5.830146E+02,8.360328E-02,5.716039E-02,5.329006E+03,3.200599E+03,2.749578E-01,3.137587E-01,8.371938E+03,1.234628E+04,4.319658E-01,1.213837E+00,1.299223E+04,1.900033E+03,6.690288E-01,1.865328E-01,1.341432E+03,7.150038E+01,6.921699E-02,7.007681E-03,3.843905E+03,2.110025E+01,1.983517E-01,2.069029E-03,6.513824E+03,1.051939E+04,3.361337E-01,1.034433E+00,1.901894E+04,1.530666E+04,9.815201E-01,1.500741E+00,1.301540E+04,2.744365E+03,6.702201E-01,2.694519E-01,1.384050E+03,4.664071E+02,7.141607E-02,4.572197E-02,3.355842E+03,2.201207E+03,1.731672E-01,2.167482E-01
07:30:00,1.748310E+04,1.078173E+04,9.022794E-01,1.057304E+00,7.424177E+03,1.242531E+04,3.831321E-01,1.222610E+00,2.378784E+04,1.851019E+04,1.227528E+00,1.815414E+00,1.360566E+04,3.171056E+03,7.006242E-01,3.115110E-01,1.620234E+03,6.300784E+02,8.359974E-02,6.177646E-02,5.329003E+03,3.871374E+03,2.749610E-01,3.795277E-01,8.370678E+03,1.270492E+04,4.319360E-01,1.250088E+00,1.299221E+04,2.089542E+03,6.690300E-01,2.052158E-01,1.341359E+03,9.593807E+01,6.921479E-02,9.403093E-03,3.843900E+03,2.573235E+01,1.983515E-01,2.522877E-03,6.512995E+03,1.091150E+04,3.361079E-01,1.073956E+00,1.901710E+04,1.673463E+04,9.814493E-01,1.641016E+00,1.301538E+04,2.928828E+03,6.702214E-01,2.876827E-01,1.383979E+03,5.187757E+02,7.141400E-02,5.085641E-02,3.355842E+03,2.843292E+03,1.731671E-01,2.796911E-01
07:45:00,1.748151E+04,1.043002E+04,9.022156E-01,1.022997E+00,7.423599E+03,1.250418E+04,3.831167E-01,1.230781E+00,2.378456E+04,1.807723E+04,1.227408E+00,1.773107E+00,1.360558E+04,3.159722E+03,7.006231E-01,3.104498E-01,1.620112E+03,5.972718E+02,8.359581E-02,5.855579E-02,5.328513E+03,3.534252E+03,2.749381E-01,3.465191E-01,8.369785E+03,1.277355E+04,4.319140E-01,1.257258E+00,1.299219E+04,2.105420E+03,6.690297E-01,2.068270E-01,1.341298E+03,9.874665E+01,6.921269E-02,9.679601E-03,3.843892E+03,1.902210E+01,1.983510E-01,1.863779E-03,6.512391E+03,1.099779E+04,3.360893E-01,1.082911E+00,1.901553E+04,1.638534E+04,9.813889E-01,1.606984E+00,1.301536E+04,2.929751E+03,6.702212E-01,2.878348E-01,1.383919E+03,4.930596E+02,7.141205E-02,4.833424E-02,3.355838E+03,2.603951E+03,1.731669E-01,2.553727E-01
08:00:00,1.748041E+04,1.068148E+04,9.021716E-01,1.047649E+00,7.423282E+03,1.271729E+04,3.831075E-01,1.251801E+00,2.378246E+04,1.822325E+04,1.227329E+00,1.787402E+00,1.360551E+04,3.223830E+03,7.006207E-01,3.167535E-01,1.620027E+03,6.001734E+02,8.359247E-02,5.883258E-02,5.328208E+03,3.482202E+03,2.749239E-01,3.413811E-01,8.369280E+03,1.297884E+04,4.318991E-01,1.277525E+00,1.299217E+04,2.186285E+03,6.690290E-01,2.147776E-01,1.341257E+03,1.151023E+02,6.921112E-02,1.128276E-02,3.843880E+03,1.785550E+01,1.983504E-01,1.749464E-03,6.512046E+03,1.120716E+04,3.360782E-01,1.103612E+00,1.901448E+04,1.660089E+04,9.813483E-01,1.628158E+00,1.301534E+04,3.003675E+03,6.702207E-01,2.951102E-01,1.383879E+03,5.007113E+02,7.141057E-02,4.907940E-02,3.355829E+03,2.557028E+03,1.731665E-01,2.506689E-01
08:15:00,1.747965E+04,1.096128E+04,9.021401E-01,1.075115E+00,7.423097E+03,1.295871E+04,3.831004E-01,1.275565E+00,2.378104E+04,1.845857E+04,1.227271E+00,1.810480E+00,1.360545E+04,3.302113E+03,7.006180E-01,3.244612E-01,1.619959E+03,6.099417E+02,8.358922E-02,5.978788E-02,5.327974E+03,3.429684E+03,2.749129E-01,3.362181E-01,8.368958E+03,1.321732E+04,4.318856E-01,1.301015E+00,1.299215E+04,2.275836E+03,6.690283E-01,2.235862E-01,1.341226E+03,1.331843E+02,6.920972E-02,1.305577E-02,3.843865E+03,1.984777E+01,1.983496E-01,1.944663E-03,6.511846E+03,1.143447E+04,3.360704E-01,1.126013E+00,1.901377E+04,1.688502E+04,9.813194E-01,1.656037E+00,1.301532E+04,3.089651E+03,6.702200E-01,3.035755E-01,1.383850E+03,5.144040E+02,7.140922E-02,5.042019E-02,3.355817E+03,2.535968E+03,1.731659E-01,2.485880E-01
08:30:00,1.747912E+04,1.124303E+04,9.021167E-01,1.102786E+00,7.422968E+03,1.319706E+04,3.830943E-01,1.299053E+00,2.378001E+04,1.873560E+04,1.227223E+00,1.837663E+00,1.360540E+04,3.388605E+03,7.006153E-01,3.329768E-01,1.619901E+03,6.233647E+02,8.358620E-02,6.110358E-02,5.327781E+03,3.390036E+03,2.749035E-01,3.323249E-01,8.368715E+03,1.346760E+04,4.318733E-01,1.325684E+00,1.299214E+04,2.368859E+03,6.690276E-01,2.327420E-01,1.341201E+03,1.509329E+02,6.920846E-02,1.479623E-02,3.843847E+03,2.478441E+01,1.983487E-01,2.428356E-03,6.511717E+03,1.165192E+04,3.360644E-01,1.147465E+00,1.901326E+04,1.719131E+04,9.812975E-01,1.686086E+00,1.301531E+04,3.181944E+03,6.702193E-01,3.126605E-01,1.383825E+03,5.308672E+02,7.140797E-02,5.203380E-02,3.355802E+03,2.520478E+03,1.731651E-01,2.470651E-01
08:45:00,1.747873E+04,1.151510E+04,9.020990E-01,1.129502E+00,7.422866E+03,1.343844E+04,3.830890E-01,1.322833E+00,2.377920E+04,1.903168E+04,1.227184E+00,1.866717E+00,1.360535E+04,3.480015E+03,7.006130E-01,3.419736E-01,1.619850E+03,6.381936E+02,8.358358E-02,6.255750E-02,5.327617E+03,3.360291E+03,2.748955E-01,3.294061E-01,8.368520E+03,1.371945E+04,4.318632E-01,1.350502E+00,1.299213E+04,2.463383E+03,6.690269E-01,2.420496E-01,1.341180E+03,1.673732E+02,6.920738E-02,1.640839E-02,3.843829E+03,3.404095E+01,1.983478E-01,3.335320E-03,6.511624E+03,1.186647E+04,3.360598E-01,1.168630E+00,1.901288E+04,1.750238E+04,9.812803E-01,1.716602E+00,1.301530E+04,3.277729E+03,6.702186E-01,3.220863E-01,1.383804E+03,5.481006E+02,7.140689E-02,5.372312E-02,3.355786E+03,2.511421E+03,1.731642E-01,2.461751E-01
09:00:00,1.747843E+04,1.177897E+04,9.020854E-01,1.155403E+00,7.422782E+03,1.367937E+04,3.830848E-01,1.346555E+00,2.377855E+04,1.933509E+04,1.227152E+00,1.896484E+00,1.360531E+04,3.574603E+03,7.006108E-01,3.512819E-01,1.619807E+03,6.532431E+02,8.358137E-02,6.403286E-02,5.327477E+03,3.338807E+03,2.748885E-01,3.272988E-01,8.368364E+03,1.396861E+04,4.318553E-01,1.375038E+00,1.299211E+04,2.558990E+03,6.690263E-01,2.514646E-01,1.341163E+03,1.819135E+02,6.920649E-02,1.783415E-02,3.843811E+03,4.717903E+01,1.983469E-01,4.622620E-03,6.511555E+03,1.207654E+04,3.360563E-01,1.189344E+00,1.901259E+04,1.781089E+04,9.812662E-01,1.746866E+00,1.301528E+04,3.375634E+03,6.702180E-01,3.317201E-01,1.383786E+03,5.650948E+02,7.140596E-02,5.538885E-02,3.355768E+03,2.507873E+03,1.731634E-01,2.458261E-01
09:15:00,1.747821E+04,1.203088E+04,9.020748E-01,1.180120E+00,7.422712E+03,1.390890E+04,3.830813E-01,1.369148E+00,2.377802E+04,1.963070E+04,1.227126E+00,1.925482E+00,1.360527E+04,3.666561E+03,7.006088E-01,3.603320E-01,1.619771E+03,6.674132E+02,8.357951E-02,6.542181E-02,5.327355E+03,3.323032E+03,2.748824E-01,3.257520E-01,8.368241E+03,1.420548E+04,4.318492E-01,1.398356E+00,1.299210E+04,2.650815E+03,6.690257E-01,2.605084E-01,1.341148E+03,1.946921E+02,6.920574E-02,1.908712E-02,3.843793E+03,6.267570E+01,1.983460E-01,6.141049E-03,6.511503E+03,1.227332E+04,3.360538E-01,1.208748E+00,1.901235E+04,1.810557E+04,9.812547E-01,1.775767E+00,1.301527E+04,3.470200E+03,6.702174E-01,3.410260E-01,1.383770E+03,5.809183E+02,7.140517E-02,5.693971E-02,3.355751E+03,2.507836E+03,1.731625E-01,2.458218E-01
09:30:00,1.747804E+04,1.226584E+04,9.020666E-01,1.203165E+00,7.422654E+03,1.413529E+04,3.830784E-01,1.391430E+00,2.377759E+04,1.991379E+04,1.227104E+00,1.953247E+00,1.360523E+04,3.755121E+03,7.006071E-01,3.690474E-01,1.619740E+03,6.801633E+02,8.357791E-02,6.667147E-02,5.327249E+03,3.311841E+03,2.748770E-01,3.246550E-01,8.368142E+03,1.442885E+04,4.318442E-01,1.420341E+00,1.299209E+04,2.738780E+03,6.690252E-01,2.691713E-01,1.341136E+03,2.058322E+02,6.920512E-02,2.017913E-02,3.843777E+03,7.985814E+01,1.983451E-01,7.824694E-03,6.511464E+03,1.244929E+04,3.360519E-01,1.226108E+00,1.901214E+04,1.838353E+04,9.812449E-01,1.803027E+00,1.301526E+04,3.560797E+03,6.702169E-01,3.499412E-01,1.383757E+03,5.950849E+02,7.140448E-02,5.832808E-02,3.355734E+03,2.510355E+03,1.731616E-01,2.460684E-01
09:45:00,1.747790E+04,1.247750E+04,9.020600E-01,1.223923E+00,7.422602E+03,1.434060E+04,3.830757E-01,1.411636E+00,2.377723E+04,2.017612E+04,1.227085E+00,1.978975E+00,1.360520E+04,3.839243E+03,7.006055E-01,3.773259E-01,1.619713E+03,6.907523E+02,8.357652E-02,6.770924E-02,5.327155E+03,3.304343E+03,2.748722E-01,3.239203E-01,8.368058E+03,1.463578E+04,4.318399E-01,1.440707E+00,1.299208E+04,2.822310E+03,6.690247E-01,2.773954E-01,1.341125E+03,2.151320E+02,6.920459E-02,2.109049E-02,3.843762E+03,9.808686E+01,1.983444E-01,9.610904E-03,6.511434E+03,1.261667E+04,3.360504E-01,1.242603E+00,1.901197E+04,1.863712E+04,9.812364E-01,1.827893E+00,1.301525E+04,3.646442E+03,6.702164E-01,3.583689E-01,1.383745E+03,6.068696E+02,7.140388E-02,5.948294E-02,3.355718E+03,2.514653E+03,1.731607E-01,2.464897E-01
10:00:00,1.747779E+04,1.266840E+04,9.020548E-01,1.242646E+00,7.422555E+03,1.452747E+04,3.830733E-01,1.430024E+00,2.377691E+04,2.041803E+04,1.227070E+00,2.002697E+00,1.360518E+04,3.918745E+03,7.006041E-01,3.851497E-01,1.619689E+03,6.990824E+02,8.357530E-02,6.852557E-02,5.327073E+03,3.299828E+03,2.748680E-01,3.234780E-01,8.367986E+03,1.482720E+04,4.318361E-01,1.459544E+00,1.299208E+04,2.901407E+03,6.690243E-01,2.851835E-01,1.341116E+03,2.230713E+02,6.920413E-02,2.186827E-02,3.843749E+03,1.167756E+02,1.983437E-01,1.144224E-02,6.511409E+03,1.277446E+04,3.360491E-01,1.258154E+00,1.901182E+04,1.886807E+04,9.812289E-01,1.850538E+00,1.301524E+04,3.727068E+03,6.702159E-01,3.663026E-01,1.383735E+03,6.162339E+02,7.140334E-02,6.040056E-02,3.355702E+03,2.520085E+03,1.731599E-01,2.470222E-01
10:15:00,1.747771E+04,1.284054E+04,9.020504E-01,1.259528E+00,7.422512E+03,1.469921E+04,3.830711E-01,1.446922E+00,2.377664E+04,2.064011E+04,1.227056E+00,2.024475E+00,1.360515E+04,3.993580E+03,7.006028E-01,3.925143E-01,1.619668E+03,7.051433E+02,8.357423E-02,6.911946E-02,5.326999E+03,3.297756E+03,2.748643E-01,3.232754E-01,8.367921E+03,1.500400E+04,4.318328E-01,1.476942E+00,1.299207E+04,2.976185E+03,6.690239E-01,2.925475E-01,1.341109E+03,2.293240E+02,6.920374E-02,2.248052E-02,3.843737E+03,1.354223E+02,1.983431E-01,1.326951E-02,6.511389E+03,1.292234E+04,3.360481E-01,1.272701E+00,1.901169E+04,1.907774E+04,9.812220E-01,1.871096E+00,1.301524E+04,3.802636E+03,6.702155E-01,3.737389E-01,1.383725E+03,6.231596E+02,7.140286E-02,6.107914E-02,3.355687E+03,2.526139E+03,1.731592E-01,2.476158E-01
10:30:00,1.747763E+04,1.299512E+04,9.020468E-01,1.274689E+00,7.422472E+03,1.485702E+04,3.830690E-01,1.462450E+00,2.377640E+04,2.084311E+04,1.227043E+00,2.044381E+00,1.360513E+04,4.063696E+03,7.006017E-01,3.994148E-01,1.619650E+03,7.089255E+02,8.357328E-02,6.948997E-02,5.326933E+03,3.297731E+03,2.748609E-01,3.232733E-01,8.367863E+03,1.516690E+04,4.318298E-01,1.492972E+00,1.299206E+04,3.046701E+03,6.690236E-01,2.994924E-01,1.341102E+03,2.338266E+02,6.920341E-02,2.292132E-02,3.843727E+03,1.536494E+02,1.983425E-01,1.505570E-02,6.511371E+03,1.307642E+04,3.360472E-01,1.287834E+00,1.901157E+04,1.926689E+04,9.812158E-01,1.889641E+00,1.301523E+04,3.873125E+03,6.702151E-01,3.806757E-01,1.383717E+03,6.276550E+02,7.140242E-02,6.151952E-02,3.355673E+03,2.532422E+03,1.731584E-01,2.482318E-01
10:45:00,1.747757E+04,1.313380E+04,9.020437E-01,1.288289E+00,7.422433E+03,1.500189E+04,3.830670E-01,1.476705E+00,2.377619E+04,2.102817E+04,1.227032E+00,2.062527E+00,1.360511E+04,4.129235E+03,7.006007E-01,4.058649E-01,1.619634E+03,7.105585E+02,8.357244E-02,6.964983E-02,5.326874E+03,3.299473E+03,2.748578E-01,3.234446E-01,8.367809E+03,1.531685E+04,4.318270E-01,1.507729E+00,1.299206E+04,3.113107E+03,6.690234E-01,3.060331E-01,1.341097E+03,2.366661E+02,6.920312E-02,2.319915E-02,3.843718E+03,1.711737E+02,1.983421E-01,1.677306E-02,6.511356E+03,1.321015E+04,3.360464E-01,1.300973E+00,1.901145E+04,1.943651E+04,9.812099E-01,1.906272E+00,1.301522E+04,3.938659E+03,6.702147E-01,3.871253E-01,1.383709E+03,6.298400E+02,7.140202E-02,6.173347E-02,3.355659E+03,2.538644E+03,1.731577E-01,2.488418E-01
11:00:00,1.747752E+04,1.325759E+04,9.020410E-01,1.300427E+00,7.422397E+03,1.513472E+04,3.830652E-01,1.489776E+00,2.377599E+04,2.119642E+04,1.227022E+00,2.079026E+00,1.360509E+04,4.190321E+03,7.005998E-01,4.118773E-01,1.619619E+03,7.101607E+02,8.357168E-02,6.961064E-02,5.326819E+03,3.302795E+03,2.748550E-01,3.237706E-01,8.367760E+03,1.545473E+04,4.318245E-01,1.521298E+00,1.299205E+04,3.175487E+03,6.690231E-01,3.121778E-01,1.341092E+03,2.378626E+02,6.920287E-02,2.331599E-02,3.843710E+03,1.877994E+02,1.983416E-01,1.840240E-02,6.511343E+03,1.332852E+04,3.360457E-01,1.312590E+00,1.901134E+04,1.958753E+04,9.812044E-01,1.921078E+00,1.301521E+04,3.999314E+03,6.702144E-01,3.930950E-01,1.383702E+03,6.297962E+02,7.140166E-02,6.172897E-02,3.355646E+03,2.544591E+03,1.731570E-01,2.494249E-01
11:15:00,1.747748E+04,1.336174E+04,9.020387E-01,1.310638E+00,7.422362E+03,1.525067E+04,3.830634E-01,1.501187E+00,2.377581E+04,2.134324E+04,1.227013E+00,2.093422E+00,1.360507E+04,4.243679E+03,7.005989E-01,4.171297E-01,1.619606E+03,7.076381E+02,8.357101E-02,6.936319E-02,5.326770E+03,3.306734E+03,2.748525E-01,3.241572E-01,8.367714E+03,1.557579E+04,4.318221E-01,1.533213E+00,1.299205E+04,3.230640E+03,6.690229E-01,3.176111E-01,1.341088E+03,2.373182E+02,6.920265E-02,2.326224E-02,3.843703E+03,2.027538E+02,1.983413E-01,1.986798E-02,6.511330E+03,1.343021E+04,3.360450E-01,1.322586E+00,1.901124E+04,1.971500E+04,9.811992E-01,1.933575E+00,1.301521E+04,4.051875E+03,6.702140E-01,3.982689E-01,1.383696E+03,6.274679E+02,7.140132E-02,6.150057E-02,3.355634E+03,2.549464E+03,1.731564E-01,2.499027E-01
11:30:00,1.747744E+04,1.345528E+04,9.020366E-01,1.319808E+00,7.422329E+03,1.535506E+04,3.830617E-01,1.511459E+00,2.377564E+04,2.147779E+04,1.227004E+00,2.106615E+00,1.360506E+04,4.291126E+03,7.005981E-01,4.218001E-01,1.619594E+03,7.043821E+02,8.357040E-02,6.904387E-02,5.326724E+03,3.311226E+03,2.748501E-01,3.245978E-01,8.367671E+03,1.568508E+04,4.318199E-01,1.543967E+00,1.299204E+04,3.280251E+03,6.690227E-01,3.224979E-01,1.341084E+03,2.362908E+02,6.920246E-02,2.316118E-02,3.843697E+03,2.159537E+02,1.983410E-01,2.116163E-02,6.511319E+03,1.352102E+04,3.360445E-01,1.331527E+00,1.901115E+04,1.982854E+04,9.811943E-01,1.944706E+00,1.301520E+04,4.098180E+03,6.702137E-01,4.028269E-01,1.383689E+03,6.242592E+02,7.140101E-02,6.118591E-02,3.355621E+03,2.553172E+03,1.731558E-01,2.502663E-01
11:45:00,1.747740E+04,1.354443E+04,9.020348E-01,1.328548E+00,7.422297E+03,1.545221E+04,3.830600E-01,1.521020E+00,2.377549E+04,2.160823E+04,1.226996E+00,2.119406E+00,1.360505E+04,4.334168E+03,7.005974E-01,4.260370E-01,1.619583E+03,7.015592E+02,8.356985E-02,6.876706E-02,5.326681E+03,3.316267E+03,2.748479E-01,3.250923E-01,8.367631E+03,1.578686E+04,4.318178E-01,1.553985E+00,1.299204E+04,3.325452E+03,6.690225E-01,3.269494E-01,1.341081E+03,2.356851E+02,6.920230E-02,2.310154E-02,3.843691E+03,2.273885E+02,1.983407E-01,2.228230E-02,6.511309E+03,1.360451E+04,3.360439E-01,1.339767E+00,1.901106E+04,1.993602E+04,9.811896E-01,1.955244E+00,1.301520E+04,4.139701E+03,6.702135E-01,4.069143E-01,1.383684E+03,6.213252E+02,7.140072E-02,6.089822E-02,3.355610E+03,2.555694E+03,1.731552E-01,2.505135E-01
12:00:00,1.747737E+04,1.363263E+04,9.020332E-01,1.337196E+00,7.422267E+03,1.554469E+04,3.830584E-01,1.530122E+00,2.377534E+04,2.174010E+04,1.226989E+00,2.132338E+00,1.360503E+04,4.373897E+03,7.005968E-01,4.299480E-01,1.619574E+03,7.000003E+02,8.356934E-02,6.861422E-02,5.326642E+03,3.321925E+03,2.748459E-01,3.256470E-01,8.367592E+03,1.588399E+04,4.318158E-01,1.563545E+00,1.299204E+04,3.366881E+03,6.690224E-01,3.310292E-01,1.341078E+03,2.360449E+02,6.920215E-02,2.313662E-02,3.843686E+03,2.371565E+02,1.983404E-01,2.323963E-02,6.511300E+03,1.368286E+04,3.360435E-01,1.347506E+00,1.901097E+04,2.004240E+04,9.811851E-01,1.965674E+00,1.301519E+04,4.177482E+03,6.702132E-01,4.106337E-01,1.383679E+03,6.194790E+02,7.140045E-02,6.071722E-02,3.355598E+03,2.557090E+03,1.731546E-01,2.506503E-01
12:15:00,1.747734E+04,1.372757E+04,9.020316E-01,1.346506E+00,7.422237E+03,1.563987E+04,3.830569E-01,1.539491E+00,2.377520E+04,2.188369E+04,1.226981E+00,2.146420E+00,1.360502E+04,4.414645E+03,7.005962E-01,4.339588E-01,1.619565E+03,7.005991E+02,8.356888E-02,6.867296E-02,5.326605E+03,3.329148E+03,2.748440E-01,3.263553E-01,8.367556E+03,1.598418E+04,4.318140E-01,1.573407E+00,1.299204E+04,3.408342E+03,6.690222E-01,3.351114E-01,1.341076E+03,2.379413E+02,6.920202E-02,2.332241E-02,3.843682E+03,2.460727E+02,1.983402E-01,2.411347E-02,6.511291E+03,1.376286E+04,3.360430E-01,1.355405E+00,1.901088E+04,2.015697E+04,9.811807E-01,1.976909E+00,1.301519E+04,4.215684E+03,6.702129E-01,4.143943E-01,1.383674E+03,6.195204E+02,7.140020E-02,6.072131E-02,3.355588E+03,2.558125E+03,1.731540E-01,2.507518E-01
12:30:00,1.747731E+04,1.382287E+04,9.020303E-01,1.355854E+00,7.422209E+03,1.573455E+04,3.830555E-01,1.548812E+00,2.377508E+04,2.203440E+04,1.226975E+00,2.161202E+00,1.360501E+04,4.455536E+03,7.005957E-01,4.379843E-01,1.619556E+03,7.026878E+02,8.356846E-02,6.887782E-02,5.326570E+03,3.338058E+03,2.748422E-01,3.272290E-01,8.367522E+03,1.608491E+04,4.318122E-01,1.583324E+00,1.299203E+04,3.448647E+03,6.690221E-01,3.390804E-01,1.341073E+03,2.405325E+02,6.920191E-02,2.357639E-02,3.843678E+03,2.543272E+02,1.983400E-01,2.492245E-02,6.511283E+03,1.384152E+04,3.360426E-01,1.363162E+00,1.901080E+04,2.027392E+04,9.811765E-01,1.988379E+00,1.301518E+04,4.253287E+03,6.702127E-01,4.180965E-01,1.383669E+03,6.206866E+02,7.139996E-02,6.083570E-02,3.355577E+03,2.558938E+03,1.731535E-01,2.508315E-01
12:45:00,1.747729E+04,1.391428E+04,9.020290E-01,1.364820E+00,7.422182E+03,1.582612E+04,3.830541E-01,1.557828E+00,2.377495E+04,2.218799E+04,1.226969E+00,2.176266E+00,1.360500E+04,4.495814E+03,7.005951E-01,4.419495E-01,1.619549E+03,7.056732E+02,8.356807E-02,6.917057E-02,5.326537E+03,3.348742E+03,2.748405E-01,3.282765E-01,8.367489E+03,1.618385E+04,4.318105E-01,1.593066E+00,1.299203E+04,3.487103E+03,6.690220E-01,3.428678E-01,1.341071E+03,2.433040E+02,6.920180E-02,2.384809E-02,3.843675E+03,2.620871E+02,1.983398E-01,2.568296E-02,6.511275E+03,1.391697E+04,3.360422E-01,1.370587E+00,1.901072E+04,2.038855E+04,9.811725E-01,1.999621E+00,1.301518E+04,4.289524E+03,6.702124E-01,4.216642E-01,1.383665E+03,6.223879E+02,7.139973E-02,6.100254E-02,3.355566E+03,2.559639E+03,1.731529E-01,2.509002E-01
13:00:00,1.747726E+04,1.400077E+04,9.020278E-01,1.373303E+00,7.422156E+03,1.591361E+04,3.830528E-01,1.566441E+00,2.377484E+04,2.234250E+04,1.226963E+00,2.191421E+00,1.360499E+04,4.535123E+03,7.005947E-01,4.458189E-01,1.619542E+03,7.092842E+02,8.356770E-02,6.952463E-02,5.326506E+03,3.361213E+03,2.748389E-01,3.294993E-01,8.367457E+03,1.627997E+04,4.318089E-01,1.602528E+00,1.299203E+04,3.523539E+03,6.690219E-01,3.464565E-01,1.341070E+03,2.461283E+02,6.920171E-02,2.412496E-02,3.843672E+03,2.694358E+02,1.983397E-01,2.640317E-02,6.511268E+03,1.398845E+04,3.360418E-01,1.377611E+00,1.901065E+04,2.049912E+04,9.811686E-01,2.010464E+00,1.301517E+04,4.324080E+03,6.702122E-01,4.250662E-01,1.383660E+03,6.243850E+02,7.139952E-02,6.119835E-02,3.355556E+03,2.560276E+03,1.731524E-01,2.509628E-01
13:15:00,1.747724E+04,1.408028E+04,9.020267E-01,1.381102E+00,7.422132E+03,1.599486E+04,3.830515E-01,1.574438E+00,2.377473E+04,2.249480E+04,1.226957E+00,2.206359E+00,1.360498E+04,4.572111E+03,7.005942E-01,4.494597E-01,1.619535E+03,7.132919E+02,8.356736E-02,6.991754E-02,5.326476E+03,3.375151E+03,2.748374E-01,3.308659E-01,8.367427E+03,1.637090E+04,4.318073E-01,1.611479E+00,1.299203E+04,3.556763E+03,6.690218E-01,3.497293E-01,1.341068E+03,2.488798E+02,6.920163E-02,2.439469E-02,3.843669E+03,2.761867E+02,1.983395E-01,2.706479E-02,6.511261E+03,1.405393E+04,3.360415E-01,1.384043E+00,1.901058E+04,2.060301E+04,9.811649E-01,2.020652E+00,1.301517E+04,4.355660E+03,6.702120E-01,4.281752E-01,1.383657E+03,6.264713E+02,7.139931E-02,6.140288E-02,3.355546E+03,2.560645E+03,1.731519E-01,2.509989E-01
13:30:00,1.747722E+04,1.415265E+04,9.020257E-01,1.388199E+00,7.422108E+03,1.606967E+04,3.830502E-01,1.581799E+00,2.377462E+04,2.264396E+04,1.226952E+00,2.220987E+00,1.360498E+04,4.606618E+03,7.005938E-01,4.528560E-01,1.619529E+03,7.175852E+02,8.356704E-02,7.033842E-02,5.326448E+03,3.390466E+03,2.748359E-01,3.323675E-01,8.367399E+03,1.645629E+04,4.318058E-01,1.619883E+00,1.299203E+04,3.586743E+03,6.690218E-01,3.526826E-01,1.341067E+03,2.515382E+02,6.920155E-02,2.465529E-02,3.843666E+03,2.823359E+02,1.983394E-01,2.766744E-02,6.511254E+03,1.411331E+04,3.360411E-01,1.389874E+00,1.901051E+04,2.069972E+04,9.811613E-01,2.030135E+00,1.301517E+04,4.384167E+03,6.702118E-01,4.309815E-01,1.383653E+03,6.285745E+02,7.139912E-02,6.160905E-02,3.355537E+03,2.560727E+03,1.731514E-01,2.510070E-01
13:45:00,1.747720E+04,1.421768E+04,9.020247E-01,1.394577E+00,7.422085E+03,1.613789E+04,3.830491E-01,1.588512E+00,2.377452E+04,2.278914E+04,1.226946E+00,2.235225E+00,1.360497E+04,4.638504E+03,7.005934E-01,4.559940E-01,1.619523E+03,7.220721E+02,8.356675E-02,7.077826E-02,5.326421E+03,3.407039E+03,2.748345E-01,3.339924E-01,8.367371E+03,1.653586E+04,4.318044E-01,1.627714E+00,1.299203E+04,3.613422E+03,6.690217E-01,3.553111E-01,1.341065E+03,2.540554E+02,6.920149E-02,2.490202E-02,3.843664E+03,2.878614E+02,1.983393E-01,2.820895E-02,6.511248E+03,1.416650E+04,3.360408E-01,1.395097E+00,1.901044E+04,2.078882E+04,9.811578E-01,2.038872E+00,1.301516E+04,4.409502E+03,6.702116E-01,4.334754E-01,1.383649E+03,6.306131E+02,7.139893E-02,6.180887E-02,3.355527E+03,2.560496E+03,1.731509E-01,2.509845E-01
14:00:00,1.747719E+04,1.427509E+04,9.020238E-01,1.400208E+00,7.422063E+03,1.619933E+04,3.830479E-01,1.594558E+00,2.377443E+04,2.292941E+04,1.226941E+00,2.248981E+00,1.360496E+04,4.667634E+03,7.005930E-01,4.588605E-01,1.619518E+03,7.266626E+02,8.356647E-02,7.122823E-02,5.326396E+03,3.424727E+03,2.748332E-01,3.357265E-01,8.367345E+03,1.660933E+04,4.318031E-01,1.634943E+00,1.299202E+04,3.636761E+03,6.690216E-01,3.576108E-01,1.341064E+03,2.563968E+02,6.920142E-02,2.513153E-02,3.843662E+03,2.927386E+02,1.983392E-01,2.868694E-02,6.511242E+03,1.421336E+04,3.360405E-01,1.399697E+00,1.901037E+04,2.086984E+04,9.811544E-01,2.046815E+00,1.301516E+04,4.431590E+03,6.702114E-01,4.356495E-01,1.383646E+03,6.325263E+02,7.139875E-02,6.199640E-02,3.355518E+03,2.559925E+03,1.731504E-01,2.509285E-01
14:15:00,1.747717E+04,1.432069E+04,9.020229E-01,1.404680E+00,7.422042E+03,1.624991E+04,3.830468E-01,1.599533E+00,2.377434E+04,2.305929E+04,1.226937E+00,2.261718E+00,1.360495E+04,4.691549E+03,7.005927E-01,4.612138E-01,1.619513E+03,7.310797E+02,8.356620E-02,7.166121E-02,5.326371E+03,3.442774E+03,2.748319E-01,3.374960E-01,8.367320E+03,1.667238E+04,4.318018E-01,1.641146E+00,1.299202E+04,3.654458E+03,6.690216E-01,3.593552E-01,1.341063E+03,2.583635E+02,6.920137E-02,2.532430E-02,3.843660E+03,2.965108E+02,1.983391E-01,2.905663E-02,6.511237E+03,1.424991E+04,3.360402E-01,1.403284E+00,1.901031E+04,2.093819E+04,9.811512E-01,2.053517E+00,1.301515E+04,4.448090E+03,6.702112E-01,4.372739E-01,1.383642E+03,6.340878E+02,7.139858E-02,6.214944E-02,3.355509E+03,2.558572E+03,1.731500E-01,2.507960E-01
14:30:00,1.747715E+04,1.435378E+04,9.020221E-01,1.407923E+00,7.422021E+03,1.628919E+04,3.830458E-01,1.603395E+00,2.377425E+04,2.317740E+04,1.226932E+00,2.273300E+00,1.360495E+04,4.710081E+03,7.005923E-01,4.630369E-01,1.619508E+03,7.352034E+02,8.356595E-02,7.206540E-02,5.326348E+03,3.461008E+03,2.748307E-01,3.392835E-01,8.367296E+03,1.672453E+04,4.318005E-01,1.646274E+00,1.299202E+04,3.666455E+03,6.690215E-01,3.605384E-01,1.341062E+03,2.598989E+02,6.920131E-02,2.547478E-02,3.843658E+03,2.991543E+02,1.983390E-01,2.931569E-02,6.511232E+03,1.427578E+04,3.360399E-01,1.405819E+00,1.901025E+04,2.099289E+04,9.811480E-01,2.058879E+00,1.301515E+04,4.458903E+03,6.702110E-01,4.383381E-01,1.383639E+03,6.352150E+02,7.139842E-02,6.225990E-02,3.355500E+03,2.556406E+03,1.731495E-01,2.505836E-01
14:45:00,1.747714E+04,1.437367E+04,9.020213E-01,1.409873E+00,7.422002E+03,1.631676E+04,3.830448E-01,1.606103E+00,2.377416E+04,2.328228E+04,1.226928E+00,2.283584E+00,1.360494E+04,4.723057E+03,7.005920E-01,4.643129E-01,1.619503E+03,7.389184E+02,8.356572E-02,7.242952E-02,5.326325E+03,3.479239E+03,2.748295E-01,3.410707E-01,8.367273E+03,1.676523E+04,4.317993E-01,1.650275E+00,1.299202E+04,3.672665E+03,6.690215E-01,3.611514E-01,1.341061E+03,2.609247E+02,6.920126E-02,2.557530E-02,3.843656E+03,3.006304E+02,1.983389E-01,2.946034E-02,6.511227E+03,1.429060E+04,3.360397E-01,1.407266E+00,1.901019E+04,2.103297E+04,9.811450E-01,2.062807E+00,1.301515E+04,4.463900E+03,6.702109E-01,4.388297E-01,1.383636E+03,6.358068E+02,7.139826E-02,6.231787E-02,3.355492E+03,2.553384E+03,1.731491E-01,2.502875E-01
15:00:00,1.747712E+04,1.438479E+04,9.020205E-01,1.410961E+00,7.421983E+03,1.633509E+04,3.830438E-01,1.607901E+00,2.377408E+04,2.337781E+04,1.226924E+00,2.292949E+00,1.360493E+04,4.731282E+03,7.005917E-01,4.651210E-01,1.619499E+03,7.428502E+02,8.356549E-02,7.281488E-02,5.326303E+03,3.497309E+03,2.748284E-01,3.428422E-01,8.367251E+03,1.679664E+04,4.317982E-01,1.653360E+00,1.299202E+04,3.673909E+03,6.690214E-01,3.612750E-01,1.341060E+03,2.620624E+02,6.920122E-02,2.568678E-02,3.843654E+03,3.009016E+02,1.983388E-01,2.948688E-02,6.511222E+03,1.429670E+04,3.360394E-01,1.407856E+00,1.901013E+04,2.106301E+04,9.811421E-01,2.065750E+00,1.301514E+04,4.463932E+03,6.702107E-01,4.388324E-01,1.383633E+03,6.365056E+02,7.139811E-02,6.238634E-02,3.355483E+03,2.549458E+03,1.731486E-01,2.499026E-01
15:15:00,1.747711E+04,1.439204E+04,9.020198E-01,1.411670E+00,7.421965E+03,1.634667E+04,3.830429E-01,1.609035E+00,2.377401E+04,2.346925E+04,1.226920E+00,2.301915E+00,1.360493E+04,4.735048E+03,7.005914E-01,4.654901E-01,1.619495E+03,7.480417E+02,8.356528E-02,7.332374E-02,5.326282E+03,3.514787E+03,2.748273E-01,3.445556E-01,8.367230E+03,1.682095E+04,4.317971E-01,1.655746E+00,1.299202E+04,3.670328E+03,6.690214E-01,3.609235E-01,1.341059E+03,2.642435E+02,6.920118E-02,2.590054E-02,3.843653E+03,2.997483E+02,1.983387E-01,2.937383E-02,6.511217E+03,1.429610E+04,3.360392E-01,1.407787E+00,1.901008E+04,2.108894E+04,9.811392E-01,2.068291E+00,1.301514E+04,4.459354E+03,6.702105E-01,4.383814E-01,1.383630E+03,6.383936E+02,7.139796E-02,6.257137E-02,3.355475E+03,2.544391E+03,1.731482E-01,2.494059E-01
15:30:00,1.747710E+04,1.439758E+04,9.020191E-01,1.412212E+00,7.421948E+03,1.635330E+04,3.830420E-01,1.609681E+00,2.377393E+04,2.355954E+04,1.226916E+00,2.310768E+00,1.360492E+04,4.735081E+03,7.005911E-01,4.654918E-01,1.619491E+03,7.550747E+02,8.356508E-02,7.401314E-02,5.326262E+03,3.531507E+03,2.748263E-01,3.461945E-01,8.367209E+03,1.683985E+04,4.317961E-01,1.657599E+00,1.299202E+04,3.662322E+03,6.690213E-01,3.601362E-01,1.341058E+03,2.678194E+02,6.920114E-02,2.625106E-02,3.843651E+03,2.972286E+02,1.983386E-01,2.912685E-02,6.511213E+03,1.429045E+04,3.360390E-01,1.407222E+00,1.901003E+04,2.111411E+04,9.811365E-01,2.070758E+00,1.301514E+04,4.450908E+03,6.702104E-01,4.375495E-01,1.383628E+03,6.420558E+02,7.139783E-02,6.293034E-02,3.355467E+03,2.538234E+03,1.731478E-01,2.488023E-01
15:45:00,1.747708E+04,1.440199E+04,9.020185E-01,1.412644E+00,7.421931E+03,1.635589E+04,3.830411E-01,1.609930E+00,2.377386E+04,2.365030E+04,1.226912E+00,2.319668E+00,1.360492E+04,4.731894E+03,7.005908E-01,4.651762E-01,1.619487E+03,7.643641E+02,8.356488E-02,7.492377E-02,5.326243E+03,3.547342E+03,2.748253E-01,3.477467E-01,8.367190E+03,1.685436E+04,4.317951E-01,1.659021E+00,1.299202E+04,3.650009E+03,6.690213E-01,3.589258E-01,1.341058E+03,2.729795E+02,6.920110E-02,2.675693E-02,3.843650E+03,2.934532E+02,1.983385E-01,2.875680E-02,6.511208E+03,1.428033E+04,3.360388E-01,1.406212E+00,1.900998E+04,2.114028E+04,9.811338E-01,2.073323E+00,1.301513E+04,4.439107E+03,6.702102E-01,4.363872E-01,1.383625E+03,6.479016E+02,7.139769E-02,6.350338E-02,3.355459E+03,2.531075E+03,1.731474E-01,2.481004E-01
16:00:00,1.747707E+04,1.440016E+04,9.020178E-01,1.412464E+00,7.421915E+03,1.635190E+04,3.830403E-01,1.609531E+00,2.377379E+04,2.373677E+04,1.226909E+00,2.328147E+00,1.360491E+04,4.724835E+03,7.005906E-01,4.644794E-01,1.619484E+03,7.754380E+02,8.356470E-02,7.600936E-02,5.326224E+03,3.562139E+03,2.748243E-01,3.491971E-01,8.367171E+03,1.686222E+04,4.317941E-01,1.659788E+00,1.299202E+04,3.632570E+03,6.690212E-01,3.572114E-01,1.341057E+03,2.791130E+02,6.920106E-02,2.735826E-02,3.843648E+03,2.885568E+02,1.983385E-01,2.827689E-02,6.511204E+03,1.426314E+04,3.360385E-01,1.404499E+00,1.900993E+04,2.116268E+04,9.811313E-01,2.075519E+00,1.301513E+04,4.423314E+03,6.702101E-01,4.348317E-01,1.383623E+03,6.554512E+02,7.139756E-02,6.424345E-02,3.355451E+03,2.523026E+03,1.731470E-01,2.473114E-01
16:15:00,1.747706E+04,1.439152E+04,9.020172E-01,1.411617E+00,7.421900E+03,1.634400E+04,3.830395E-01,1.608746E+00,2.377372E+04,2.381828E+04,1.226905E+00,2.336140E+00,1.360491E+04,4.717052E+03,7.005903E-01,4.637104E-01,1.619480E+03,7.875334E+02,8.356452E-02,7.719507E-02,5.326206E+03,3.576881E+03,2.748234E-01,3.506421E-01,8.367153E+03,1.686643E+04,4.317932E-01,1.660194E+00,1.299202E+04,3.613268E+03,6.690212E-01,3.553110E-01,1.341056E+03,2.854652E+02,6.920103E-02,2.798105E-02,3.843647E+03,2.834939E+02,1.983384E-01,2.778065E-02,6.511201E+03,1.424174E+04,3.360383E-01,1.402364E+00,1.900988E+04,2.118025E+04,9.811288E-01,2.077241E+00,1.301513E+04,4.406641E+03,6.702099E-01,4.331886E-01,1.383620E+03,6.639207E+02,7.139744E-02,6.507369E-02,3.355444E+03,2.515007E+03,1.731466E-01,2.465252E-01
16:30:00,1.747705E+04,1.437256E+04,9.020167E-01,1.409758E+00,7.421885E+03,1.632967E+04,3.830387E-01,1.607327E+00,2.377366E+04,2.388945E+04,1.226902E+00,2.343118E+00,1.360490E+04,4.707665E+03,7.005901E-01,4.627837E-01,1.619477E+03,7.999978E+02,8.356436E-02,7.841691E-02,5.326189E+03,3.591387E+03,2.748225E-01,3.520639E-01,8.367136E+03,1.686439E+04,4.317923E-01,1.659985E+00,1.299202E+04,3.591590E+03,6.690212E-01,3.531743E-01,1.341056E+03,2.915863E+02,6.920100E-02,2.858117E-02,3.843645E+03,2.782704E+02,1.983383E-01,2.726869E-02,6.511197E+03,1.421358E+04,3.360382E-01,1.399560E+00,1.900983E+04,2.118829E+04,9.811264E-01,2.078027E+00,1.301513E+04,4.388318E+03,6.702098E-01,4.313832E-01,1.383618E+03,6.727108E+02,7.139732E-02,6.593531E-02,3.355437E+03,2.507015E+03,1.731462E-01,2.457418E-01
16:45:00,1.747704E+04,1.434084E+04,9.020161E-01,1.406646E+00,7.421871E+03,1.630695E+04,3.830380E-01,1.605083E+00,2.377360E+04,2.394556E+04,1.226899E+00,2.348618E+00,1.360490E+04,4.695860E+03,7.005899E-01,4.616190E-01,1.619474E+03,8.122169E+02,8.356420E-02,7.961466E-02,5.326172E+03,3.605425E+03,2.748216E-01,3.534399E-01,8.367120E+03,1.685378E+04,4.317915E-01,1.658931E+00,1.299201E+04,3.567223E+03,6.690211E-01,3.507700E-01,1.341055E+03,2.971047E+02,6.920097E-02,2.912219E-02,3.843644E+03,2.728329E+02,1.983382E-01,2.673575E-02,6.511193E+03,1.415717E+04,3.360380E-01,1.393974E+00,1.900979E+04,2.118297E+04,9.811241E-01,2.077504E+00,1.301512E+04,4.367668E+03,6.702096E-01,4.293486E-01,1.383616E+03,6.812741E+02,7.139721E-02,6.677467E-02,3.355429E+03,2.498997E+03,1.731459E-01,2.449558E-01
17:00:00,1.747703E+04,1.429378E+04,9.020156E-01,1.402029E+00,7.421857E+03,1.627391E+04,3.830373E-01,1.601821E+00,2.377354E+04,2.398173E+04,1.226896E+00,2.352162E+00,1.360490E+04,4.680863E+03,7.005897E-01,4.601401E-01,1.619471E+03,8.236225E+02,8.356404E-02,8.073260E-02,5.326155E+03,3.618702E+03,2.748208E-01,3.547413E-01,8.367104E+03,1.683240E+04,4.317906E-01,1.656817E+00,1.299201E+04,3.539796E+03,6.690211E-01,3.480621E-01,1.341055E+03,3.017027E+02,6.920094E-02,2.957296E-02,3.843643E+03,2.670599E+02,1.983382E-01,2.616994E-02,6.511190E+03,1.409846E+04,3.360378E-01,1.388159E+00,1.900974E+04,2.116037E+04,9.811219E-01,2.075285E+00,1.301512E+04,4.344052E+03,6.702095E-01,4.270221E-01,1.383614E+03,6.891088E+02,7.139710E-02,6.754256E-02,3.355422E+03,2.490857E+03,1.731455E-01,2.441578E-01
17:15:00,1.747702E+04,1.422887E+04,9.020150E-01,1.395660E+00,7.421844E+03,1.622858E+04,3.830366E-01,1.597348E+00,2.377348E+04,2.399302E+04,1.226893E+00,2.353266E+00,1.360489E+04,4.661821E+03,7.005894E-01,4.582630E-01,1.619468E+03,8.335934E+02,8.356389E-02,8.170986E-02,5.326140E+03,3.630879E+03,2.748200E-01,3.559349E-01,8.367089E+03,1.679805E+04,4.317899E-01,1.653424E+00,1.299201E+04,3.508744E+03,6.690211E-01,3.449982E-01,1.341054E+03,3.050536E+02,6.920092E-02,2.990146E-02,3.843641E+03,2.607923E+02,1.983381E-01,2.555568E-02,6.511187E+03,1.403364E+04,3.360376E-01,1.381762E+00,1.900970E+04,2.111652E+04,9.811197E-01,2.070981E+00,1.301512E+04,4.316752E+03,6.702094E-01,4.243330E-01,1.383612E+03,6.956572E+02,7.139699E-02,6.818433E-02,3.355415E+03,2.482473E+03,1.731451E-01,2.433360E-01
17:30:00,1.747701E+04,1.414299E+04,9.020145E-01,1.387232E+00,7.421832E+03,1.615916E+04,3.830360E-01,1.590505E+00,2.377343E+04,2.397424E+04,1.226890E+00,2.351419E+00,1.360489E+04,4.637894E+03,7.005892E-01,4.559052E-01,1.619465E+03,8.415101E+02,8.356375E-02,8.248572E-02,5.326125E+03,3.641622E+03,2.748192E-01,3.569879E-01,8.367074E+03,1.674835E+04,4.317891E-01,1.648521E+00,1.299201E+04,3.473577E+03,6.690210E-01,3.415305E-01,1.341054E+03,3.068170E+02,6.920089E-02,3.007427E-02,3.843640E+03,2.538496E+02,1.983381E-01,2.487525E-02,6.511184E+03,1.394676E+04,3.360375E-01,1.373195E+00,1.900966E+04,2.104701E+04,9.811176E-01,2.064161E+00,1.301512E+04,4.285057E+03,6.702093E-01,4.212113E-01,1.383610E+03,7.003601E+02,7.139689E-02,6.864518E-02,3.355409E+03,2.473704E+03,1.731448E-01,2.424764E-01
17:45:00,1.747700E+04,1.402736E+04,9.020140E-01,1.375886E+00,7.421820E+03,1.606294E+04,3.830354E-01,1.581020E+00,2.377338E+04,2.391384E+04,1.226887E+00,2.345490E+00,1.360488E+04,4.607682E+03,7.005890E-01,4.529292E-01,1.619463E+03,8.463291E+02,8.356362E-02,8.295791E-02,5.326110E+03,3.650557E+03,2.748184E-01,3.578635E-01,8.367061E+03,1.667823E+04,4.317884E-01,1.641607E+00,1.299201E+04,3.433333E+03,6.690210E-01,3.375641E-01,1.341053E+03,3.062815E+02,6.920087E-02,3.002167E-02,3.843639E+03,2.460225E+02,1.983380E-01,2.410817E-02,6.511181E+03,1.385636E+04,3.360373E-01,1.364280E+00,1.900962E+04,2.094068E+04,9.811156E-01,2.053728E+00,1.301511E+04,4.247670E+03,6.702091E-01,4.175298E-01,1.383608E+03,7.022123E+02,7.139679E-02,6.882659E-02,3.355402E+03,2.464394E+03,1.731445E-01,2.415637E-01
18:00:00,1.747699E+04,1.388131E+04,9.020136E-01,1.361554E+00,7.421808E+03,1.595247E+04,3.830348E-01,1.570132E+00,2.377332E+04,2.380828E+04,1.226884E+00,2.335130E+00,1.360488E+04,4.570382E+03,7.005889E-01,4.492558E-01,1.619460E+03,8.474666E+02,8.356349E-02,8.306918E-02,5.326096E+03,3.657285E+03,2.748177E-01,3.585228E-01,8.367047E+03,1.658609E+04,4.317877E-01,1.632523E+00,1.299201E+04,3.387642E+03,6.690210E-01,3.330625E-01,1.341053E+03,3.031640E+02,6.920084E-02,2.971589E-02,3.843638E+03,2.370529E+02,1.983379E-01,2.322912E-02,6.511178E+03,1.374909E+04,3.360372E-01,1.353717E+00,1.900958E+04,2.079557E+04,9.811137E-01,2.039492E+00,1.301511E+04,4.203953E+03,6.702090E-01,4.132256E-01,1.383606E+03,7.007128E+02,7.139669E-02,6.867945E-02,3.355396E+03,2.454347E+03,1.731441E-01,2.405789E-01
18:15:00,1.817710E+04,1.369650E+04,9.381474E-01,1.343419E+00,7.707765E+03,1.581731E+04,3.977928E-01,1.556816E+00,2.562454E+04,2.364608E+04,1.322421E+00,2.319215E+00,1.379356E+04,4.521610E+03,7.103048E-01,4.444542E-01,1.711675E+03,8.440064E+02,8.832176E-02,8.272974E-02,5.835429E+03,3.660568E+03,3.010985E-01,3.588444E-01,8.887930E+03,1.646388E+04,4.586682E-01,1.620480E+00,1.304916E+04,3.332602E+03,6.719640E-01,3.276419E-01,1.383917E+03,2.968430E+02,7.141271E-02,2.909606E-02,3.843637E+03,2.260163E+02,1.983379E-01,2.214752E-02,6.796939E+03,1.361627E+04,3.507851E-01,1.340640E+00,1.971017E+04,2.060177E+04,1.017272E+00,2.020480E+00,1.307230E+04,4.149727E+03,6.731541E-01,4.078879E-01,1.426499E+03,6.950445E+02,7.361008E-02,6.812368E-02,3.355389E+03,2.442703E+03,1.731438E-01,2.394375E-01
18:30:00,1.887744E+04,1.346797E+04,9.742913E-01,1.320994E+00,7.993813E+03,1.566258E+04,4.125546E-01,1.541573E+00,2.747660E+04,2.342021E+04,1.417990E+00,2.297053E+00,1.398238E+04,4.460204E+03,7.200187E-01,4.384095E-01,1.803941E+03,8.351288E+02,9.308149E-02,8.185925E-02,6.345851E+03,3.659991E+03,3.274264E-01,3.587873E-01,9.409003E+03,1.630839E+04,4.855554E-01,1.605160E+00,1.310636E+04,3.267537E+03,6.749067E-01,3.212352E-01,1.426807E+03,2.867820E+02,7.362549E-02,2.810963E-02,3.843635E+03,2.126458E+02,1.983378E-01,2.083722E-02,7.082798E+03,1.347041E+04,3.655370E-01,1.326286E+00,2.041097E+04,2.035286E+04,1.053440E+00,1.996062E+00,1.312954E+04,4.083935E+03,6.760988E-01,4.014122E-01,1.469418E+03,6.844245E+02,7.582434E-02,6.708253E-02,3.355383E+03,2.429254E+03,1.731435E-01,2.381190E-01
18:45:00,1.957852E+04,1.319044E+04,1.010466E+00,1.293760E+00,8.280278E+03,1.548020E+04,4.273296E-01,1.523610E+00,2.933062E+04,2.312297E+04,1.513627E+00,2.267891E+00,1.417120E+04,4.384820E+03,7.297281E-01,4.309895E-01,1.896269E+03,8.198531E+02,9.784247E-02,8.036159E-02,6.856036E+03,3.655140E+03,3.537397E-01,3.583114E-01,9.930774E+03,1.611497E+04,5.124606E-01,1.586104E+00,1.316357E+04,3.191727E+03,6.778481E-01,3.137716E-01,1.469725E+03,2.722762E+02,7.583904E-02,2.668752E-02,3.843634E+03,1.966512E+02,1.983378E-01,1.926977E-02,7.369059E+03,1.330913E+04,3.803025E-01,1.310433E+00,2.111255E+04,2.004176E+04,1.089639E+00,1.965545E+00,1.318678E+04,4.005352E+03,6.790421E-01,3.936783E-01,1.512365E+03,6.679102E+02,7.803938E-02,6.546365E-02,3.355377E+03,2.413773E+03,1.731432E-01,2.366014E-01
19:00:00,2.028034E+04,1.285599E+04,1.046669E+00,1.260944E+00,8.567065E+03,1.525197E+04,4.421115E-01,1.501134E+00,3.118638E+04,2.274239E+04,1.609314E+00,2.230555E+00,1.436005E+04,4.293780E+03,7.394368E-01,4.220296E-01,1.988651E+03,7.969691E+02,1.026043E-01,7.811813E-02,7.366479E+03,3.645597E+03,3.800643E-01,3.573754E-01,1.045304E+04,1.587963E+04,5.393716E-01,1.562921E+00,1.322078E+04,3.104430E+03,6.807893E-01,3.051790E-01,1.512672E+03,2.524118E+02,7.805335E-02,2.474015E-02,3.843634E+03,1.777259E+02,1.983377E-01,1.741514E-02,7.655645E+03,1.310892E+04,3.950763E-01,1.290766E+00,2.181487E+04,1.965681E+04,1.125866E+00,1.927785E+00,1.324403E+04,3.912391E+03,6.819853E-01,3.845302E-01,1.555341E+03,6.443459E+02,8.025514E-02,6.315374E-02,3.355372E+03,2.396015E+03,1.731429E-01,2.348605E-01
19:15:00,2.028254E+04,1.250910E+04,1.046755E+00,1.226907E+00,8.568040E+03,1.501094E+04,4.421368E-01,1.477393E+00,3.119182E+04,2.232105E+04,1.609483E+00,2.189220E+00,1.436025E+04,4.200086E+03,7.394296E-01,4.128077E-01,1.988845E+03,7.693039E+02,1.026082E-01,7.540597E-02,7.367711E+03,3.633440E+03,3.801130E-01,3.561830E-01,1.045463E+04,1.563145E+04,5.394017E-01,1.538475E+00,1.322084E+04,3.018378E+03,6.807875E-01,2.967086E-01,1.512770E+03,2.299885E+02,7.805615E-02,2.254191E-02,3.843635E+03,1.574632E+02,1.983378E-01,1.542947E-02,7.656635E+03,1.290231E+04,3.951054E-01,1.270449E+00,2.181706E+04,1.924216E+04,1.125949E+00,1.887111E+00,1.324409E+04,3.818113E+03,6.819833E-01,3.752517E-01,1.555437E+03,6.166122E+02,8.025776E-02,6.043514E-02,3.355369E+03,2.377646E+03,1.731427E-01,2.330596E-01
19:30:00,2.028481E+04,1.218746E+04,1.046842E+00,1.195349E+00,8.568994E+03,1.477932E+04,4.421601E-01,1.454585E+00,3.119689E+04,2.189968E+04,1.609633E+00,2.147884E+00,1.436032E+04,4.108154E+03,7.394251E-01,4.037608E-01,1.989007E+03,7.403140E+02,1.026114E-01,7.256404E-02,7.367939E+03,3.618361E+03,3.801181E-01,3.547043E-01,1.045612E+04,1.539009E+04,5.394275E-01,1.514705E+00,1.322086E+04,2.936270E+03,6.807862E-01,2.886265E-01,1.512851E+03,2.080149E+02,7.805839E-02,2.038777E-02,3.843639E+03,1.356356E+02,1.983380E-01,1.329049E-02,7.657604E+03,1.270710E+04,3.951323E-01,1.251249E+00,2.181933E+04,1.884031E+04,1.126033E+00,1.847695E+00,1.324411E+04,3.726923E+03,6.819819E-01,3.662789E-01,1.555518E+03,5.882088E+02,8.025986E-02,5.765096E-02,3.355368E+03,2.358499E+03,1.731427E-01,2.311826E-01
19:45:00,2.028653E+04,1.191702E+04,1.046906E+00,1.168820E+00,8.569572E+03,1.457577E+04,4.421720E-01,1.434549E+00,3.120030E+04,2.151418E+04,1.609730E+00,2.110071E+00,1.436040E+04,4.022204E+03,7.394259E-01,3.953042E-01,1.989126E+03,7.132547E+02,1.026143E-01,6.991150E-02,7.368466E+03,3.600383E+03,3.801407E-01,3.529414E-01,1.045700E+04,1.517361E+04,5.394397E-01,1.493395E+00,1.322088E+04,2.860934E+03,6.807864E-01,2.812063E-01,1.512913E+03,1.889674E+02,7.806024E-02,1.852054E-02,3.843647E+03,1.124649E+02,1.983384E-01,1.101995E-02,7.658216E+03,1.253414E+04,3.951476E-01,1.234227E+00,2.182099E+04,1.848571E+04,1.126092E+00,1.812919E+00,1.324413E+04,3.642844E+03,6.819821E-01,3.580074E-01,1.555577E+03,5.623017E+02,8.026155E-02,5.511157E-02,3.355372E+03,2.338716E+03,1.731429E-01,2.292433E-01
20:00:00,2.028764E+04,1.171426E+04,1.046948E+00,1.148934E+00,8.569863E+03,1.441097E+04,4.421790E-01,1.418337E+00,3.120223E+04,2.119237E+04,1.609789E+00,2.078511E+00,1.436047E+04,3.945845E+03,7.394281E-01,3.877924E-01,1.989206E+03,6.908557E+02,1.026173E-01,6.771595E-02,7.368786E+03,3.579877E+03,3.801544E-01,3.509307E-01,1.045746E+04,1.499353E+04,5.394504E-01,1.475676E+00,1.322090E+04,2.794159E+03,6.807871E-01,2.746244E-01,1.512953E+03,1.749239E+02,7.806170E-02,1.714392E-02,3.843658E+03,8.858500E+01,1.983390E-01,8.679961E-03,7.658534E+03,1.239695E+04,3.951564E-01,1.220708E+00,2.182204E+04,1.820271E+04,1.126130E+00,1.785169E+00,1.324415E+04,3.569175E+03,6.819826E-01,3.507612E-01,1.555615E+03,5.414334E+02,8.026291E-02,5.306623E-02,3.355380E+03,2.318735E+03,1.731433E-01,2.272846E-01
20:15:00,2.028835E+04,1.155760E+04,1.046976E+00,1.133575E+00,8.570030E+03,1.427418E+04,4.421856E-01,1.404888E+00,3.120344E+04,2.092223E+04,1.609839E+00,2.052025E+00,1.436053E+04,3.876274E+03,7.394308E-01,3.809494E-01,1.989274E+03,6.724882E+02,1.026206E-01,6.591576E-02,7.369014E+03,3.556923E+03,3.801648E-01,3.486802E-01,1.045776E+04,1.484148E+04,5.394638E-01,1.460722E+00,1.322092E+04,2.732512E+03,6.807878E-01,2.685448E-01,1.512982E+03,1.642730E+02,7.806309E-02,1.610003E-02,3.843674E+03,6.451162E+01,1.983398E-01,6.321069E-03,7.658711E+03,1.228507E+04,3.951634E-01,1.209685E+00,2.182270E+04,1.797403E+04,1.126155E+00,1.762752E+00,1.324416E+04,3.502718E+03,6.819833E-01,3.442256E-01,1.555644E+03,5.247473E+02,8.026425E-02,5.143092E-02,3.355393E+03,2.298765E+03,1.731440E-01,2.253270E-01
20:30:00,2.028883E+04,1.142282E+04,1.046997E+00,1.120364E+00,8.570153E+03,1.415244E+04,4.421919E-01,1.392920E+00,3.120436E+04,2.068155E+04,1.609884E+00,2.028428E+00,1.436059E+04,3.811501E+03,7.394335E-01,3.745786E-01,1.989334E+03,6.565365E+02,1.026238E-01,6.435244E-02,7.369196E+03,3.532185E+03,3.801736E-01,3.462547E-01,1.045801E+04,1.470633E+04,5.394772E-01,1.447433E+00,1.322093E+04,2.674878E+03,6.807886E-01,2.628593E-01,1.513007E+03,1.550696E+02,7.806437E-02,1.519804E-02,3.843692E+03,4.113216E+01,1.983407E-01,4.030226E-03,7.658830E+03,1.218648E+04,3.951693E-01,1.199978E+00,2.182315E+04,1.777371E+04,1.126175E+00,1.743117E+00,1.324418E+04,3.441309E+03,6.819840E-01,3.381865E-01,1.555668E+03,5.104907E+02,8.026553E-02,5.003382E-02,3.355408E+03,2.279395E+03,1.731448E-01,2.234283E-01
20:45:00,2.028917E+04,1.129912E+04,1.047013E+00,1.108242E+00,8.570256E+03,1.404032E+04,4.421973E-01,1.381896E+00,3.120512E+04,2.045950E+04,1.609923E+00,2.006657E+00,1.436063E+04,3.750574E+03,7.394359E-01,3.685858E-01,1.989386E+03,6.422202E+02,1.026265E-01,6.294939E-02,7.369351E+03,3.506153E+03,3.801813E-01,3.437025E-01,1.045822E+04,1.458261E+04,5.394878E-01,1.435266E+00,1.322094E+04,2.620610E+03,6.807893E-01,2.575096E-01,1.513028E+03,1.466060E+02,7.806547E-02,1.436853E-02,3.843711E+03,2.206093E+01,1.983417E-01,2.161561E-03,7.658920E+03,1.209621E+04,3.951740E-01,1.191091E+00,2.182348E+04,1.759087E+04,1.126190E+00,1.725194E+00,1.324419E+04,3.383992E+03,6.819847E-01,3.325493E-01,1.555690E+03,4.978894E+02,8.026664E-02,4.879894E-02,3.355425E+03,2.260979E+03,1.731456E-01,2.216231E-01
21:00:00,2.028943E+04,1.118407E+04,1.047025E+00,1.096958E+00,8.570340E+03,1.393556E+04,4.422015E-01,1.371591E+00,3.120574E+04,2.025043E+04,1.609955E+00,1.986157E+00,1.436068E+04,3.692989E+03,7.394381E-01,3.629215E-01,1.989430E+03,6.291186E+02,1.026287E-01,6.166536E-02,7.369485E+03,3.479136E+03,3.801881E-01,3.410538E-01,1.045837E+04,1.446745E+04,5.394956E-01,1.423937E+00,1.322096E+04,2.569596E+03,6.807899E-01,2.524831E-01,1.513046E+03,1.384115E+02,7.806638E-02,1.356535E-02,3.843730E+03,9.227709E+00,1.983427E-01,9.041346E-04,7.658988E+03,1.201254E+04,3.951775E-01,1.182850E+00,2.182375E+04,1.742086E+04,1.126203E+00,1.708527E+00,1.324420E+04,3.330316E+03,6.819853E-01,3.272698E-01,1.555708E+03,4.865586E+02,8.026758E-02,4.768854E-02,3.355443E+03,2.243647E+03,1.731466E-01,2.199243E-01
21:15:00,2.028962E+04,1.107166E+04,1.047034E+00,1.085925E+00,8.570409E+03,1.383322E+04,4.422049E-01,1.361523E+00,3.120625E+04,2.004686E+04,1.609980E+00,1.966195E+00,1.436072E+04,3.636091E+03,7.394401E-01,3.573247E-01,1.989467E+03,6.167913E+02,1.026306E-01,6.045717E-02,7.369602E+03,3.450764E+03,3.801940E-01,3.382722E-01,1.045849E+04,1.435537E+04,5.395015E-01,1.412911E+00,1.322097E+04,2.519418E+03,6.807905E-01,2.475412E-01,1.513061E+03,1.305624E+02,7.806713E-02,1.279595E-02,3.843748E+03,1.961781E+00,1.983436E-01,1.922141E-04,7.659038E+03,1.193083E+04,3.951799E-01,1.174804E+00,2.182397E+04,1.725727E+04,1.126214E+00,1.692487E+00,1.324421E+04,3.277684E+03,6.819859E-01,3.220930E-01,1.555724E+03,4.760941E+02,8.026837E-02,4.666300E-02,3.355460E+03,2.226959E+03,1.731475E-01,2.182886E-01
21:30:00,2.028977E+04,1.095986E+04,1.047042E+00,1.074949E+00,8.570467E+03,1.373248E+04,4.422078E-01,1.351609E+00,3.120666E+04,1.984646E+04,1.610001E+00,1.946543E+00,1.436075E+04,3.579644E+03,7.394419E-01,3.517721E-01,1.989498E+03,6.050275E+02,1.026322E-01,5.930419E-02,7.369704E+03,3.421190E+03,3.801992E-01,3.353729E-01,1.045859E+04,1.424523E+04,5.395065E-01,1.402072E+00,1.322098E+04,2.469973E+03,6.807910E-01,2.426725E-01,1.513073E+03,1.231329E+02,7.806775E-02,1.206771E-02,3.843765E+03,0.000000E+00,1.983445E-01,0.000000E+00,7.659076E+03,1.185045E+04,3.951817E-01,1.166886E+00,2.182415E+04,1.709826E+04,1.126223E+00,1.676896E+00,1.324422E+04,3.225868E+03,6.819865E-01,3.169963E-01,1.555737E+03,4.662988E+02,8.026905E-02,4.570303E-02,3.355478E+03,2.210861E+03,1.731484E-01,2.167108E-01
21:45:00,2.028989E+04,1.085116E+04,1.047047E+00,1.064271E+00,8.570518E+03,1.363287E+04,4.422104E-01,1.341806E+00,3.120701E+04,1.964789E+04,1.610019E+00,1.927069E+00,1.436078E+04,3.523488E+03,7.394434E-01,3.462479E-01,1.989526E+03,5.936833E+02,1.026336E-01,5.819229E-02,7.369794E+03,3.390552E+03,3.802038E-01,3.323692E-01,1.045868E+04,1.413632E+04,5.395108E-01,1.391353E+00,1.322099E+04,2.421158E+03,6.807915E-01,2.378666E-01,1.513084E+03,1.161061E+02,7.806829E-02,1.137895E-02,3.843780E+03,0.000000E+00,1.983453E-01,0.000000E+00,7.659105E+03,1.177101E+04,3.951832E-01,1.159060E+00,2.182431E+04,1.694273E+04,1.126231E+00,1.661645E+00,1.324423E+04,3.174694E+03,6.819870E-01,3.119624E-01,1.555749E+03,4.570320E+02,8.026966E-02,4.479483E-02,3.355494E+03,2.195275E+03,1.731492E-01,2.151831E-01
22:00:00,2.028999E+04,1.074436E+04,1.047052E+00,1.053786E+00,8.570564E+03,1.353413E+04,4.422128E-01,1.332087E+00,3.120731E+04,1.945042E+04,1.610034E+00,1.907702E+00,1.436081E+04,3.467522E+03,7.394449E-01,3.407424E-01,1.989550E+03,5.826570E+02,1.026349E-01,5.711156E-02,7.369874E+03,3.358980E+03,3.802079E-01,3.292741E-01,1.045875E+04,1.402824E+04,5.395146E-01,1.380715E+00,1.322100E+04,2.372879E+03,6.807919E-01,2.331142E-01,1.513092E+03,1.094649E+02,7.806874E-02,1.072800E-02,3.843793E+03,0.000000E+00,1.983460E-01,0.000000E+00,7.659128E+03,1.169226E+04,3.951844E-01,1.151300E+00,2.182445E+04,1.678995E+04,1.126238E+00,1.646663E+00,1.324424E+04,3.124031E+03,6.819875E-01,3.069787E-01,1.555759E+03,4.481879E+02,8.027020E-02,4.392805E-02,3.355510E+03,2.180116E+03,1.731500E-01,2.136974E-01
22:15:00,2.029006E+04,8.018421E+03,1.047056E+00,7.864271E-01,8.570607E+03,1.154344E+04,4.422150E-01,1.105940E+00,3.120757E+04,1.592096E+04,1.610048E+00,1.532466E+00,1.436083E+04,2.785835E+03,7.394461E-01,2.694689E-01,1.989571E+03,4.328835E+02,1.026359E-01,4.243090E-02,7.369945E+03,2.507325E+03,3.802116E-01,2.457880E-01,1.045881E+04,1.202742E+04,5.395180E-01,1.151104E+00,1.322100E+04,1.792163E+03,6.807923E-01,1.754177E-01,1.513100E+03,7.963280E+01,7.806913E-02,7.804303E-03,3.843805E+03,0.000000E+00,1.983466E-01,0.000000E+00,7.659148E+03,9.862739E+03,3.951855E-01,9.478465E-01,2.182458E+04,1.344644E+04,1.126245E+00,1.299905E+00,1.324425E+04,2.477071E+03,6.819879E-01,2.401847E-01,1.555769E+03,3.328576E+02,8.027068E-02,3.262424E-02,3.355525E+03,1.629437E+03,1.731508E-01,1.597192E-01
22:30:00,2.029013E+04,5.319364E+03,1.047059E+00,5.217083E-01,8.570648E+03,9.749643E+03,4.422171E-01,8.956757E-01,3.120781E+04,1.315618E+04,1.610060E+00,1.217721E+00,1.436086E+04,2.199466E+03,7.394473E-01,2.057857E-01,1.989589E+03,2.996034E+02,1.026369E-01,2.908111E-02,7.370010E+03,1.737246E+03,3.802149E-01,1.687983E-01,1.045887E+04,1.020746E+04,5.395210E-01,9.361776E-01,1.322101E+04,1.193000E+03,6.807926E-01,1.165543E-01,1.513107E+03,5.150518E+01,7.806947E-02,5.047677E-03,3.843816E+03,0.000000E+00,1.983471E-01,0.000000E+00,7.659166E+03,8.200816E+03,3.951864E-01,7.574467E-01,2.182470E+04,1.092053E+04,1.126251E+00,1.017801E+00,1.324426E+04,1.906700E+03,6.819883E-01,1.796277E-01,1.555777E+03,2.197745E+02,8.027112E-02,2.154068E-02,3.355539E+03,1.082585E+03,1.731515E-01,1.061162E-01
22:45:00,2.029019E+04,2.687704E+03,1.047062E+00,2.628506E-01,8.570687E+03,8.001076E+03,4.422191E-01,6.891610E-01,3.120803E+04,1.066298E+04,1.610071E+00,9.244077E-01,1.436088E+04,1.641926E+03,7.394483E-01,1.446295E-01,1.989606E+03,1.781044E+02,1.026377E-01,1.670584E-02,7.370068E+03,1.032628E+03,3.802179E-01,9.725029E-02,1.045893E+04,8.431673E+03,5.395238E-01,7.249761E-01,1.322101E+04,6.058354E+02,6.807929E-01,5.887178E-02,1.513112E+03,2.499212E+01,7.806976E-02,2.449301E-03,3.843825E+03,0.000000E+00,1.983476E-01,0.000000E+00,7.659181E+03,6.585169E+03,3.951872E-01,5.707809E-01,2.182481E+04,8.708263E+03,1.126257E+00,7.600846E-01,1.324427E+04,1.367669E+03,6.819887E-01,1.217127E-01,1.555785E+03,1.088469E+02,8.027152E-02,1.066838E-02,3.355553E+03,5.394652E+02,1.731522E-01,5.287900E-02
23:00:00,2.029024E+04,6.078445E+02,1.047065E+00,4.753206E-02,8.570723E+03,6.318471E+03,4.422210E-01,4.882604E-01,3.120822E+04,8.370991E+03,1.610081E+00,6.474367E-01,1.436089E+04,1.112219E+03,7.394493E-01,8.592505E-02,1.989620E+03,6.895179E+01,1.026385E-01,5.332971E-03,7.370122E+03,5.181764E+02,3.802207E-01,4.047635E-02,1.045898E+04,6.724043E+03,5.395263E-01,5.196179E-01,1.322102E+04,4.563304E+01,6.807931E-01,3.530888E-03,1.513117E+03,0.000000E+00,7.807001E-02,0.000000E+00,3.843833E+03,0.000000E+00,1.983480E-01,0.000000E+00,7.659195E+03,5.024782E+03,3.951879E-01,3.888010E-01,2.182492E+04,6.679487E+03,1.126262E+00,5.169706E-01,1.324427E+04,8.577786E+02,6.819890E-01,6.629993E-02,1.555792E+03,1.123611E+01,8.027188E-02,8.774406E-04,3.355566E+03,0.000000E+00,1.731529E-01,0.000000E+00
23:15:00,2.029028E+04,1.133071E+03,1.047067E+00,8.806152E-02,8.570758E+03,6.555143E+03,4.422228E-01,5.064037E-01,3.120840E+04,9.515595E+03,1.610091E+00,7.354445E-01,1.436091E+04,1.222143E+03,7.394501E-01,9.436166E-02,1.989633E+03,1.060794E+02,1.026392E-01,8.197985E-03,7.370171E+03,8.332620E+02,3.802232E-01,6.479181E-02,1.045902E+04,6.937658E+03,5.395287E-01,5.359948E-01,1.322102E+04,2.831990E+01,6.807933E-01,2.193354E-03,1.513121E+03,0.000000E+00,7.807023E-02,0.000000E+00,3.843839E+03,0.000000E+00,1.983483E-01,0.000000E+00,7.659207E+03,5.237116E+03,3.951885E-01,4.046174E-01,2.182502E+04,7.952309E+03,1.126267E+00,6.149933E-01,1.324428E+04,9.591534E+02,6.819893E-01,7.412582E-02,1.555799E+03,2.234451E+01,8.027222E-02,1.734515E-03,3.355579E+03,0.000000E+00,1.731536E-01,0.000000E+00
23:30:00,2.029032E+04,1.647165E+03,1.047069E+00,1.277274E-01,8.570792E+03,6.618189E+03,4.422246E-01,5.109780E-01,3.120857E+04,9.955488E+03,1.610099E+00,7.686241E-01,1.436092E+04,1.247734E+03,7.394509E-01,9.635249E-02,1.989645E+03,1.311681E+02,1.026398E-01,1.013387E-02,7.370216E+03,1.072287E+03,3.802256E-01,8.319705E-02,1.045907E+04,6.995377E+03,5.395310E-01,5.401840E-01,1.322103E+04,4.096954E+01,6.807935E-01,3.169299E-03,1.513125E+03,0.000000E+00,7.807042E-02,0.000000E+00,3.843846E+03,0.000000E+00,1.983486E-01,0.000000E+00,7.659218E+03,5.299471E+03,3.951891E-01,4.091547E-01,2.182511E+04,8.458212E+03,1.126272E+00,6.530745E-01,1.324428E+04,9.948808E+02,6.819896E-01,7.682862E-02,1.555805E+03,3.500586E+01,8.027253E-02,2.711379E-03,3.355591E+03,0.000000E+00,1.731542E-01,0.000000E+00
23:45:00,2.029035E+04,2.164293E+03,1.047071E+00,1.675230E-01,8.570824E+03,6.655221E+03,4.422262E-01,5.138430E-01,3.120872E+04,1.016844E+04,1.610107E+00,7.849031E-01,1.436094E+04,1.252317E+03,7.394516E-01,9.672561E-02,1.989656E+03,1.485809E+02,1.026404E-01,1.146920E-02,7.370259E+03,1.269931E+03,3.802277E-01,9.818996E-02,1.045911E+04,7.028861E+03,5.395331E-01,5.428045E-01,1.322103E+04,5.550737E+01,6.807937E-01,4.290933E-03,1.513128E+03,0.000000E+00,7.807058E-02,0.000000E+00,3.843851E+03,0.000000E+00,1.983489E-01,0.000000E+00,7.659229E+03,5.329627E+03,3.951896E-01,4.114905E-01,2.182520E+04,8.691782E+03,1.126277E+00,6.707743E-01,1.324429E+04,1.007554E+03,6.819899E-01,7.780183E-02,1.555810E+03,5.207434E+01,8.027282E-02,4.028330E-03,3.355602E+03,3.307227E+01,1.731548E-01,2.553893E-03
24:00:00,2.029038E+04,2.163906E+03,1.047072E+00,1.669715E-01,8.570854E+03,6.646103E+03,4.422278E-01,5.131531E-01,3.120887E+04,1.022784E+04,1.610115E+00,7.895515E-01,1.436095E+04,1.237393E+03,7.394522E-01,9.558503E-02,1.989666E+03,1.571783E+02,1.026409E-01,1.213030E-02,7.370298E+03,1.290344E+03,3.802298E-01,9.957919E-02,1.045915E+04,7.014673E+03,5.395351E-01,5.417464E-01,1.322103E+04,5.208360E+01,6.807938E-01,4.018388E-03,1.513131E+03,0.000000E+00,7.807073E-02,0.000000E+00,3.843856E+03,0.000000E+00,1.983492E-01,0.000000E+00,7.659238E+03,5.319665E+03,3.951901E-01,4.107311E-01,2.182529E+04,8.784498E+03,1.126281E+00,6.779430E-01,1.324430E+04,9.995921E+02,6.819902E-01,7.719427E-02,1.555816E+03,5.954629E+01,8.027309E-02,4.594427E-03,3.355614E+03,7.756229E+01,1.731554E-01,5.986331E-03
Peak,2.029075E+04,1.440199E+04,1.047091E+00,1.412644E+00,8.571312E+03,1.635589E+04,4.422514E-01,1.609930E+00,3.121088E+04,2.399302E+04,1.610218E+00,2.353266E+00,1.436110E+04,4.735081E+03,7.394601E-01,4.654918E-01,1.989779E+03,8.474666E+02,1.026467E-01,8.306918E-02,7.370844E+03,3.872253E+03,3.802580E-01,3.554394E-01,1.045969E+04,1.686643E+04,5.395632E-01,1.660194E+00,1.322106E+04,3.673909E+03,6.807952E-01,3.612750E-01,1.513156E+03,3.068170E+02,7.807201E-02,3.007427E-02,3.843907E+03,3.009016E+02,1.983518E-01,2.948688E-02,7.659357E+03,1.429670E+04,3.951962E-01,1.407856E+00,2.182667E+04,2.118829E+04,1.126352E+00,2.078027E+00,1.324438E+04,4.463932E+03,6.819943E-01,4.388324E-01,1.555888E+03,7.022123E+02,8.027683E-02,6.882659E-02,3.355842E+03,3.117160E+03,1.731672E-01,2.823548E-01

Peak Vol Flow (m3/s),,,8.711054E-01,1.175219E+00,,,3.679217E-01,1.339347E+00,,,1.339587E+00,1.957750E+00,,,6.151782E-01,3.872560E-01,,,8.539476E-02,6.910764E-02,,,3.163475E-01,2.957002E-01,,,4.488782E-01,1.381163E+00,,,5.663731E-01,3.005551E-01,,,6.495035E-02,2.501965E-02,,,1.650146E-01,2.453099E-02,,,3.287751E-01,1.171236E+00,,,9.370450E-01,1.728771E+00,,,5.673707E-01,3.650774E-01,,,6.678461E-02,5.725882E-02,,,1.440627E-01,2.348991E-01
