Time,THERMAL ZONE 1:LONDON/GATWICK ANN HTG 99.6% CONDNS DB:Des Heat Load [W],THERMAL ZONE 1:LONDON/GATWICK ANN CLG .4% CONDNS DB=>MWB:Des Sens Cool Load [W],THERMAL ZONE 1:LONDON/GATWICK ANN HTG 99.6% CONDNS DB:Des Heat Mass Flow [kg/s],THERMAL ZONE 1:LONDON/GATWICK ANN CLG .4% CONDNS DB=>MWB:Des Cool Mass Flow [kg/s],THERMAL ZONE 2:LONDON/GATWICK ANN HTG 99.6% CONDNS DB:Des Heat Load [W],THERMAL ZONE 2:LONDON/GATWICK ANN CLG .4% CONDNS DB=>MWB:Des Sens Cool Load [W],THERMAL ZONE 2:LONDON/GATWICK ANN HTG 99.6% CONDNS DB:Des Heat Mass Flow [kg/s],THERMAL ZONE 2:LONDON/GATWICK ANN CLG .4% CONDNS DB=>MWB:Des Cool Mass Flow [kg/s],THERMAL ZONE 3:LONDON/GATWICK ANN HTG 99.6% CONDNS DB:Des Heat Load [W],THERMAL ZONE 3:LONDON/GATWICK ANN CLG .4% CONDNS DB=>MWB:Des Sens Cool Load [W],THERMAL ZONE 3:LONDON/GATWICK ANN HTG 99.6% CONDNS DB:Des Heat Mass Flow [kg/s],THERMAL ZONE 3:LONDON/GATWICK ANN CLG .4% CONDNS DB=>MWB:Des Cool Mass Flow [kg/s],THERMAL ZONE 4:LONDON/GATWICK ANN HTG 99.6% CONDNS DB:Des Heat Load [W],THERMAL ZONE 4:LONDON/GATWICK ANN CLG .4% CONDNS DB=>MWB:Des Sens Cool Load [W],THERMAL ZONE 4:LONDON/GATWICK ANN HTG 99.6% CONDNS DB:Des Heat Mass Flow [kg/s],THERMAL ZONE 4:LONDON/GATWICK ANN CLG .4% CONDNS DB=>MWB:Des Cool Mass Flow [kg/s],THERMAL ZONE 5:LONDON/GATWICK ANN HTG 99.6% CONDNS DB:Des Heat Load [W],THERMAL ZONE 5:LONDON/GATWICK ANN CLG .4% CONDNS DB=>MWB:Des Sens Cool Load [W],THERMAL ZONE 5:LONDON/GATWICK ANN HTG 99.6% CONDNS DB:Des Heat Mass Flow [kg/s],THERMAL ZONE 5:LONDON/GATWICK ANN CLG .4% CONDNS DB=>MWB:Des Cool Mass Flow [kg/s],THERMAL ZONE 6:LONDON/GATWICK ANN HTG 99.6% CONDNS DB:Des Heat Load [W],THERMAL ZONE 6:LONDON/GATWICK ANN CLG .4% CONDNS DB=>MWB:Des Sens Cool Load [W],THERMAL ZONE 6:LONDON/GATWICK ANN HTG 99.6% CONDNS DB:Des Heat Mass Flow [kg/s],THERMAL ZONE 6:LONDON/GATWICK ANN CLG .4% CONDNS DB=>MWB:Des Cool Mass Flow [kg/s],THERMAL ZONE 7:LONDON/GATWICK ANN HTG 99.6% CONDNS DB:Des Heat Load [W],THERMAL ZONE 7:LONDON/GATWICK ANN CLG .4% CONDNS DB=>MWB:Des Sens Cool Load [W],THERMAL ZONE 7:LONDON/GATWICK ANN HTG 99.6% CONDNS DB:Des Heat Mass Flow [kg/s],THERMAL ZONE 7:LONDON/GATWICK ANN CLG .4% CONDNS DB=>MWB:Des Cool Mass Flow [kg/s]
00:10:00,2.493228E+04,0.000000E+00,1.284764E+00,0.000000E+00,9.938221E+02,8.056247E+02,5.128644E-02,6.216492E-02,2.892159E+03,0.000000E+00,1.492455E-01,0.000000E+00,1.101563E+03,0.000000E+00,5.684331E-02,0.000000E+00,6.075408E+02,0.000000E+00,3.135291E-02,0.000000E+00,1.221746E+03,0.000000E+00,6.303540E-02,0.000000E+00,1.273277E+03,1.194030E+02,6.570119E-02,9.212067E-03
00:20:00,2.493153E+04,0.000000E+00,1.284725E+00,0.000000E+00,9.936966E+02,8.012329E+02,5.127997E-02,6.182586E-02,2.891791E+03,0.000000E+00,1.492265E-01,0.000000E+00,1.101465E+03,0.000000E+00,5.683824E-02,0.000000E+00,6.074954E+02,0.000000E+00,3.135057E-02,0.000000E+00,1.221618E+03,0.000000E+00,6.302879E-02,0.000000E+00,1.273127E+03,1.162123E+02,6.569342E-02,8.965896E-03
00:30:00,2.493078E+04,0.000000E+00,1.284686E+00,0.000000E+00,9.935715E+02,7.970045E+02,5.127351E-02,6.149925E-02,2.891424E+03,0.000000E+00,1.492076E-01,0.000000E+00,1.101367E+03,0.000000E+00,5.683319E-02,0.000000E+00,6.074502E+02,0.000000E+00,3.134823E-02,0.000000E+00,1.221490E+03,0.000000E+00,6.302220E-02,0.000000E+00,1.272976E+03,1.126297E+02,6.568566E-02,8.689492E-03
00:40:00,2.493003E+04,0.000000E+00,1.284648E+00,0.000000E+00,9.934467E+02,7.929698E+02,5.126708E-02,6.118719E-02,2.891059E+03,0.000000E+00,1.491887E-01,0.000000E+00,1.101269E+03,0.000000E+00,5.682814E-02,0.000000E+00,6.074049E+02,0.000000E+00,3.134590E-02,0.000000E+00,1.221363E+03,0.000000E+00,6.301563E-02,0.000000E+00,1.272826E+03,1.087234E+02,6.567793E-02,8.388103E-03
00:50:00,2.492929E+04,0.000000E+00,1.284609E+00,0.000000E+00,9.933224E+02,7.891374E+02,5.126066E-02,6.089042E-02,2.890694E+03,0.000000E+00,1.491699E-01,0.000000E+00,1.101171E+03,0.000000E+00,5.682311E-02,0.000000E+00,6.073597E+02,0.000000E+00,3.134357E-02,0.000000E+00,1.221236E+03,0.000000E+00,6.300907E-02,0.000000E+00,1.272677E+03,1.045313E+02,6.567022E-02,8.064670E-03
01:00:00,2.492854E+04,0.000000E+00,1.284571E+00,0.000000E+00,9.931984E+02,7.855105E+02,5.125426E-02,6.060932E-02,2.890330E+03,0.000000E+00,1.491511E-01,0.000000E+00,1.101074E+03,0.000000E+00,5.681809E-02,0.000000E+00,6.073146E+02,0.000000E+00,3.134124E-02,0.000000E+00,1.221109E+03,0.000000E+00,6.300254E-02,0.000000E+00,1.272528E+03,1.000685E+02,6.566253E-02,7.720356E-03
01:10:00,2.492859E+04,0.000000E+00,1.284573E+00,0.000000E+00,9.932063E+02,7.782778E+02,5.125467E-02,6.004989E-02,2.890356E+03,0.000000E+00,1.491524E-01,0.000000E+00,1.101082E+03,0.000000E+00,5.681848E-02,0.000000E+00,6.073188E+02,0.000000E+00,3.134145E-02,0.000000E+00,1.221118E+03,0.000000E+00,6.300301E-02,0.000000E+00,1.272539E+03,9.503503E+01,6.566310E-02,7.332009E-03
01:20:00,2.492864E+04,0.000000E+00,1.284576E+00,0.000000E+00,9.932141E+02,7.714345E+02,5.125507E-02,5.952040E-02,2.890381E+03,0.000000E+00,1.491537E-01,0.000000E+00,1.101089E+03,0.000000E+00,5.681886E-02,0.000000E+00,6.073229E+02,0.000000E+00,3.134167E-02,0.000000E+00,1.221127E+03,0.000000E+00,6.300348E-02,0.000000E+00,1.272550E+03,8.991461E+01,6.566367E-02,6.936953E-03
01:30:00,2.492868E+04,0.000000E+00,1.284578E+00,0.000000E+00,9.932219E+02,7.647664E+02,5.125547E-02,5.900472E-02,2.890405E+03,0.000000E+00,1.491550E-01,0.000000E+00,1.101096E+03,0.000000E+00,5.681923E-02,0.000000E+00,6.073270E+02,0.000000E+00,3.134188E-02,0.000000E+00,1.221136E+03,0.000000E+00,6.300394E-02,0.000000E+00,1.272561E+03,8.472751E+01,6.566423E-02,6.536754E-03
01:40:00,2.492873E+04,0.000000E+00,1.284581E+00,0.000000E+00,9.932296E+02,7.582557E+02,5.125587E-02,5.850161E-02,2.890429E+03,0.000000E+00,1.491562E-01,0.000000E+00,1.101103E+03,0.000000E+00,5.681960E-02,0.000000E+00,6.073309E+02,0.000000E+00,3.134208E-02,0.000000E+00,1.221145E+03,0.000000E+00,6.300440E-02,0.000000E+00,1.272572E+03,7.950505E+01,6.566478E-02,6.133828E-03
01:50:00,2.492877E+04,0.000000E+00,1.284583E+00,0.000000E+00,9.932372E+02,7.519067E+02,5.125626E-02,5.801132E-02,2.890454E+03,0.000000E+00,1.491575E-01,0.000000E+00,1.101110E+03,0.000000E+00,5.681997E-02,0.000000E+00,6.073348E+02,0.000000E+00,3.134228E-02,0.000000E+00,1.221154E+03,0.000000E+00,6.300485E-02,0.000000E+00,1.272582E+03,7.427253E+01,6.566533E-02,5.730129E-03
02:00:00,2.492882E+04,0.000000E+00,1.284585E+00,0.000000E+00,9.932448E+02,7.457279E+02,5.125665E-02,5.753437E-02,2.890477E+03,0.000000E+00,1.491587E-01,0.000000E+00,1.101117E+03,0.000000E+00,5.682032E-02,0.000000E+00,6.073386E+02,0.000000E+00,3.134248E-02,0.000000E+00,1.221162E+03,0.000000E+00,6.300530E-02,0.000000E+00,1.272593E+03,6.907870E+01,6.566588E-02,5.329416E-03
02:10:00,2.492886E+04,0.000000E+00,1.284587E+00,0.000000E+00,9.932523E+02,7.396771E+02,5.125704E-02,5.706741E-02,2.890501E+03,0.000000E+00,1.491599E-01,0.000000E+00,1.101124E+03,0.000000E+00,5.682068E-02,0.000000E+00,6.073423E+02,0.000000E+00,3.134267E-02,0.000000E+00,1.221171E+03,0.000000E+00,6.300574E-02,0.000000E+00,1.272603E+03,6.386714E+01,6.566642E-02,4.927336E-03
02:20:00,2.492891E+04,0.000000E+00,1.284590E+00,0.000000E+00,9.932597E+02,7.337566E+02,5.125743E-02,5.661055E-02,2.890524E+03,0.000000E+00,1.491612E-01,0.000000E+00,1.101131E+03,0.000000E+00,5.682103E-02,0.000000E+00,6.073460E+02,0.000000E+00,3.134286E-02,0.000000E+00,1.221180E+03,0.000000E+00,6.300618E-02,0.000000E+00,1.272614E+03,5.864839E+01,6.566695E-02,4.524703E-03
02:30:00,2.492895E+04,0.000000E+00,1.284592E+00,0.000000E+00,9.932671E+02,7.279701E+02,5.125781E-02,5.616406E-02,2.890548E+03,0.000000E+00,1.491624E-01,0.000000E+00,1.101138E+03,0.000000E+00,5.682137E-02,0.000000E+00,6.073495E+02,0.000000E+00,3.134304E-02,0.000000E+00,1.221188E+03,0.000000E+00,6.300662E-02,0.000000E+00,1.272624E+03,5.343464E+01,6.566748E-02,4.122457E-03
02:40:00,2.492899E+04,0.000000E+00,1.284594E+00,0.000000E+00,9.932745E+02,7.223201E+02,5.125819E-02,5.572812E-02,2.890571E+03,0.000000E+00,1.491635E-01,0.000000E+00,1.101144E+03,0.000000E+00,5.682171E-02,0.000000E+00,6.073531E+02,0.000000E+00,3.134322E-02,0.000000E+00,1.221196E+03,0.000000E+00,6.300705E-02,0.000000E+00,1.272634E+03,4.823722E+01,6.566800E-02,3.721472E-03
02:50:00,2.492904E+04,0.000000E+00,1.284597E+00,0.000000E+00,9.932818E+02,7.168079E+02,5.125856E-02,5.530282E-02,2.890594E+03,0.000000E+00,1.491647E-01,0.000000E+00,1.101151E+03,0.000000E+00,5.682205E-02,0.000000E+00,6.073565E+02,0.000000E+00,3.134340E-02,0.000000E+00,1.221205E+03,0.000000E+00,6.300748E-02,0.000000E+00,1.272644E+03,4.306389E+01,6.566852E-02,3.322347E-03
03:00:00,2.492908E+04,0.000000E+00,1.284599E+00,0.000000E+00,9.932890E+02,7.114340E+02,5.125894E-02,5.488820E-02,2.890616E+03,0.000000E+00,1.491659E-01,0.000000E+00,1.101157E+03,0.000000E+00,5.682239E-02,0.000000E+00,6.073600E+02,0.000000E+00,3.134358E-02,0.000000E+00,1.221213E+03,0.000000E+00,6.300791E-02,0.000000E+00,1.272654E+03,3.792282E+01,6.566903E-02,2.925712E-03
03:10:00,2.492912E+04,0.000000E+00,1.284601E+00,0.000000E+00,9.932962E+02,7.061288E+02,5.125931E-02,5.447889E-02,2.890639E+03,0.000000E+00,1.491670E-01,0.000000E+00,1.101164E+03,0.000000E+00,5.682272E-02,0.000000E+00,6.073633E+02,0.000000E+00,3.134375E-02,0.000000E+00,1.221221E+03,0.000000E+00,6.300833E-02,0.000000E+00,1.272664E+03,3.275887E+01,6.566954E-02,2.527314E-03
03:20:00,2.492917E+04,0.000000E+00,1.284603E+00,0.000000E+00,9.933034E+02,7.008917E+02,5.125968E-02,5.407483E-02,2.890661E+03,0.000000E+00,1.491682E-01,0.000000E+00,1.101170E+03,0.000000E+00,5.682304E-02,0.000000E+00,6.073667E+02,0.000000E+00,3.134392E-02,0.000000E+00,1.221229E+03,0.000000E+00,6.300875E-02,0.000000E+00,1.272674E+03,2.757643E+01,6.567005E-02,2.127490E-03
03:30:00,2.492921E+04,0.000000E+00,1.284605E+00,0.000000E+00,9.933105E+02,6.957233E+02,5.126004E-02,5.367607E-02,2.890683E+03,0.000000E+00,1.491693E-01,0.000000E+00,1.101176E+03,0.000000E+00,5.682337E-02,0.000000E+00,6.073699E+02,0.000000E+00,3.134409E-02,0.000000E+00,1.221237E+03,0.000000E+00,6.300916E-02,0.000000E+00,1.272684E+03,2.237733E+01,6.567055E-02,1.726382E-03
03:40:00,2.492925E+04,0.000000E+00,1.284608E+00,0.000000E+00,9.933176E+02,6.906218E+02,5.126041E-02,5.328248E-02,2.890705E+03,0.000000E+00,1.491705E-01,0.000000E+00,1.101183E+03,0.000000E+00,5.682369E-02,0.000000E+00,6.073732E+02,0.000000E+00,3.134426E-02,0.000000E+00,1.221245E+03,0.000000E+00,6.300957E-02,0.000000E+00,1.272693E+03,1.716501E+01,6.567105E-02,1.324256E-03
03:50:00,2.492929E+04,0.000000E+00,1.284610E+00,0.000000E+00,9.933246E+02,6.855854E+02,5.126077E-02,5.289391E-02,2.890727E+03,0.000000E+00,1.491716E-01,0.000000E+00,1.101189E+03,0.000000E+00,5.682400E-02,0.000000E+00,6.073764E+02,0.000000E+00,3.134442E-02,0.000000E+00,1.221253E+03,0.000000E+00,6.300998E-02,0.000000E+00,1.272703E+03,1.213418E+01,6.567154E-02,9.361336E-04
04:00:00,2.492933E+04,0.000000E+00,1.284612E+00,0.000000E+00,9.933316E+02,6.806122E+02,5.126113E-02,5.251021E-02,2.890748E+03,0.000000E+00,1.491727E-01,0.000000E+00,1.101195E+03,0.000000E+00,5.682432E-02,0.000000E+00,6.073795E+02,0.000000E+00,3.134459E-02,0.000000E+00,1.221261E+03,0.000000E+00,6.301039E-02,0.000000E+00,1.272712E+03,7.967739E+00,6.567203E-02,6.146984E-04
04:10:00,2.492938E+04,0.000000E+00,1.284614E+00,0.000000E+00,9.933385E+02,6.757605E+02,5.126149E-02,5.213589E-02,2.890770E+03,0.000000E+00,1.491738E-01,0.000000E+00,1.101201E+03,0.000000E+00,5.682463E-02,0.000000E+00,6.073826E+02,0.000000E+00,3.134475E-02,0.000000E+00,1.221269E+03,0.000000E+00,6.301079E-02,0.000000E+00,1.272722E+03,4.666939E+00,6.567252E-02,3.600464E-04
04:20:00,2.492942E+04,0.000000E+00,1.284616E+00,0.000000E+00,9.933454E+02,6.723989E+02,5.126185E-02,5.187654E-02,2.890791E+03,0.000000E+00,1.491749E-01,0.000000E+00,1.101207E+03,0.000000E+00,5.682494E-02,0.000000E+00,6.073857E+02,0.000000E+00,3.134491E-02,0.000000E+00,1.221277E+03,0.000000E+00,6.301119E-02,0.000000E+00,1.272731E+03,2.237272E+00,6.567300E-02,1.726015E-04
04:30:00,2.492946E+04,0.000000E+00,1.284618E+00,0.000000E+00,9.933523E+02,6.722792E+02,5.126220E-02,5.186730E-02,2.890813E+03,0.000000E+00,1.491760E-01,0.000000E+00,1.101213E+03,0.000000E+00,5.682525E-02,0.000000E+00,6.073887E+02,0.000000E+00,3.134506E-02,0.000000E+00,1.221284E+03,0.000000E+00,6.301159E-02,0.000000E+00,1.272740E+03,6.816964E-01,6.567348E-02,5.259156E-05
04:40:00,2.492950E+04,0.000000E+00,1.284620E+00,0.000000E+00,9.933591E+02,6.767402E+02,5.126255E-02,5.221148E-02,2.890834E+03,0.000000E+00,1.491771E-01,0.000000E+00,1.101219E+03,0.000000E+00,5.682555E-02,0.000000E+00,6.073918E+02,0.000000E+00,3.134522E-02,0.000000E+00,1.221292E+03,0.000000E+00,6.301199E-02,0.000000E+00,1.272750E+03,7.742983E-01,6.567396E-02,5.991954E-05
04:50:00,2.492954E+04,0.000000E+00,1.284622E+00,0.000000E+00,9.933659E+02,6.880375E+02,5.126291E-02,5.308312E-02,2.890855E+03,0.000000E+00,1.491782E-01,0.000000E+00,1.101225E+03,0.000000E+00,5.682585E-02,0.000000E+00,6.073947E+02,0.000000E+00,3.134537E-02,0.000000E+00,1.221300E+03,0.000000E+00,6.301238E-02,0.000000E+00,1.272759E+03,7.366926E+00,6.567443E-02,5.685284E-04
05:00:00,2.492958E+04,0.000000E+00,1.284625E+00,0.000000E+00,9.933727E+02,7.059230E+02,5.126325E-02,5.446306E-02,2.890875E+03,0.000000E+00,1.491793E-01,0.000000E+00,1.101230E+03,0.000000E+00,5.682615E-02,0.000000E+00,6.073977E+02,0.000000E+00,3.134553E-02,0.000000E+00,1.221307E+03,0.000000E+00,6.301277E-02,0.000000E+00,1.272768E+03,1.667077E+01,6.567490E-02,1.286313E-03
05:10:00,2.492962E+04,0.000000E+00,1.284627E+00,0.000000E+00,9.933794E+02,7.315786E+02,5.126360E-02,5.644251E-02,2.890896E+03,2.418961E+01,1.491803E-01,1.885598E-03,1.101236E+03,0.000000E+00,5.682645E-02,0.000000E+00,6.074006E+02,0.000000E+00,3.134568E-02,0.000000E+00,1.221315E+03,0.000000E+00,6.301315E-02,0.000000E+00,1.272777E+03,3.132357E+01,6.567536E-02,2.416776E-03
05:20:00,2.492966E+04,0.000000E+00,1.284629E+00,0.000000E+00,9.933861E+02,7.630170E+02,5.126395E-02,5.886812E-02,2.890917E+03,7.463827E+01,1.491814E-01,5.778093E-03,1.101242E+03,0.000000E+00,5.682675E-02,0.000000E+00,6.074035E+02,0.000000E+00,3.134583E-02,0.000000E+00,1.221322E+03,0.000000E+00,6.301354E-02,0.000000E+00,1.272786E+03,5.062722E+01,6.567583E-02,3.906075E-03
05:30:00,2.492970E+04,0.000000E+00,1.284631E+00,0.000000E+00,9.933927E+02,7.980996E+02,5.126429E-02,6.157491E-02,2.890937E+03,1.338472E+02,1.491824E-01,1.034619E-02,1.101248E+03,0.000000E+00,5.682704E-02,0.000000E+00,6.074064E+02,0.000000E+00,3.134597E-02,0.000000E+00,1.221329E+03,0.000000E+00,6.301392E-02,0.000000E+00,1.272795E+03,7.431995E+01,6.567629E-02,5.734021E-03
05:40:00,2.492974E+04,0.000000E+00,1.284633E+00,0.000000E+00,9.933994E+02,8.354613E+02,5.126463E-02,6.445754E-02,2.890957E+03,2.133662E+02,1.491835E-01,1.648131E-02,1.101253E+03,0.000000E+00,5.682733E-02,0.000000E+00,6.074092E+02,0.000000E+00,3.134612E-02,0.000000E+00,1.221337E+03,0.000000E+00,6.301430E-02,0.000000E+00,1.272803E+03,1.015016E+02,6.567674E-02,7.830988E-03
05:50:00,2.492978E+04,0.000000E+00,1.284635E+00,0.000000E+00,9.934060E+02,8.724636E+02,5.126497E-02,6.731242E-02,2.890977E+03,3.094354E+02,1.491845E-01,2.389343E-02,1.101259E+03,0.000000E+00,5.682762E-02,0.000000E+00,6.074120E+02,0.000000E+00,3.134627E-02,0.000000E+00,1.221344E+03,0.000000E+00,6.301468E-02,0.000000E+00,1.272812E+03,1.264779E+02,6.567720E-02,9.758046E-03
06:00:00,2.492982E+04,0.000000E+00,1.284637E+00,0.000000E+00,9.934125E+02,9.088773E+02,5.126531E-02,7.012188E-02,2.890998E+03,4.196521E+02,1.491856E-01,3.239720E-02,1.101264E+03,0.000000E+00,5.682791E-02,0.000000E+00,6.074148E+02,0.000000E+00,3.134641E-02,0.000000E+00,1.221351E+03,0.000000E+00,6.301505E-02,0.000000E+00,1.272821E+03,1.516400E+02,6.567765E-02,1.169947E-02
06:10:00,2.474962E+04,2.683444E+02,1.275351E+00,2.636262E-02,9.629468E+02,1.067891E+03,4.969312E-02,8.574445E-02,2.786796E+03,9.582663E+02,1.438084E-01,7.816047E-02,1.075266E+03,4.599333E+00,5.548632E-02,4.506730E-04,6.002705E+02,1.089444E+02,3.097772E-02,1.062045E-02,1.178028E+03,2.910403E+01,6.077979E-02,2.770963E-03,1.220370E+03,3.176879E+02,6.297115E-02,2.573665E-02
06:20:00,2.456919E+04,5.534690E+02,1.266061E+00,5.501755E-02,9.324464E+02,1.185649E+03,4.811933E-02,1.002507E-01,2.682451E+03,1.267996E+03,1.384246E-01,1.097353E-01,1.049228E+03,1.092770E+01,5.414295E-02,1.070829E-03,5.931151E+02,2.174881E+02,3.060850E-02,2.125725E-02,1.134641E+03,5.151584E+01,5.854181E-02,4.971154E-03,1.167847E+03,4.412091E+02,6.026146E-02,3.832372E-02
06:30:00,2.438878E+04,9.065634E+02,1.256774E+00,8.962639E-02,9.019416E+02,1.313908E+03,4.654541E-02,1.159315E-01,2.578106E+03,1.613543E+03,1.330411E-01,1.448279E-01,1.023198E+03,1.849297E+01,5.280002E-02,1.812064E-03,5.859631E+02,3.292273E+02,3.023947E-02,3.220897E-02,1.091256E+03,7.744321E+01,5.630415E-02,7.511587E-03,1.115325E+03,5.788014E+02,5.755196E-02,5.230027E-02
06:40:00,2.420833E+04,1.362732E+03,1.247487E+00,1.343461E-01,8.714155E+02,1.423530E+03,4.497054E-02,1.299246E-01,2.473691E+03,1.869602E+03,1.276544E-01,1.715776E-01,9.971542E+02,2.714992E+01,5.145646E-02,2.660277E-03,5.788076E+02,4.409151E+02,2.987027E-02,4.316073E-02,1.047846E+03,9.912683E+01,5.406540E-02,9.636350E-03,1.062768E+03,6.898234E+02,5.484095E-02,6.376361E-02
06:50:00,2.402787E+04,1.846691E+03,1.238199E+00,1.817999E-01,8.408743E+02,1.536406E+03,4.339500E-02,1.443550E-01,2.369227E+03,2.116707E+03,1.222655E-01,1.977938E-01,9.711018E+02,3.691813E+01,5.011253E-02,3.617376E-03,5.716499E+02,5.546642E+02,2.950097E-02,5.431580E-02,1.004420E+03,1.217501E+02,5.182606E-02,1.185315E-02,1.010188E+03,8.021041E+02,5.212900E-02,7.542529E-02
07:00:00,2.384741E+04,2.371799E+03,1.228912E+00,2.332937E-01,8.103216E+02,1.652259E+03,4.181896E-02,1.591880E-01,2.264726E+03,2.354402E+03,1.168751E-01,2.233813E-01,9.450430E+02,4.766097E+01,4.876831E-02,4.669973E-03,5.644902E+02,6.702275E+02,2.913157E-02,6.565037E-02,9.609840E+02,1.449902E+02,4.958633E-02,1.413037E-02,9.575928E+02,9.154803E+02,4.941636E-02,8.725446E-02
07:10:00,2.384718E+04,2.683943E+03,1.228911E+00,2.638585E-01,8.102323E+02,1.651842E+03,4.181506E-02,1.619780E-01,2.264418E+03,2.144464E+03,1.168615E-01,2.103080E-01,9.449828E+02,5.522382E+01,4.876572E-02,5.410970E-03,5.644756E+02,6.787020E+02,2.913091E-02,6.654763E-02,9.608724E+02,1.402539E+02,4.958195E-02,1.374711E-02,9.574453E+02,8.871319E+02,4.941016E-02,8.701702E-02
07:20:00,2.384716E+04,3.033733E+03,1.228915E+00,2.974719E-01,8.101709E+02,1.699296E+03,4.181245E-02,1.666692E-01,2.264230E+03,2.142352E+03,1.168536E-01,2.099249E-01,9.449571E+02,6.257337E+01,4.876469E-02,6.131003E-03,5.644701E+02,6.899572E+02,2.913067E-02,6.766278E-02,9.608188E+02,1.435289E+02,4.958004E-02,1.406386E-02,9.573593E+02,9.010703E+02,4.940672E-02,8.830305E-02
07:30:00,2.384713E+04,3.369364E+03,1.228915E+00,3.304121E-01,8.101085E+02,1.742878E+03,4.180971E-02,1.709637E-01,2.264025E+03,2.100710E+03,1.168445E-01,2.058425E-01,9.449202E+02,7.029155E+01,4.876304E-02,6.887279E-03,5.644593E+02,7.005021E+02,2.913016E-02,6.870676E-02,9.607594E+02,1.447633E+02,4.957763E-02,1.418490E-02,9.572665E+02,9.007944E+02,4.940275E-02,8.827701E-02
07:40:00,2.384712E+04,3.654684E+03,1.228915E+00,3.584200E-01,8.100629E+02,1.811374E+03,4.180773E-02,1.776888E-01,2.263876E+03,2.132724E+03,1.168380E-01,2.089746E-01,9.448933E+02,7.884222E+01,4.876183E-02,7.725117E-03,5.644500E+02,7.136126E+02,2.912971E-02,6.999725E-02,9.607222E+02,1.518006E+02,4.957613E-02,1.487437E-02,9.572016E+02,9.268624E+02,4.940000E-02,9.083082E-02
07:50:00,2.384712E+04,3.963724E+03,1.228916E+00,3.887498E-01,8.100289E+02,1.882863E+03,4.180625E-02,1.847087E-01,2.263763E+03,2.160870E+03,1.168330E-01,2.117282E-01,9.448717E+02,8.835733E+01,4.876084E-02,8.657458E-03,5.644410E+02,7.271888E+02,2.912927E-02,7.133222E-02,9.606974E+02,1.594978E+02,4.957508E-02,1.562853E-02,9.571544E+02,9.518352E+02,4.939796E-02,9.327756E-02
08:00:00,2.384712E+04,4.282177E+03,1.228916E+00,4.200024E-01,8.100034E+02,1.957603E+03,4.180512E-02,1.920465E-01,2.263677E+03,2.187125E+03,1.168292E-01,2.142978E-01,9.448536E+02,9.905940E+01,4.875999E-02,9.706104E-03,5.644322E+02,7.414599E+02,2.912884E-02,7.273366E-02,9.606799E+02,1.682433E+02,4.957429E-02,1.648543E-02,9.571191E+02,9.762935E+02,4.939640E-02,9.567410E-02
08:10:00,2.384713E+04,4.599144E+03,1.228916E+00,4.511105E-01,8.099843E+02,2.031066E+03,4.180427E-02,1.992580E-01,2.263611E+03,2.210552E+03,1.168262E-01,2.165913E-01,9.448382E+02,1.106408E+02,4.875925E-02,1.084092E-02,5.644237E+02,7.563852E+02,2.912841E-02,7.419801E-02,9.606669E+02,1.776403E+02,4.957369E-02,1.740617E-02,9.570922E+02,9.995407E+02,4.939518E-02,9.795209E-02
08:20:00,2.384714E+04,4.914916E+03,1.228917E+00,4.821025E-01,8.099698E+02,2.103110E+03,4.180361E-02,2.063297E-01,2.263559E+03,2.229997E+03,1.168238E-01,2.184954E-01,9.448248E+02,1.230367E+02,4.875860E-02,1.205554E-02,5.644155E+02,7.713830E+02,2.912800E-02,7.566858E-02,9.606570E+02,1.875143E+02,4.957322E-02,1.837364E-02,9.570714E+02,1.021289E+03,4.939422E-02,1.000832E-01
08:30:00,2.384715E+04,5.229439E+03,1.228917E+00,5.129732E-01,8.099589E+02,2.173634E+03,4.180312E-02,2.132524E-01,2.263518E+03,2.244718E+03,1.168220E-01,2.199371E-01,9.448133E+02,1.361677E+02,4.875803E-02,1.334219E-02,5.644077E+02,7.862778E+02,2.912761E-02,7.712893E-02,9.606495E+02,1.977065E+02,4.957285E-02,1.937231E-02,9.570552E+02,1.041323E+03,4.939346E-02,1.020464E-01
08:40:00,2.384717E+04,5.543045E+03,1.228918E+00,5.437546E-01,8.099509E+02,2.242557E+03,4.180276E-02,2.200181E-01,2.263487E+03,2.254382E+03,1.168205E-01,2.208836E-01,9.448033E+02,1.497089E+02,4.875753E-02,1.466903E-02,5.644004E+02,8.009590E+02,2.912723E-02,7.856826E-02,9.606437E+02,2.081180E+02,4.957256E-02,2.039246E-02,9.570425E+02,1.059433E+03,4.939286E-02,1.038210E-01
08:50:00,2.384718E+04,5.856288E+03,1.228919E+00,5.745007E-01,8.099449E+02,2.309846E+03,4.180249E-02,2.266237E-01,2.263463E+03,2.258886E+03,1.168194E-01,2.213246E-01,9.447946E+02,1.634868E+02,4.875709E-02,1.601907E-02,5.643935E+02,8.153237E+02,2.912688E-02,7.997652E-02,9.606392E+02,2.186459E+02,4.957235E-02,2.142403E-02,9.570326E+02,1.075485E+03,4.939238E-02,1.053940E-01
09:00:00,2.384720E+04,6.170320E+03,1.228920E+00,6.053251E-01,8.099407E+02,2.375837E+03,4.180230E-02,2.331021E-01,2.263444E+03,2.258270E+03,1.168185E-01,2.212641E-01,9.447870E+02,1.773806E+02,4.875671E-02,1.738047E-02,5.643871E+02,8.292931E+02,2.912656E-02,8.134600E-02,9.606359E+02,2.292454E+02,4.957218E-02,2.246260E-02,9.570247E+02,1.089565E+03,4.939200E-02,1.067737E-01
09:10:00,2.384721E+04,6.477802E+03,1.228921E+00,6.355081E-01,8.099379E+02,2.438643E+03,4.180217E-02,2.392680E-01,2.263430E+03,2.252129E+03,1.168179E-01,2.206623E-01,9.447805E+02,1.911342E+02,4.875638E-02,1.872812E-02,5.643812E+02,8.427265E+02,2.912626E-02,8.266292E-02,9.606334E+02,2.398207E+02,4.957205E-02,2.349880E-02,9.570186E+02,1.101580E+03,4.939170E-02,1.079510E-01
09:20:00,2.384723E+04,6.779389E+03,1.228922E+00,6.651133E-01,8.099362E+02,2.498499E+03,4.180210E-02,2.451445E-01,2.263420E+03,2.240535E+03,1.168174E-01,2.195263E-01,9.447749E+02,2.046569E+02,4.875610E-02,2.005314E-02,5.643758E+02,8.555780E+02,2.912598E-02,8.392276E-02,9.606317E+02,2.503857E+02,4.957197E-02,2.453399E-02,9.570140E+02,1.111663E+03,4.939148E-02,1.089390E-01
09:30:00,2.384725E+04,7.075502E+03,1.228923E+00,6.941807E-01,8.099355E+02,2.555611E+03,4.180208E-02,2.507517E-01,2.263413E+03,2.223704E+03,1.168171E-01,2.178771E-01,9.447702E+02,2.178708E+02,4.875586E-02,2.134789E-02,5.643709E+02,8.678204E+02,2.912573E-02,8.512289E-02,9.606307E+02,2.609600E+02,4.957192E-02,2.557008E-02,9.570106E+02,1.119934E+03,4.939131E-02,1.097494E-01
09:40:00,2.384727E+04,7.366464E+03,1.228924E+00,7.227425E-01,8.099356E+02,2.610172E+03,4.180209E-02,2.561087E-01,2.263408E+03,2.201912E+03,1.168169E-01,2.157419E-01,9.447661E+02,2.306861E+02,4.875565E-02,2.260358E-02,5.643664E+02,8.794394E+02,2.912550E-02,8.626188E-02,9.606303E+02,2.715686E+02,4.957189E-02,2.660955E-02,9.570082E+02,1.126520E+03,4.939119E-02,1.103948E-01
09:50:00,2.384729E+04,7.652571E+03,1.228925E+00,7.508278E-01,8.099364E+02,2.662372E+03,4.180213E-02,2.612340E-01,2.263406E+03,2.175510E+03,1.168168E-01,2.131550E-01,9.447628E+02,2.430972E+02,4.875548E-02,2.381965E-02,5.643624E+02,8.904303E+02,2.912529E-02,8.733930E-02,9.606303E+02,2.822781E+02,4.957190E-02,2.765888E-02,9.570067E+02,1.131542E+03,4.939112E-02,1.108868E-01
10:00:00,2.384731E+04,7.933974E+03,1.228926E+00,7.784513E-01,8.099377E+02,2.712074E+03,4.180220E-02,2.661142E-01,2.263406E+03,2.145387E+03,1.168168E-01,2.102035E-01,9.447600E+02,2.552677E+02,4.875534E-02,2.501214E-02,5.643587E+02,9.007963E+02,2.912510E-02,8.835547E-02,9.606308E+02,2.932766E+02,4.957192E-02,2.873654E-02,9.570059E+02,1.134860E+03,4.939108E-02,1.112119E-01
10:10:00,2.384734E+04,8.209690E+03,1.228927E+00,8.055167E-01,8.099394E+02,2.759262E+03,4.180229E-02,2.707478E-01,2.263407E+03,2.112136E+03,1.168168E-01,2.069456E-01,9.447578E+02,2.671343E+02,4.875523E-02,2.617485E-02,5.643554E+02,9.105478E+02,2.912493E-02,8.931140E-02,9.606316E+02,3.043570E+02,4.957197E-02,2.982223E-02,9.570056E+02,1.136408E+03,4.939107E-02,1.113636E-01
10:20:00,2.384736E+04,8.478404E+03,1.228928E+00,8.318946E-01,8.099415E+02,2.803931E+03,4.180240E-02,2.751343E-01,2.263409E+03,2.076150E+03,1.168170E-01,2.034197E-01,9.447561E+02,2.786586E+02,4.875514E-02,2.730401E-02,5.643525E+02,9.197007E+02,2.912478E-02,9.020864E-02,9.606328E+02,3.154103E+02,4.957202E-02,3.090526E-02,9.570059E+02,1.136093E+03,4.939108E-02,1.113326E-01
10:30:00,2.384738E+04,8.739675E+03,1.228929E+00,8.575426E-01,8.099439E+02,2.846209E+03,4.180253E-02,2.792863E-01,2.263413E+03,2.038346E+03,1.168172E-01,1.997157E-01,9.447548E+02,2.898352E+02,4.875507E-02,2.839910E-02,5.643500E+02,9.282650E+02,2.912465E-02,9.104820E-02,9.606342E+02,3.264347E+02,4.957210E-02,3.198546E-02,9.570066E+02,1.133991E+03,4.939112E-02,1.111265E-01
10:40:00,2.384740E+04,8.993236E+03,1.228930E+00,8.824342E-01,8.099466E+02,2.886330E+03,4.180267E-02,2.832268E-01,2.263417E+03,2.000382E+03,1.168174E-01,1.959960E-01,9.447539E+02,3.006856E+02,4.875503E-02,2.946222E-02,5.643477E+02,9.362483E+02,2.912453E-02,9.183079E-02,9.606358E+02,3.373694E+02,4.957218E-02,3.305687E-02,9.570077E+02,1.130230E+03,4.939117E-02,1.107580E-01
10:50:00,2.384743E+04,9.239995E+03,1.228932E+00,9.066583E-01,8.099495E+02,2.925497E+03,4.180282E-02,2.870738E-01,2.263423E+03,1.965077E+03,1.168177E-01,1.925368E-01,9.447534E+02,3.111638E+02,4.875500E-02,3.048887E-02,5.643457E+02,9.436576E+02,2.912443E-02,9.255712E-02,9.606377E+02,3.482161E+02,4.957228E-02,3.411967E-02,9.570091E+02,1.125879E+03,4.939125E-02,1.103315E-01
11:00:00,2.384745E+04,9.480217E+03,1.228933E+00,9.302411E-01,8.099527E+02,2.965091E+03,4.180299E-02,2.909631E-01,2.263429E+03,1.934463E+03,1.168180E-01,1.895373E-01,9.447532E+02,3.210727E+02,4.875499E-02,3.145974E-02,5.643440E+02,9.505076E+02,2.912434E-02,9.322862E-02,9.606398E+02,3.587182E+02,4.957239E-02,3.514869E-02,9.570108E+02,1.122327E+03,4.939134E-02,1.099834E-01
11:10:00,2.384748E+04,9.708710E+03,1.228934E+00,9.526730E-01,8.099560E+02,3.003970E+03,4.180316E-02,2.947825E-01,2.263436E+03,1.909739E+03,1.168184E-01,1.871149E-01,9.447534E+02,3.303497E+02,4.875500E-02,3.236869E-02,5.643425E+02,9.567716E+02,2.912427E-02,9.384267E-02,9.606421E+02,3.688451E+02,4.957251E-02,3.614094E-02,9.570129E+02,1.119903E+03,4.939144E-02,1.097459E-01
11:20:00,2.384750E+04,9.926315E+03,1.228935E+00,9.740356E-01,8.099595E+02,3.042422E+03,4.180334E-02,2.985600E-01,2.263443E+03,1.891726E+03,1.168188E-01,1.853500E-01,9.447538E+02,3.390386E+02,4.875502E-02,3.322003E-02,5.643413E+02,9.625006E+02,2.912420E-02,9.440426E-02,9.606446E+02,3.786310E+02,4.957263E-02,3.709980E-02,9.570151E+02,1.119131E+03,4.939156E-02,1.096702E-01
11:30:00,2.384753E+04,1.013299E+04,1.228937E+00,9.943250E-01,8.099631E+02,3.080574E+03,4.180353E-02,3.023077E-01,2.263451E+03,1.880394E+03,1.168192E-01,1.842398E-01,9.447545E+02,3.471720E+02,4.875505E-02,3.401693E-02,5.643402E+02,9.677612E+02,2.912415E-02,9.491994E-02,9.606472E+02,3.880293E+02,4.957277E-02,3.802066E-02,9.570176E+02,1.120273E+03,4.939169E-02,1.097822E-01
11:40:00,2.384755E+04,1.032880E+04,1.228938E+00,1.013548E+00,8.099668E+02,3.118453E+03,4.180372E-02,3.060285E-01,2.263460E+03,1.874913E+03,1.168196E-01,1.837028E-01,9.447553E+02,3.547972E+02,4.875510E-02,3.476403E-02,5.643394E+02,9.726306E+02,2.912411E-02,9.539728E-02,9.606499E+02,3.970624E+02,4.957291E-02,3.890575E-02,9.570202E+02,1.123576E+03,4.939182E-02,1.101059E-01
11:50:00,2.384758E+04,1.051273E+04,1.228939E+00,1.031604E+00,8.099707E+02,3.155104E+03,4.180392E-02,3.096283E-01,2.263468E+03,1.873119E+03,1.168201E-01,1.835270E-01,9.447564E+02,3.619680E+02,4.875516E-02,3.546662E-02,5.643387E+02,9.771889E+02,2.912407E-02,9.584413E-02,9.606528E+02,4.057018E+02,4.957306E-02,3.975225E-02,9.570231E+02,1.128291E+03,4.939197E-02,1.105681E-01
12:00:00,2.384761E+04,1.068368E+04,1.228941E+00,1.048386E+00,8.099746E+02,3.189474E+03,4.180412E-02,3.130036E-01,2.263478E+03,1.873071E+03,1.168205E-01,1.835223E-01,9.447577E+02,3.687362E+02,4.875522E-02,3.612975E-02,5.643382E+02,9.815102E+02,2.912405E-02,9.626777E-02,9.606557E+02,4.139728E+02,4.957321E-02,4.056266E-02,9.570260E+02,1.133463E+03,4.939212E-02,1.110749E-01
12:10:00,2.384763E+04,1.084721E+04,1.228942E+00,1.064439E+00,8.099786E+02,3.222827E+03,4.180433E-02,3.162786E-01,2.263487E+03,1.874003E+03,1.168210E-01,1.836137E-01,9.447592E+02,3.752478E+02,4.875530E-02,3.676775E-02,5.643379E+02,9.857066E+02,2.912403E-02,9.667918E-02,9.606588E+02,4.219785E+02,4.957337E-02,4.134708E-02,9.570292E+02,1.138960E+03,4.939228E-02,1.116137E-01
12:20:00,2.384766E+04,1.100321E+04,1.228943E+00,1.079753E+00,8.099827E+02,3.255041E+03,4.180454E-02,3.194417E-01,2.263497E+03,1.875601E+03,1.168215E-01,1.837703E-01,9.447608E+02,3.815394E+02,4.875538E-02,3.738420E-02,5.643377E+02,9.898093E+02,2.912402E-02,9.708143E-02,9.606619E+02,4.297381E+02,4.957353E-02,4.210738E-02,9.570324E+02,1.144573E+03,4.939245E-02,1.121637E-01
12:30:00,2.384768E+04,1.115201E+04,1.228945E+00,1.094361E+00,8.099869E+02,3.286038E+03,4.180475E-02,3.224854E-01,2.263507E+03,1.877713E+03,1.168220E-01,1.839771E-01,9.447626E+02,3.876333E+02,4.875547E-02,3.798128E-02,5.643376E+02,9.938313E+02,2.912402E-02,9.747577E-02,9.606652E+02,4.372611E+02,4.957370E-02,4.284450E-02,9.570358E+02,1.150164E+03,4.939263E-02,1.127117E-01
12:40:00,2.384771E+04,1.129358E+04,1.228946E+00,1.108259E+00,8.099911E+02,3.315747E+03,4.180497E-02,3.254025E-01,2.263517E+03,1.880285E+03,1.168226E-01,1.842292E-01,9.447645E+02,3.935326E+02,4.875557E-02,3.855929E-02,5.643377E+02,9.977749E+02,2.912402E-02,9.786244E-02,9.606685E+02,4.445433E+02,4.957387E-02,4.355803E-02,9.570393E+02,1.155603E+03,4.939281E-02,1.132447E-01
12:50:00,2.384774E+04,1.142789E+04,1.228948E+00,1.121445E+00,8.099954E+02,3.344081E+03,4.180519E-02,3.281847E-01,2.263528E+03,1.883232E+03,1.168231E-01,1.845180E-01,9.447665E+02,3.992351E+02,4.875568E-02,3.911802E-02,5.643378E+02,1.001636E+03,2.912403E-02,9.824102E-02,9.606718E+02,4.515817E+02,4.957404E-02,4.424767E-02,9.570429E+02,1.160765E+03,4.939299E-02,1.137505E-01
13:00:00,2.384776E+04,1.155490E+04,1.228949E+00,1.133914E+00,8.099997E+02,3.370900E+03,4.180541E-02,3.308181E-01,2.263539E+03,1.886446E+03,1.168237E-01,1.848328E-01,9.447687E+02,4.047371E+02,4.875579E-02,3.965711E-02,5.643381E+02,1.005407E+03,2.912404E-02,9.861074E-02,9.606753E+02,4.583744E+02,4.957422E-02,4.491323E-02,9.570466E+02,1.165464E+03,4.939318E-02,1.142110E-01
13:10:00,2.384779E+04,1.167251E+04,1.228950E+00,1.145460E+00,8.100040E+02,3.395581E+03,4.180564E-02,3.332418E-01,2.263550E+03,1.889730E+03,1.168242E-01,1.851546E-01,9.447709E+02,4.099848E+02,4.875590E-02,4.017128E-02,5.643384E+02,1.009055E+03,2.912406E-02,9.896844E-02,9.606788E+02,4.648626E+02,4.957440E-02,4.554896E-02,9.570504E+02,1.169505E+03,4.939338E-02,1.146070E-01
13:20:00,2.384782E+04,1.178067E+04,1.228952E+00,1.156078E+00,8.100084E+02,3.418063E+03,4.180586E-02,3.354496E-01,2.263561E+03,1.892990E+03,1.168248E-01,1.854740E-01,9.447732E+02,4.149702E+02,4.875602E-02,4.065975E-02,5.643389E+02,1.012569E+03,2.912408E-02,9.931301E-02,9.606823E+02,4.710410E+02,4.957458E-02,4.615434E-02,9.570542E+02,1.172799E+03,4.939358E-02,1.149298E-01
13:30:00,2.384785E+04,1.187968E+04,1.228953E+00,1.165799E+00,8.100128E+02,3.438333E+03,4.180609E-02,3.374402E-01,2.263572E+03,1.896151E+03,1.168254E-01,1.857837E-01,9.447757E+02,4.196890E+02,4.875615E-02,4.112211E-02,5.643394E+02,1.015940E+03,2.912411E-02,9.964359E-02,9.606859E+02,4.770209E+02,4.957477E-02,4.674027E-02,9.570581E+02,1.175264E+03,4.939378E-02,1.151713E-01
13:40:00,2.384787E+04,1.197821E+04,1.228955E+00,1.175471E+00,8.100172E+02,3.456332E+03,4.180632E-02,3.392082E-01,2.263583E+03,1.899030E+03,1.168260E-01,1.860658E-01,9.447782E+02,4.241352E+02,4.875628E-02,4.155775E-02,5.643400E+02,1.019156E+03,2.912414E-02,9.995887E-02,9.606896E+02,4.846367E+02,4.957496E-02,4.748648E-02,9.570621E+02,1.176813E+03,4.939398E-02,1.153231E-01
13:50:00,2.384790E+04,1.208041E+04,1.228956E+00,1.185505E+00,8.100217E+02,3.472064E+03,4.180655E-02,3.407537E-01,2.263595E+03,1.901544E+03,1.168266E-01,1.863122E-01,9.447807E+02,4.283031E+02,4.875641E-02,4.196612E-02,5.643407E+02,1.022211E+03,2.912417E-02,1.002584E-01,9.606933E+02,4.947626E+02,4.957515E-02,4.847865E-02,9.570661E+02,1.177390E+03,4.939419E-02,1.153796E-01
14:00:00,2.384793E+04,1.218827E+04,1.228957E+00,1.196094E+00,8.100262E+02,3.485580E+03,4.180678E-02,3.420820E-01,2.263607E+03,1.903637E+03,1.168272E-01,1.865172E-01,9.447833E+02,4.322045E+02,4.875654E-02,4.234838E-02,5.643414E+02,1.025117E+03,2.912421E-02,1.005433E-01,9.606970E+02,5.079972E+02,4.957534E-02,4.977545E-02,9.570703E+02,1.176958E+03,4.939440E-02,1.153373E-01
14:10:00,2.384795E+04,1.229913E+04,1.228959E+00,1.206978E+00,8.100307E+02,3.495925E+03,4.180701E-02,3.430994E-01,2.263618E+03,1.905075E+03,1.168278E-01,1.866581E-01,9.447860E+02,4.357872E+02,4.875668E-02,4.269942E-02,5.643421E+02,1.027866E+03,2.912425E-02,1.008128E-01,9.607008E+02,5.246690E+02,4.957553E-02,5.140904E-02,9.570744E+02,1.175373E+03,4.939462E-02,1.151819E-01
14:20:00,2.384798E+04,1.241404E+04,1.228960E+00,1.218259E+00,8.100352E+02,3.502974E+03,4.180725E-02,3.437939E-01,2.263630E+03,1.905759E+03,1.168284E-01,1.867251E-01,9.447888E+02,4.390785E+02,4.875682E-02,4.302190E-02,5.643430E+02,1.030491E+03,2.912429E-02,1.010702E-01,9.607046E+02,5.451560E+02,4.957573E-02,5.341647E-02,9.570786E+02,1.172605E+03,4.939484E-02,1.149106E-01
14:30:00,2.384801E+04,1.253317E+04,1.228962E+00,1.229953E+00,8.100397E+02,3.506567E+03,4.180748E-02,3.441490E-01,2.263642E+03,1.904692E+03,1.168290E-01,1.866205E-01,9.447916E+02,4.419186E+02,4.875697E-02,4.330018E-02,5.643439E+02,1.033026E+03,2.912434E-02,1.013187E-01,9.607084E+02,5.696246E+02,4.957593E-02,5.581404E-02,9.570829E+02,1.168472E+03,4.939505E-02,1.145056E-01
14:40:00,2.384804E+04,1.264852E+04,1.228963E+00,1.241276E+00,8.100443E+02,3.506800E+03,4.180772E-02,3.441737E-01,2.263654E+03,1.902318E+03,1.168296E-01,1.863880E-01,9.447944E+02,4.444033E+02,4.875712E-02,4.354362E-02,5.643448E+02,1.035508E+03,2.912438E-02,1.015620E-01,9.607123E+02,5.965100E+02,4.957613E-02,5.844842E-02,9.570872E+02,1.163083E+03,4.939528E-02,1.139774E-01
14:50:00,2.384806E+04,1.275623E+04,1.228964E+00,1.251847E+00,8.100488E+02,3.503732E+03,4.180795E-02,3.438739E-01,2.263666E+03,1.898733E+03,1.168303E-01,1.860367E-01,9.447973E+02,4.466059E+02,4.875726E-02,4.375943E-02,5.643457E+02,1.037958E+03,2.912443E-02,1.018023E-01,9.607162E+02,6.251050E+02,4.957633E-02,6.125031E-02,9.570915E+02,1.156520E+03,4.939550E-02,1.133342E-01
15:00:00,2.384809E+04,1.285469E+04,1.228966E+00,1.261510E+00,8.100534E+02,3.497319E+03,4.180819E-02,3.432452E-01,2.263678E+03,1.893905E+03,1.168309E-01,1.855637E-01,9.448002E+02,4.485393E+02,4.875742E-02,4.394886E-02,5.643467E+02,1.040381E+03,2.912449E-02,1.020399E-01,9.607201E+02,6.550488E+02,4.957653E-02,6.418435E-02,9.570959E+02,1.148801E+03,4.939573E-02,1.125778E-01
15:10:00,2.384812E+04,1.294064E+04,1.228967E+00,1.269944E+00,8.100579E+02,3.486919E+03,4.180842E-02,3.422243E-01,2.263691E+03,1.887631E+03,1.168315E-01,1.849489E-01,9.448032E+02,4.501506E+02,4.875757E-02,4.410673E-02,5.643478E+02,1.042748E+03,2.912454E-02,1.022719E-01,9.607241E+02,6.859651E+02,4.957674E-02,6.721366E-02,9.571003E+02,1.139881E+03,4.939595E-02,1.117036E-01
15:20:00,2.384815E+04,1.301317E+04,1.228969E+00,1.277061E+00,8.100625E+02,3.472796E+03,4.180866E-02,3.408368E-01,2.263703E+03,1.879956E+03,1.168322E-01,1.841969E-01,9.448062E+02,4.514258E+02,4.875772E-02,4.423168E-02,5.643489E+02,1.045038E+03,2.912459E-02,1.024964E-01,9.607280E+02,7.174812E+02,4.957694E-02,7.030173E-02,9.571047E+02,1.129898E+03,4.939618E-02,1.107253E-01
15:30:00,2.384817E+04,1.307359E+04,1.228970E+00,1.282988E+00,8.100671E+02,3.455666E+03,4.180889E-02,3.391539E-01,2.263715E+03,1.871798E+03,1.168328E-01,1.833975E-01,9.448092E+02,4.525259E+02,4.875788E-02,4.433946E-02,5.643500E+02,1.047224E+03,2.912465E-02,1.027108E-01,9.607320E+02,7.492732E+02,4.957715E-02,7.341682E-02,9.571092E+02,1.119652E+03,4.939641E-02,1.097211E-01
15:40:00,2.384820E+04,1.312168E+04,1.228971E+00,1.287705E+00,8.100717E+02,3.435749E+03,4.180913E-02,3.371974E-01,2.263727E+03,1.862634E+03,1.168334E-01,1.824997E-01,9.448122E+02,4.533578E+02,4.875804E-02,4.442097E-02,5.643511E+02,1.049283E+03,2.912471E-02,1.029126E-01,9.607360E+02,7.809718E+02,4.957735E-02,7.652275E-02,9.571137E+02,1.109340E+03,4.939665E-02,1.087106E-01
15:50:00,2.384823E+04,1.315670E+04,1.228973E+00,1.291139E+00,8.100762E+02,3.413124E+03,4.180936E-02,3.349751E-01,2.263740E+03,1.852278E+03,1.168341E-01,1.814850E-01,9.448153E+02,4.538454E+02,4.875819E-02,4.446874E-02,5.643522E+02,1.051199E+03,2.912477E-02,1.031004E-01,9.607400E+02,8.122688E+02,4.957756E-02,7.958932E-02,9.571182E+02,1.099058E+03,4.939688E-02,1.077031E-01
16:00:00,2.384826E+04,1.317755E+04,1.228974E+00,1.293181E+00,8.100808E+02,3.387905E+03,4.180960E-02,3.324983E-01,2.263752E+03,1.840682E+03,1.168347E-01,1.803489E-01,9.448184E+02,4.539494E+02,4.875835E-02,4.447892E-02,5.643534E+02,1.052959E+03,2.912483E-02,1.032730E-01,9.607441E+02,8.427169E+02,4.957777E-02,8.257271E-02,9.571228E+02,1.088963E+03,4.939711E-02,1.067138E-01
16:10:00,2.384828E+04,1.319128E+04,1.228976E+00,1.294524E+00,8.100854E+02,3.362332E+03,4.180984E-02,3.299867E-01,2.263765E+03,1.828248E+03,1.168353E-01,1.791306E-01,9.448215E+02,4.538020E+02,4.875851E-02,4.446447E-02,5.643546E+02,1.054628E+03,2.912489E-02,1.034365E-01,9.607481E+02,8.722044E+02,4.957798E-02,8.546197E-02,9.571273E+02,1.079434E+03,4.939735E-02,1.057799E-01
16:20:00,2.384831E+04,1.319671E+04,1.228977E+00,1.295052E+00,8.100900E+02,3.336377E+03,4.181007E-02,3.274377E-01,2.263777E+03,1.814913E+03,1.168360E-01,1.778240E-01,9.448247E+02,4.533665E+02,4.875868E-02,4.442180E-02,5.643559E+02,1.056192E+03,2.912496E-02,1.035898E-01,9.607522E+02,9.004370E+02,4.957819E-02,8.822827E-02,9.571319E+02,1.070468E+03,4.939759E-02,1.049014E-01
16:30:00,2.384834E+04,1.319071E+04,1.228978E+00,1.294459E+00,8.100945E+02,3.309562E+03,4.181031E-02,3.248045E-01,2.263790E+03,1.800670E+03,1.168366E-01,1.764285E-01,9.448278E+02,4.526127E+02,4.875884E-02,4.434794E-02,5.643571E+02,1.057640E+03,2.912502E-02,1.037318E-01,9.607563E+02,9.271347E+02,4.957840E-02,9.084416E-02,9.571365E+02,1.061580E+03,4.939783E-02,1.040304E-01
16:40:00,2.384836E+04,1.317158E+04,1.228980E+00,1.292577E+00,8.100991E+02,3.281676E+03,4.181055E-02,3.220662E-01,2.263802E+03,1.785518E+03,1.168373E-01,1.749439E-01,9.448310E+02,4.515094E+02,4.875900E-02,4.423983E-02,5.643584E+02,1.058955E+03,2.912508E-02,1.038606E-01,9.607604E+02,9.520020E+02,4.957861E-02,9.328070E-02,9.571412E+02,1.052575E+03,4.939806E-02,1.031480E-01
16:50:00,2.384839E+04,1.313841E+04,1.228981E+00,1.289316E+00,8.101037E+02,3.252647E+03,4.181078E-02,3.192156E-01,2.263815E+03,1.769457E+03,1.168379E-01,1.733703E-01,9.448342E+02,4.500251E+02,4.875917E-02,4.409439E-02,5.643596E+02,1.060112E+03,2.912515E-02,1.039741E-01,9.607645E+02,9.747705E+02,4.957882E-02,9.551160E-02,9.571458E+02,1.043385E+03,4.939830E-02,1.022474E-01
17:00:00,2.384842E+04,1.309056E+04,1.228983E+00,1.284615E+00,8.101082E+02,3.222425E+03,4.181102E-02,3.162479E-01,2.263827E+03,1.752673E+03,1.168386E-01,1.717258E-01,9.448374E+02,4.481972E+02,4.875933E-02,4.391528E-02,5.643609E+02,1.061082E+03,2.912522E-02,1.040691E-01,9.607686E+02,9.951982E+02,4.957903E-02,9.751314E-02,9.571505E+02,1.033937E+03,4.939855E-02,1.013215E-01
17:10:00,2.384845E+04,1.302780E+04,1.228984E+00,1.278450E+00,8.101128E+02,3.190979E+03,4.181125E-02,3.131600E-01,2.263840E+03,1.736064E+03,1.168392E-01,1.700985E-01,9.448406E+02,4.463158E+02,4.875950E-02,4.373093E-02,5.643622E+02,1.061834E+03,2.912528E-02,1.041428E-01,9.607727E+02,1.013189E+03,4.957925E-02,9.927591E-02,9.571552E+02,1.024201E+03,4.939879E-02,1.003674E-01
17:20:00,2.384847E+04,1.294953E+04,1.228986E+00,1.270763E+00,8.101173E+02,3.158283E+03,4.181149E-02,3.099495E-01,2.263853E+03,1.720426E+03,1.168399E-01,1.685662E-01,9.448438E+02,4.446723E+02,4.875966E-02,4.356989E-02,5.643636E+02,1.062336E+03,2.912535E-02,1.041919E-01,9.607769E+02,1.028628E+03,4.957946E-02,1.007886E-01,9.571599E+02,1.014136E+03,4.939903E-02,9.938103E-02
17:30:00,2.384850E+04,1.285520E+04,1.228987E+00,1.261498E+00,8.101219E+02,3.124314E+03,4.181172E-02,3.066139E-01,2.263865E+03,1.706363E+03,1.168405E-01,1.671884E-01,9.448470E+02,4.435040E+02,4.875983E-02,4.345542E-02,5.643649E+02,1.062565E+03,2.912542E-02,1.042143E-01,9.607810E+02,1.041429E+03,4.957967E-02,1.020429E-01,9.571646E+02,1.003712E+03,4.939927E-02,9.835957E-02
17:40:00,2.384853E+04,1.274001E+04,1.228988E+00,1.250187E+00,8.101264E+02,3.088653E+03,4.181196E-02,3.031122E-01,2.263878E+03,1.693268E+03,1.168412E-01,1.659053E-01,9.448503E+02,4.427855E+02,4.876000E-02,4.338502E-02,5.643662E+02,1.062500E+03,2.912549E-02,1.042078E-01,9.607851E+02,1.050789E+03,4.957989E-02,1.029600E-01,9.571693E+02,9.925071E+02,4.939952E-02,9.726151E-02
17:50:00,2.384855E+04,1.260596E+04,1.228990E+00,1.237024E+00,8.101310E+02,3.051478E+03,4.181219E-02,2.994619E-01,2.263890E+03,1.681974E+03,1.168418E-01,1.647988E-01,9.448535E+02,4.427211E+02,4.876016E-02,4.337871E-02,5.643676E+02,1.062119E+03,2.912556E-02,1.041703E-01,9.607893E+02,1.057060E+03,4.958010E-02,1.035743E-01,9.571741E+02,9.807262E+02,4.939976E-02,9.610701E-02
18:00:00,2.384858E+04,1.245356E+04,1.228991E+00,1.222060E+00,8.101355E+02,3.012896E+03,4.181242E-02,2.956735E-01,2.263903E+03,1.672690E+03,1.168425E-01,1.638891E-01,9.448567E+02,4.433400E+02,4.876033E-02,4.343936E-02,5.643689E+02,1.061393E+03,2.912563E-02,1.040991E-01,9.607934E+02,1.060252E+03,4.958032E-02,1.038871E-01,9.571788E+02,9.684400E+02,4.940001E-02,9.490300E-02
18:10:00,2.402885E+04,1.227589E+04,1.238281E+00,1.204615E+00,8.406122E+02,2.971293E+03,4.338538E-02,2.915885E-01,2.368137E+03,1.664354E+03,1.222221E-01,1.630724E-01,9.708640E+02,4.442156E+02,5.010246E-02,4.352516E-02,5.715174E+02,1.060244E+03,2.949454E-02,1.039862E-01,1.004128E+03,1.059920E+03,5.181655E-02,1.038545E-01,1.009644E+03,9.554537E+02,5.210772E-02,9.363038E-02
18:20:00,2.420934E+04,1.207232E+04,1.247575E+00,1.184628E+00,8.711017E+02,2.926654E+03,4.495891E-02,2.872054E-01,2.472425E+03,1.655974E+03,1.276042E-01,1.622514E-01,9.969020E+02,4.449626E+02,5.144598E-02,4.359835E-02,5.786759E+02,1.058654E+03,2.986393E-02,1.038302E-01,1.047505E+03,1.055752E+03,5.405451E-02,1.034461E-01,1.062136E+03,9.417710E+02,5.481664E-02,9.228951E-02
18:30:00,2.438982E+04,1.184144E+04,1.256865E+00,1.161961E+00,9.016131E+02,2.878943E+03,4.653340E-02,2.825208E-01,2.576785E+03,1.646648E+03,1.329894E-01,1.613376E-01,1.022940E+03,4.451938E+02,5.278938E-02,4.362102E-02,5.858319E+02,1.056607E+03,3.023317E-02,1.036293E-01,1.090900E+03,1.047278E+03,5.629300E-02,1.026157E-01,1.114667E+03,9.273724E+02,5.752709E-02,9.087848E-02
18:40:00,2.457033E+04,1.158540E+04,1.266156E+00,1.136823E+00,9.321505E+02,2.828547E+03,4.810899E-02,2.775724E-01,2.681235E+03,1.636532E+03,1.383784E-01,1.603464E-01,1.048992E+03,4.447285E+02,5.413343E-02,4.357542E-02,5.929912E+02,1.054080E+03,3.060258E-02,1.033814E-01,1.134325E+03,1.034569E+03,5.853260E-02,1.013705E-01,1.167241E+03,9.126576E+02,6.023925E-02,8.943647E-02
18:50:00,2.475085E+04,1.130080E+04,1.275446E+00,1.108882E+00,9.627064E+02,2.775269E+03,4.968533E-02,2.723413E-01,2.785746E+03,1.624250E+03,1.437698E-01,1.591431E-01,1.075054E+03,4.431062E+02,5.547786E-02,4.341647E-02,6.001528E+02,1.051054E+03,3.097208E-02,1.030846E-01,1.177766E+03,1.016781E+03,6.077274E-02,9.962744E-02,1.219843E+03,8.974159E+02,6.295239E-02,8.794283E-02
19:00:00,2.493138E+04,1.098639E+04,1.284737E+00,1.078016E+00,9.932751E+02,2.718989E+03,5.126218E-02,2.668154E-01,2.890299E+03,1.608791E+03,1.491630E-01,1.576283E-01,1.101123E+03,4.399233E+02,5.682258E-02,4.310460E-02,6.073164E+02,1.047508E+03,3.134169E-02,1.027367E-01,1.221216E+03,9.934715E+02,6.301317E-02,9.734350E-02,1.272461E+03,8.815736E+02,6.566613E-02,8.639034E-02
19:10:00,2.493168E+04,1.065510E+04,1.284740E+00,1.045492E+00,9.933802E+02,2.664472E+03,5.126668E-02,2.614624E-01,2.890658E+03,1.589008E+03,1.491783E-01,1.556901E-01,1.101192E+03,4.347958E+02,5.682557E-02,4.260219E-02,6.073349E+02,1.043586E+03,3.134254E-02,1.023519E-01,1.221341E+03,9.635864E+02,6.301780E-02,9.441522E-02,1.272629E+03,8.656130E+02,6.567282E-02,8.482625E-02
19:20:00,2.493176E+04,1.031303E+04,1.284740E+00,1.011911E+00,9.934789E+02,2.611851E+03,5.127088E-02,2.562958E-01,2.890983E+03,1.565333E+03,1.491920E-01,1.533704E-01,1.101236E+03,4.276242E+02,5.682737E-02,4.189948E-02,6.073453E+02,1.039227E+03,3.134302E-02,1.019244E-01,1.221428E+03,9.281089E+02,6.302091E-02,9.093898E-02,1.272777E+03,8.496552E+02,6.567861E-02,8.326244E-02
19:30:00,2.493186E+04,9.961826E+03,1.284743E+00,9.774354E-01,9.935602E+02,2.561239E+03,5.127433E-02,2.513268E-01,2.891252E+03,1.537114E+03,1.492033E-01,1.506055E-01,1.101283E+03,4.180161E+02,5.682948E-02,4.095804E-02,6.073603E+02,1.034361E+03,3.134374E-02,1.014471E-01,1.221500E+03,8.869476E+02,6.302366E-02,8.690581E-02,1.272892E+03,8.337914E+02,6.568317E-02,8.170785E-02
19:40:00,2.493193E+04,9.602713E+03,1.284746E+00,9.421848E-01,9.936193E+02,2.512630E+03,5.127686E-02,2.465548E-01,2.891443E+03,1.502793E+03,1.492114E-01,1.472428E-01,1.101319E+03,4.055070E+02,5.683110E-02,3.973235E-02,6.073738E+02,1.028915E+03,3.134440E-02,1.009129E-01,1.221545E+03,8.399460E+02,6.302545E-02,8.230040E-02,1.272969E+03,8.180014E+02,6.568625E-02,8.016050E-02
19:50:00,2.493199E+04,9.244574E+03,1.284749E+00,9.070308E-01,9.936628E+02,2.466117E+03,5.127877E-02,2.419886E-01,2.891583E+03,1.462819E+03,1.492175E-01,1.433262E-01,1.101349E+03,3.900443E+02,5.683250E-02,3.821726E-02,6.073869E+02,1.022810E+03,3.134504E-02,1.003141E-01,1.221577E+03,7.888603E+02,6.302685E-02,7.729481E-02,1.273023E+03,8.023460E+02,6.568855E-02,7.862634E-02
20:00:00,2.493205E+04,8.896232E+03,1.284752E+00,8.728402E-01,9.936960E+02,2.421469E+03,5.128029E-02,2.376056E-01,2.891689E+03,1.418120E+03,1.492224E-01,1.389465E-01,1.101375E+03,3.719254E+02,5.683375E-02,3.644190E-02,6.073998E+02,1.015972E+03,3.134569E-02,9.964338E-02,1.221602E+03,7.357534E+02,6.302807E-02,7.209119E-02,1.273064E+03,7.867181E+02,6.569044E-02,7.709488E-02
20:10:00,2.493210E+04,8.570168E+03,1.284755E+00,8.408380E-01,9.937226E+02,2.378079E+03,5.128154E-02,2.333461E-01,2.891774E+03,1.373402E+03,1.492264E-01,1.345651E-01,1.101398E+03,3.525975E+02,5.683490E-02,3.454808E-02,6.074125E+02,1.008314E+03,3.134633E-02,9.889226E-02,1.221624E+03,6.850151E+02,6.302917E-02,6.711966E-02,1.273097E+03,7.715225E+02,6.569207E-02,7.560579E-02
20:20:00,2.493216E+04,8.268131E+03,1.284757E+00,8.111952E-01,9.937446E+02,2.336028E+03,5.128260E-02,2.292178E-01,2.891846E+03,1.329847E+03,1.492298E-01,1.302976E-01,1.101419E+03,3.326215E+02,5.683596E-02,3.259076E-02,6.074249E+02,9.998526E+02,3.134696E-02,9.806238E-02,1.221644E+03,6.375898E+02,6.303017E-02,6.247277E-02,1.273126E+03,7.568445E+02,6.569351E-02,7.416746E-02
20:30:00,2.493221E+04,7.994106E+03,1.284760E+00,7.843021E-01,9.937634E+02,2.295326E+03,5.128352E-02,2.252218E-01,2.891907E+03,1.288941E+03,1.492328E-01,1.262896E-01,1.101439E+03,3.127514E+02,5.683695E-02,3.064382E-02,6.074368E+02,9.906857E+02,3.134757E-02,9.716329E-02,1.221662E+03,5.949877E+02,6.303108E-02,5.829848E-02,1.273152E+03,7.426718E+02,6.569479E-02,7.277862E-02
20:40:00,2.493226E+04,7.752887E+03,1.284763E+00,7.606287E-01,9.937798E+02,2.256068E+03,5.128433E-02,2.213674E-01,2.891961E+03,1.253179E+03,1.492355E-01,1.227856E-01,1.101457E+03,2.938870E+02,5.683787E-02,2.879543E-02,6.074482E+02,9.809692E+02,3.134815E-02,9.621033E-02,1.221678E+03,5.590531E+02,6.303192E-02,5.477751E-02,1.273175E+03,7.291308E+02,6.569596E-02,7.145168E-02
20:50:00,2.493231E+04,7.539789E+03,1.284765E+00,7.397156E-01,9.937944E+02,2.218230E+03,5.128506E-02,2.176522E-01,2.892009E+03,1.222918E+03,1.492379E-01,1.198207E-01,1.101474E+03,2.765292E+02,5.683872E-02,2.709466E-02,6.074591E+02,9.709003E+02,3.134871E-02,9.522283E-02,1.221693E+03,5.292512E+02,6.303269E-02,5.185746E-02,1.273196E+03,7.162346E+02,6.569701E-02,7.018792E-02
21:00:00,2.493235E+04,7.349425E+03,1.284767E+00,7.210331E-01,9.938074E+02,2.182112E+03,5.128571E-02,2.141058E-01,2.892053E+03,1.198139E+03,1.492401E-01,1.173928E-01,1.101489E+03,2.608914E+02,5.683952E-02,2.556243E-02,6.074695E+02,9.607000E+02,3.134924E-02,9.422250E-02,1.221707E+03,5.047118E+02,6.303341E-02,4.945305E-02,1.273215E+03,7.041741E+02,6.569798E-02,6.900604E-02
21:10:00,2.493240E+04,7.169828E+03,1.284770E+00,7.034064E-01,9.938192E+02,2.146326E+03,5.128631E-02,2.105922E-01,2.892092E+03,1.175949E+03,1.492421E-01,1.152187E-01,1.101504E+03,2.463062E+02,5.684027E-02,2.413335E-02,6.074794E+02,9.505418E+02,3.134975E-02,9.322634E-02,1.221720E+03,4.831544E+02,6.303408E-02,4.734083E-02,1.273232E+03,6.924791E+02,6.569887E-02,6.785996E-02
21:20:00,2.493244E+04,6.996698E+03,1.284772E+00,6.864140E-01,9.938300E+02,2.110737E+03,5.128687E-02,2.070981E-01,2.892129E+03,1.155231E+03,1.492440E-01,1.131888E-01,1.101517E+03,2.325781E+02,5.684097E-02,2.278824E-02,6.074887E+02,9.405974E+02,3.135023E-02,9.225119E-02,1.221732E+03,4.635607E+02,6.303471E-02,4.542101E-02,1.273248E+03,6.810262E+02,6.569970E-02,6.673759E-02
21:30:00,2.493248E+04,6.828637E+03,1.284774E+00,6.699188E-01,9.938401E+02,2.075322E+03,5.128738E-02,2.036211E-01,2.892163E+03,1.135692E+03,1.492457E-01,1.112744E-01,1.101530E+03,2.196579E+02,5.684163E-02,2.152230E-02,6.074975E+02,9.309708E+02,3.135068E-02,9.130726E-02,1.221744E+03,4.455401E+02,6.303531E-02,4.365532E-02,1.273264E+03,6.698271E+02,6.570048E-02,6.564010E-02
21:40:00,2.493253E+04,6.664625E+03,1.284776E+00,6.538209E-01,9.938495E+02,2.040063E+03,5.128787E-02,2.001593E-01,2.892194E+03,1.117089E+03,1.492473E-01,1.094517E-01,1.101542E+03,2.074768E+02,5.684225E-02,2.032877E-02,6.075058E+02,9.217118E+02,3.135111E-02,9.039941E-02,1.221755E+03,4.286842E+02,6.303588E-02,4.200373E-02,1.273278E+03,6.588505E+02,6.570122E-02,6.456441E-02
21:50:00,2.493257E+04,6.504266E+03,1.284778E+00,6.380817E-01,9.938585E+02,2.004950E+03,5.128833E-02,1.967121E-01,2.892225E+03,1.099377E+03,1.492489E-01,1.077163E-01,1.101554E+03,1.959951E+02,5.684284E-02,1.920377E-02,6.075137E+02,9.128361E+02,3.135151E-02,8.952915E-02,1.221766E+03,4.127972E+02,6.303642E-02,4.044708E-02,1.273291E+03,6.480769E+02,6.570192E-02,6.350862E-02
22:00:00,2.493261E+04,6.347383E+03,1.284781E+00,6.226845E-01,9.938669E+02,1.969990E+03,5.128876E-02,1.932799E-01,2.892253E+03,1.082553E+03,1.492504E-01,1.060679E-01,1.101564E+03,1.851586E+02,5.684339E-02,1.814199E-02,6.075212E+02,9.043400E+02,3.135190E-02,8.869615E-02,1.221776E+03,3.977522E+02,6.303694E-02,3.897292E-02,1.273304E+03,6.374956E+02,6.570259E-02,6.247168E-02
22:10:00,2.493265E+04,5.223932E+03,1.284783E+00,5.124699E-01,9.938751E+02,1.731705E+03,5.128918E-02,1.677541E-01,2.892281E+03,8.950676E+02,1.492518E-01,8.769823E-02,1.101575E+03,1.497583E+02,5.684392E-02,1.467344E-02,6.075282E+02,7.500555E+02,3.135226E-02,7.356430E-02,1.221785E+03,3.251571E+02,6.303744E-02,3.185984E-02,1.273317E+03,5.268286E+02,6.570323E-02,5.162680E-02
22:20:00,2.493268E+04,4.127384E+03,1.284784E+00,4.048958E-01,9.938828E+02,1.519853E+03,5.128958E-02,1.443487E-01,2.892307E+03,7.105828E+02,1.492532E-01,6.962251E-02,1.101584E+03,1.163128E+02,5.684442E-02,1.139642E-02,6.075349E+02,5.972811E+02,3.135261E-02,5.858051E-02,1.221795E+03,2.552441E+02,6.303792E-02,2.500956E-02,1.273329E+03,4.179674E+02,6.570384E-02,4.095890E-02
22:30:00,2.493272E+04,3.057215E+03,1.284786E+00,2.999107E-01,9.938903E+02,1.323504E+03,5.128997E-02,1.222603E-01,2.892333E+03,5.289629E+02,1.492545E-01,5.182750E-02,1.101594E+03,8.471064E+01,5.684490E-02,8.300012E-03,6.075412E+02,4.459495E+02,3.135293E-02,4.373818E-02,1.221804E+03,1.878893E+02,6.303839E-02,1.840994E-02,1.273340E+03,3.122258E+02,6.570443E-02,3.057258E-02
22:40:00,2.493276E+04,2.012959E+03,1.284788E+00,1.974689E-01,9.938974E+02,1.138490E+03,5.129033E-02,1.011684E-01,2.892357E+03,3.500809E+02,1.492557E-01,3.430075E-02,1.101602E+03,5.485063E+01,5.684535E-02,5.374304E-03,6.075472E+02,2.959977E+02,3.135324E-02,2.903115E-02,1.221812E+03,1.229710E+02,6.303883E-02,1.204905E-02,1.273351E+03,2.326088E+02,6.570500E-02,2.226176E-02
22:50:00,2.493279E+04,9.941005E+02,1.284790E+00,9.751984E-02,9.939043E+02,9.599465E+02,5.129069E-02,8.069707E-02,2.892380E+03,1.738188E+02,1.492569E-01,1.703067E-02,1.101611E+03,2.664189E+01,5.684579E-02,2.610391E-03,6.075529E+02,1.473661E+02,3.135354E-02,1.445354E-02,1.221821E+03,6.039533E+01,6.303927E-02,5.917708E-03,1.273362E+03,1.538414E+02,6.570554E-02,1.402493E-02
23:00:00,2.493283E+04,0.000000E+00,1.284792E+00,0.000000E+00,9.939110E+02,7.858040E+02,5.129104E-02,6.068719E-02,2.892403E+03,0.000000E+00,1.492581E-01,0.000000E+00,1.101619E+03,0.000000E+00,5.684620E-02,0.000000E+00,6.075584E+02,0.000000E+00,3.135382E-02,0.000000E+00,1.221829E+03,0.000000E+00,6.303969E-02,0.000000E+00,1.273372E+03,7.182247E+01,6.570607E-02,5.572483E-03
23:10:00,2.493286E+04,0.000000E+00,1.284794E+00,0.000000E+00,9.939176E+02,8.195982E+02,5.129137E-02,6.324995E-02,2.892425E+03,0.000000E+00,1.492592E-01,0.000000E+00,1.101627E+03,0.000000E+00,5.684660E-02,0.000000E+00,6.075635E+02,0.000000E+00,3.135408E-02,0.000000E+00,1.221837E+03,0.000000E+00,6.304010E-02,0.000000E+00,1.273382E+03,9.323683E+01,6.570659E-02,7.224617E-03
23:20:00,2.493290E+04,0.000000E+00,1.284796E+00,0.000000E+00,9.939239E+02,8.314615E+02,5.129170E-02,6.416249E-02,2.892447E+03,0.000000E+00,1.492603E-01,0.000000E+00,1.101634E+03,0.000000E+00,5.684698E-02,0.000000E+00,6.075685E+02,0.000000E+00,3.135434E-02,0.000000E+00,1.221845E+03,0.000000E+00,6.304051E-02,0.000000E+00,1.273392E+03,1.143788E+02,6.570710E-02,8.855746E-03
23:30:00,2.493293E+04,0.000000E+00,1.284797E+00,0.000000E+00,9.939301E+02,8.322877E+02,5.129202E-02,6.422512E-02,2.892468E+03,0.000000E+00,1.492614E-01,0.000000E+00,1.101641E+03,0.000000E+00,5.684735E-02,0.000000E+00,6.075732E+02,0.000000E+00,3.135458E-02,0.000000E+00,1.221852E+03,0.000000E+00,6.304090E-02,0.000000E+00,1.273401E+03,1.337725E+02,6.570759E-02,1.034809E-02
23:40:00,2.493297E+04,0.000000E+00,1.284799E+00,0.000000E+00,9.939362E+02,8.262175E+02,5.129234E-02,6.375601E-02,2.892488E+03,0.000000E+00,1.492625E-01,0.000000E+00,1.101648E+03,0.000000E+00,5.684771E-02,0.000000E+00,6.075777E+02,0.000000E+00,3.135481E-02,0.000000E+00,1.221860E+03,0.000000E+00,6.304128E-02,0.000000E+00,1.273411E+03,1.282714E+02,6.570807E-02,9.896229E-03
23:50:00,2.493300E+04,0.000000E+00,1.284801E+00,0.000000E+00,9.939421E+02,8.180914E+02,5.129264E-02,6.312866E-02,2.892508E+03,0.000000E+00,1.492635E-01,0.000000E+00,1.101655E+03,0.000000E+00,5.684805E-02,0.000000E+00,6.075820E+02,0.000000E+00,3.135504E-02,0.000000E+00,1.221867E+03,0.000000E+00,6.304166E-02,0.000000E+00,1.273420E+03,1.230521E+02,6.570853E-02,9.493597E-03
24:00:00,2.493303E+04,0.000000E+00,1.284802E+00,0.000000E+00,9.939479E+02,8.099451E+02,5.129294E-02,6.249896E-02,2.892527E+03,0.000000E+00,1.492645E-01,0.000000E+00,1.101661E+03,0.000000E+00,5.684839E-02,0.000000E+00,6.075861E+02,0.000000E+00,3.135525E-02,0.000000E+00,1.221874E+03,0.000000E+00,6.304202E-02,0.000000E+00,1.273428E+03,1.221076E+02,6.570899E-02,9.420723E-03
Peak,2.493303E+04,1.319671E+04,1.284802E+00,1.295052E+00,9.939479E+02,3.506800E+03,5.129294E-02,3.441737E-01,2.892527E+03,2.354402E+03,1.492645E-01,2.233813E-01,1.101661E+03,4.539494E+02,5.684839E-02,4.447892E-02,6.075861E+02,1.062565E+03,3.135525E-02,1.042143E-01,1.221874E+03,1.060252E+03,6.304202E-02,1.038871E-01,1.273428E+03,1.177390E+03,6.570899E-02,1.153796E-01

Peak Vol Flow (m3/s),,,1.074715E+00,1.083288E+00,,,4.290564E-02,2.878953E-01,,,1.248571E-01,1.868546E-01,,,4.755267E-02,3.720583E-02,,,2.622811E-02,8.717339E-02,,,5.273354E-02,8.689971E-02,,,5.496441E-02,9.651300E-02
