{
  "OpenStudio Results": {
    "building_summary_section": true,
    "annual_overview_section": true,
    "monthly_overview_section": true,
    "utility_bills_rates_section": true,
    "envelope_section_section": true,
    "space_type_breakdown_section": true,
    "space_type_details_section": true,
    "interior_lighting_section": true,
    "plug_loads_section": true,
    "exterior_light_section": true,
    "water_use_section": true,
    "hvac_load_profile": true,
    "zone_condition_section": true,
    "zone_summary_section": true,
    "zone_equipment_detail_section": true,
    "air_loops_detail_section": true,
    "plant_loops_detail_section": true,
    "outdoor_air_section": true,
    "cost_summary_section": true,
    "source_energy_section": true,
    "schedules_overview_section": true,
    "building_name": "building_name",
    "net_site_energy": 381733.3452061885,
    "total_building_area": 3875.0077500155,
    "eui": 98.51163399728985,
    "unmet_hours_during_heating": 0.0,
    "unmet_hours_during_cooling": 0.0,
    "unmet_hours_during_occupied_heating": 0.0,
    "unmet_hours_during_occupied_cooling": 0.0,
    "unmet_hours_tolerance_heating": 0.36,
    "unmet_hours_tolerance_cooling": 0.36,
    "end_use_heating": 274648.9669531899,
    "end_use_cooling": 42462.20699003662,
    "end_use_interior_lighting": 39334.410493002666,
    "end_use_exterior_lighting": 0.0,
    "end_use_interior_equipment": 25287.760769959306,
    "end_use_exterior_equipment": 0.0,
    "end_use_fans": 0.0,
    "end_use_pumps": 0.0,
    "end_use_heat_rejection": 0.0,
    "end_use_humidification": 0.0,
    "end_use_heat_recovery": 0.0,
    "end_use_water_systems": 0.0,
    "end_use_refrigeration": 0.0,
    "end_use_generators": 0.0,
    "fuel_electricity": 64622.17126296198,
    "fuel_natural_gas": 0.0,
    "fuel_additional_fuel": 0.0,
    "fuel_district_cooling": 42462.20699003662,
    "fuel_district_heating": 274648.9669531899,
    "end_use_electricity_heating": 0.0,
    "end_use_electricity_cooling": 0.0,
    "end_use_electricity_interior_lighting": 11527.777777777777,
    "end_use_electricity_exterior_lighting": 0.0,
    "end_use_electricity_interior_equipment": 7411.111111111111,
    "end_use_electricity_exterior_equipment": 0.0,
    "end_use_electricity_fans": 0.0,
    "end_use_electricity_pumps": 0.0,
    "end_use_electricity_heat_rejection": 0.0,
    "end_use_electricity_humidification": 0.0,
    "end_use_electricity_heat_recovery": 0.0,
    "end_use_electricity_water_systems": 0.0,
    "end_use_electricity_refrigeration": 0.0,
    "end_use_electricity_generators": 0.0,
    "end_use_natural_gas_heating": 0.0,
    "end_use_natural_gas_cooling": 0.0,
    "end_use_natural_gas_interior_lighting": 0.0,
    "end_use_natural_gas_exterior_lighting": 0.0,
    "end_use_natural_gas_interior_equipment": 0.0,
    "end_use_natural_gas_exterior_equipment": 0.0,
    "end_use_natural_gas_fans": 0.0,
    "end_use_natural_gas_pumps": 0.0,
    "end_use_natural_gas_heat_rejection": 0.0,
    "end_use_natural_gas_humidification": 0.0,
    "end_use_natural_gas_heat_recovery": 0.0,
    "end_use_natural_gas_water_systems": 0.0,
    "end_use_natural_gas_refrigeration": 0.0,
    "end_use_natural_gas_generators": 0.0,
    "electricity_heating_ip": 0.0,
    "electricity_cooling_ip": 0.0,
    "electricity_interior_lighting_ip": 11529.013888888889,
    "electricity_exterior_lighting_ip": 0.0,
    "electricity_interior_equipment_ip": 7409.794444444444,
    "electricity_exterior_equipment_ip": 0.0,
    "electricity_fans_ip": 0.0,
    "electricity_pumps_ip": 0.0,
    "electricity_heat_rejection_ip": 0.0,
    "electricity_humidification_ip": 0.0,
    "electricity_heat_recovery_ip": 0.0,
    "electricity_water_systems_ip": 0.0,
    "electricity_refrigeration_ip": 0.0,
    "electricity_generators_ip": 0.0,
    "electricity_ip": 18938.808333333334,
    "natural_gas_heating_ip": 0.0,
    "natural_gas_cooling_ip": 0.0,
    "natural_gas_interior_lighting_ip": 0.0,
    "natural_gas_exterior_lighting_ip": 0.0,
    "natural_gas_interior_equipment_ip": 0.0,
    "natural_gas_exterior_equipment_ip": 0.0,
    "natural_gas_fans_ip": 0.0,
    "natural_gas_pumps_ip": 0.0,
    "natural_gas_heat_rejection_ip": 0.0,
    "natural_gas_humidification_ip": 0.0,
    "natural_gas_heat_recovery_ip": 0.0,
    "natural_gas_water_systems_ip": 0.0,
    "natural_gas_refrigeration_ip": 0.0,
    "natural_gas_generators_ip": 0.0,
    "natural_gas_ip": 0.0,
    "additional_fuel_heating_ip": 0.0,
    "additional_fuel_cooling_ip": 0.0,
    "additional_fuel_interior_lighting_ip": 0.0,
    "additional_fuel_exterior_lighting_ip": 0.0,
    "additional_fuel_interior_equipment_ip": 0.0,
    "additional_fuel_exterior_equipment_ip": 0.0,
    "additional_fuel_fans_ip": 0.0,
    "additional_fuel_pumps_ip": 0.0,
    "additional_fuel_heat_rejection_ip": 0.0,
    "additional_fuel_humidification_ip": 0.0,
    "additional_fuel_heat_recovery_ip": 0.0,
    "additional_fuel_water_systems_ip": 0.0,
    "additional_fuel_refrigeration_ip": 0.0,
    "additional_fuel_generators_ip": 0.0,
    "additional_fuel_ip": 0.0,
    "district_cooling_heating_ip": 0.0,
    "district_cooling_cooling_ip": 42.45755435090115,
    "district_cooling_interior_lighting_ip": 0.0,
    "district_cooling_exterior_lighting_ip": 0.0,
    "district_cooling_interior_equipment_ip": 0.0,
    "district_cooling_exterior_equipment_ip": 0.0,
    "district_cooling_fans_ip": 0.0,
    "district_cooling_pumps_ip": 0.0,
    "district_cooling_heat_rejection_ip": 0.0,
    "district_cooling_humidification_ip": 0.0,
    "district_cooling_heat_recovery_ip": 0.0,
    "district_cooling_water_systems_ip": 0.0,
    "district_cooling_refrigeration_ip": 0.0,
    "district_cooling_generators_ip": 0.0,
    "district_cooling_ip": 42.45755435090115,
    "district_heating_heating_ip": 274.6513442168142,
    "district_heating_cooling_ip": 0.0,
    "district_heating_interior_lighting_ip": 0.0,
    "district_heating_exterior_lighting_ip": 0.0,
    "district_heating_interior_equipment_ip": 0.0,
    "district_heating_exterior_equipment_ip": 0.0,
    "district_heating_fans_ip": 0.0,
    "district_heating_pumps_ip": 0.0,
    "district_heating_heat_rejection_ip": 0.0,
    "district_heating_humidification_ip": 0.0,
    "district_heating_heat_recovery_ip": 0.0,
    "district_heating_water_systems_ip": 0.0,
    "district_heating_refrigeration_ip": 0.0,
    "district_heating_generators_ip": 0.0,
    "district_heating_ip": 274.6513442168142,
    "water_heating_ip": 0.0,
    "water_cooling_ip": 0.0,
    "water_interior_lighting_ip": 0.0,
    "water_exterior_lighting_ip": 0.0,
    "water_interior_equipment_ip": 0.0,
    "water_exterior_equipment_ip": 0.0,
    "water_fans_ip": 0.0,
    "water_pumps_ip": 0.0,
    "water_heat_rejection_ip": 0.0,
    "water_humidification_ip": 0.0,
    "water_heat_recovery_ip": 0.0,
    "water_water_systems_ip": 0.0,
    "water_refrigeration_ip": 0.0,
    "water_generators_ip": 0.0,
    "water_ip": 0.0,
    "_189_1_2011_nonres_7_ext_wall_mass_8_in_solid_concrete_with_steel_frame": 2673.755347510694,
    "ashrae_189_1_2009_ext_roof_iead_climate_zone_2_5": 2583.338500010333,
    "ashrae_189_1_2009_ext_window_climate_zone_4_5": 2277.643444175779,
    "gross_window_wall_ratio": 46.0,
    "gross_window_wall_ratio_conditioned": 46.0,
    "skylight_roof_ratio": 0.0,
    "space_type_189_1_2009_sm_hotel_corridor_cz_4_8": 645.8346250025833,
    "space_type_189_1_2009_sm_hotel_guest_lounge_cz_4_8": 645.8346250025833,
    "space_type_189_1_2009_sm_hotel_guest_room_cz_4_8": 1937.50387500775,
    "space_type_189_1_2009_sm_hotel_public_restroom_cz_4_8": 645.8346250025833,
    "exterior_lighting_total_power": 0.0,
    "exterior_lighting_total_consumption": 111875.0,
    "inflation_approach": "Constant Dollar",
    "analysis_length": 25,
    "annual_peak_electric_demand": 4.908600000000001,
    "first_year_capital_cost": 0.0,
    "annual_utility_cost": 0.0,
    "total_lifecycle_cost": 0.0,
    "applicable": true
  }
}