Time,THERMAL ZONE 1:LONDON/GATWICK ANN HTG 99.6% CONDNS DB:Des Heat Load [W],THERMAL ZONE 1:LONDON/GATWICK ANN CLG .4% CONDNS DB=>MWB:Des Sens Cool Load [W],THERMAL ZONE 1:LONDON/GATWICK ANN HTG 99.6% CONDNS DB:Des Heat Mass Flow [kg/s],THERMAL ZONE 1:LONDON/GATWICK ANN CLG .4% CONDNS DB=>MWB:Des Cool Mass Flow [kg/s],THERMAL ZONE 2:LONDON/GATWICK ANN HTG 99.6% CONDNS DB:Des Heat Load [W],THERMAL ZONE 2:LONDON/GATWICK ANN CLG .4% CONDNS DB=>MWB:Des Sens Cool Load [W],THERMAL ZONE 2:LONDON/GATWICK ANN HTG 99.6% CONDNS DB:Des Heat Mass Flow [kg/s],THERMAL ZONE 2:LONDON/GATWICK ANN CLG .4% CONDNS DB=>MWB:Des Cool Mass Flow [kg/s],THERMAL ZONE 3:LONDON/GATWICK ANN HTG 99.6% CONDNS DB:Des Heat Load [W],THERMAL ZONE 3:LONDON/GATWICK ANN CLG .4% CONDNS DB=>MWB:Des Sens Cool Load [W],THERMAL ZONE 3:LONDON/GATWICK ANN HTG 99.6% CONDNS DB:Des Heat Mass Flow [kg/s],THERMAL ZONE 3:LONDON/GATWICK ANN CLG .4% CONDNS DB=>MWB:Des Cool Mass Flow [kg/s],THERMAL ZONE 4:LONDON/GATWICK ANN HTG 99.6% CONDNS DB:Des Heat Load [W],THERMAL ZONE 4:LONDON/GATWICK ANN CLG .4% CONDNS DB=>MWB:Des Sens Cool Load [W],THERMAL ZONE 4:LONDON/GATWICK ANN HTG 99.6% CONDNS DB:Des Heat Mass Flow [kg/s],THERMAL ZONE 4:LONDON/GATWICK ANN CLG .4% CONDNS DB=>MWB:Des Cool Mass Flow [kg/s],THERMAL ZONE 5:LONDON/GATWICK ANN HTG 99.6% CONDNS DB:Des Heat Load [W],THERMAL ZONE 5:LONDON/GATWICK ANN CLG .4% CONDNS DB=>MWB:Des Sens Cool Load [W],THERMAL ZONE 5:LONDON/GATWICK ANN HTG 99.6% CONDNS DB:Des Heat Mass Flow [kg/s],THERMAL ZONE 5:LONDON/GATWICK ANN CLG .4% CONDNS DB=>MWB:Des Cool Mass Flow [kg/s],THERMAL ZONE 6:LONDON/GATWICK ANN HTG 99.6% CONDNS DB:Des Heat Load [W],THERMAL ZONE 6:LONDON/GATWICK ANN CLG .4% CONDNS DB=>MWB:Des Sens Cool Load [W],THERMAL ZONE 6:LONDON/GATWICK ANN HTG 99.6% CONDNS DB:Des Heat Mass Flow [kg/s],THERMAL ZONE 6:LONDON/GATWICK ANN CLG .4% CONDNS DB=>MWB:Des Cool Mass Flow [kg/s],THERMAL ZONE 7:LONDON/GATWICK ANN HTG 99.6% CONDNS DB:Des Heat Load [W],THERMAL ZONE 7:LONDON/GATWICK ANN CLG .4% CONDNS DB=>MWB:Des Sens Cool Load [W],THERMAL ZONE 7:LONDON/GATWICK ANN HTG 99.6% CONDNS DB:Des Heat Mass Flow [kg/s],THERMAL ZONE 7:LONDON/GATWICK ANN CLG .4% CONDNS DB=>MWB:Des Cool Mass Flow [kg/s]
00:10:00,2.512527E+04,0.000000E+00,1.294712E+00,0.000000E+00,1.028387E+03,8.292278E+02,5.307017E-02,6.398639E-02,2.989869E+03,0.000000E+00,1.542877E-01,0.000000E+00,1.130008E+03,0.000000E+00,5.831117E-02,0.000000E+00,6.191119E+02,0.000000E+00,3.195005E-02,0.000000E+00,1.255019E+03,0.000000E+00,6.475210E-02,0.000000E+00,1.312364E+03,1.359945E+02,6.771806E-02,1.049217E-02
00:20:00,2.512467E+04,0.000000E+00,1.294681E+00,0.000000E+00,1.028292E+03,8.259535E+02,5.306526E-02,6.373358E-02,2.989584E+03,0.000000E+00,1.542730E-01,0.000000E+00,1.129935E+03,0.000000E+00,5.830739E-02,0.000000E+00,6.190762E+02,0.000000E+00,3.194821E-02,0.000000E+00,1.254916E+03,0.000000E+00,6.474679E-02,0.000000E+00,1.312242E+03,1.328370E+02,6.771177E-02,1.024856E-02
00:30:00,2.512407E+04,0.000000E+00,1.294650E+00,0.000000E+00,1.028197E+03,8.228031E+02,5.306037E-02,6.349013E-02,2.989301E+03,0.000000E+00,1.542584E-01,0.000000E+00,1.129862E+03,0.000000E+00,5.830362E-02,0.000000E+00,6.190405E+02,0.000000E+00,3.194637E-02,0.000000E+00,1.254813E+03,0.000000E+00,6.474150E-02,0.000000E+00,1.312121E+03,1.293176E+02,6.770552E-02,9.977027E-03
00:40:00,2.512348E+04,0.000000E+00,1.294619E+00,0.000000E+00,1.028102E+03,8.198129E+02,5.305550E-02,6.325863E-02,2.989020E+03,0.000000E+00,1.542439E-01,0.000000E+00,1.129790E+03,0.000000E+00,5.829987E-02,0.000000E+00,6.190050E+02,0.000000E+00,3.194453E-02,0.000000E+00,1.254712E+03,0.000000E+00,6.473625E-02,0.000000E+00,1.312000E+03,1.255125E+02,6.769930E-02,9.683450E-03
00:50:00,2.512289E+04,0.000000E+00,1.294589E+00,0.000000E+00,1.028009E+03,8.169920E+02,5.305066E-02,6.303984E-02,2.988740E+03,0.000000E+00,1.542294E-01,0.000000E+00,1.129717E+03,0.000000E+00,5.829614E-02,0.000000E+00,6.189695E+02,0.000000E+00,3.194270E-02,0.000000E+00,1.254610E+03,0.000000E+00,6.473101E-02,0.000000E+00,1.311880E+03,1.214636E+02,6.769310E-02,9.371056E-03
01:00:00,2.512230E+04,0.000000E+00,1.294558E+00,0.000000E+00,1.027915E+03,8.143448E+02,5.304584E-02,6.283426E-02,2.988461E+03,0.000000E+00,1.542150E-01,0.000000E+00,1.129645E+03,0.000000E+00,5.829242E-02,0.000000E+00,6.189341E+02,0.000000E+00,3.194088E-02,0.000000E+00,1.254509E+03,0.000000E+00,6.472581E-02,0.000000E+00,1.311761E+03,1.172148E+02,6.768694E-02,9.043248E-03
01:10:00,2.512234E+04,0.000000E+00,1.294561E+00,0.000000E+00,1.027922E+03,8.077237E+02,5.304620E-02,6.232194E-02,2.988483E+03,0.000000E+00,1.542162E-01,0.000000E+00,1.129652E+03,0.000000E+00,5.829276E-02,0.000000E+00,6.189380E+02,0.000000E+00,3.194108E-02,0.000000E+00,1.254518E+03,0.000000E+00,6.472624E-02,0.000000E+00,1.311771E+03,1.125425E+02,6.768747E-02,8.682761E-03
01:20:00,2.512238E+04,0.000000E+00,1.294563E+00,0.000000E+00,1.027929E+03,8.014577E+02,5.304655E-02,6.183690E-02,2.988506E+03,0.000000E+00,1.542173E-01,0.000000E+00,1.129658E+03,0.000000E+00,5.829309E-02,0.000000E+00,6.189418E+02,0.000000E+00,3.194127E-02,0.000000E+00,1.254526E+03,0.000000E+00,6.472667E-02,0.000000E+00,1.311781E+03,1.078041E+02,6.768800E-02,8.317175E-03
01:30:00,2.512242E+04,0.000000E+00,1.294565E+00,0.000000E+00,1.027936E+03,7.953632E+02,5.304690E-02,6.136541E-02,2.988527E+03,0.000000E+00,1.542184E-01,0.000000E+00,1.129664E+03,0.000000E+00,5.829342E-02,0.000000E+00,6.189455E+02,0.000000E+00,3.194146E-02,0.000000E+00,1.254534E+03,0.000000E+00,6.472710E-02,0.000000E+00,1.311791E+03,1.030213E+02,6.768852E-02,7.948169E-03
01:40:00,2.512246E+04,0.000000E+00,1.294567E+00,0.000000E+00,1.027943E+03,7.894221E+02,5.304725E-02,6.090620E-02,2.988549E+03,0.000000E+00,1.542196E-01,0.000000E+00,1.129671E+03,0.000000E+00,5.829374E-02,0.000000E+00,6.189491E+02,0.000000E+00,3.194165E-02,0.000000E+00,1.254542E+03,0.000000E+00,6.472752E-02,0.000000E+00,1.311801E+03,9.822685E+01,6.768904E-02,7.578260E-03
01:50:00,2.512250E+04,0.000000E+00,1.294569E+00,0.000000E+00,1.027949E+03,7.836385E+02,5.304759E-02,6.045952E-02,2.988571E+03,0.000000E+00,1.542207E-01,0.000000E+00,1.129677E+03,0.000000E+00,5.829405E-02,0.000000E+00,6.189526E+02,0.000000E+00,3.194183E-02,0.000000E+00,1.254550E+03,0.000000E+00,6.472794E-02,0.000000E+00,1.311811E+03,9.344571E+01,6.768954E-02,7.209380E-03
02:00:00,2.512255E+04,0.000000E+00,1.294571E+00,0.000000E+00,1.027956E+03,7.780210E+02,5.304794E-02,6.002588E-02,2.988592E+03,0.000000E+00,1.542218E-01,0.000000E+00,1.129683E+03,0.000000E+00,5.829436E-02,0.000000E+00,6.189560E+02,0.000000E+00,3.194200E-02,0.000000E+00,1.254558E+03,0.000000E+00,6.472835E-02,0.000000E+00,1.311821E+03,8.870407E+01,6.769005E-02,6.843550E-03
02:10:00,2.512259E+04,0.000000E+00,1.294573E+00,0.000000E+00,1.027962E+03,7.725183E+02,5.304827E-02,5.960120E-02,2.988613E+03,0.000000E+00,1.542229E-01,0.000000E+00,1.129689E+03,0.000000E+00,5.829467E-02,0.000000E+00,6.189594E+02,0.000000E+00,3.194218E-02,0.000000E+00,1.254566E+03,0.000000E+00,6.472875E-02,0.000000E+00,1.311831E+03,8.394825E+01,6.769054E-02,6.476628E-03
02:20:00,2.512263E+04,0.000000E+00,1.294575E+00,0.000000E+00,1.027969E+03,7.671315E+02,5.304861E-02,5.918552E-02,2.988634E+03,0.000000E+00,1.542239E-01,0.000000E+00,1.129695E+03,0.000000E+00,5.829497E-02,0.000000E+00,6.189627E+02,0.000000E+00,3.194235E-02,0.000000E+00,1.254574E+03,0.000000E+00,6.472916E-02,0.000000E+00,1.311840E+03,7.919468E+01,6.769103E-02,6.109880E-03
02:30:00,2.512266E+04,0.000000E+00,1.294577E+00,0.000000E+00,1.027975E+03,7.618620E+02,5.304894E-02,5.877892E-02,2.988654E+03,0.000000E+00,1.542250E-01,0.000000E+00,1.129700E+03,0.000000E+00,5.829527E-02,0.000000E+00,6.189659E+02,0.000000E+00,3.194252E-02,0.000000E+00,1.254582E+03,0.000000E+00,6.472956E-02,0.000000E+00,1.311850E+03,7.445478E+01,6.769152E-02,5.744187E-03
02:40:00,2.512270E+04,0.000000E+00,1.294579E+00,0.000000E+00,1.027982E+03,7.567105E+02,5.304927E-02,5.838144E-02,2.988675E+03,0.000000E+00,1.542260E-01,0.000000E+00,1.129706E+03,0.000000E+00,5.829556E-02,0.000000E+00,6.189691E+02,0.000000E+00,3.194268E-02,0.000000E+00,1.254590E+03,0.000000E+00,6.472995E-02,0.000000E+00,1.311859E+03,6.974024E+01,6.769200E-02,5.380453E-03
02:50:00,2.512274E+04,0.000000E+00,1.294581E+00,0.000000E+00,1.027988E+03,7.516774E+02,5.304959E-02,5.799310E-02,2.988695E+03,0.000000E+00,1.542271E-01,0.000000E+00,1.129712E+03,0.000000E+00,5.829585E-02,0.000000E+00,6.189722E+02,0.000000E+00,3.194284E-02,0.000000E+00,1.254597E+03,0.000000E+00,6.473034E-02,0.000000E+00,1.311868E+03,6.505896E+01,6.769248E-02,5.019285E-03
03:00:00,2.512278E+04,0.000000E+00,1.294583E+00,0.000000E+00,1.027994E+03,7.467625E+02,5.304991E-02,5.761390E-02,2.988715E+03,0.000000E+00,1.542281E-01,0.000000E+00,1.129717E+03,0.000000E+00,5.829614E-02,0.000000E+00,6.189753E+02,0.000000E+00,3.194300E-02,0.000000E+00,1.254605E+03,0.000000E+00,6.473073E-02,0.000000E+00,1.311877E+03,6.041972E+01,6.769295E-02,4.661362E-03
03:10:00,2.512282E+04,0.000000E+00,1.294585E+00,0.000000E+00,1.028000E+03,7.419068E+02,5.305024E-02,5.723926E-02,2.988735E+03,0.000000E+00,1.542291E-01,0.000000E+00,1.129723E+03,0.000000E+00,5.829642E-02,0.000000E+00,6.189783E+02,0.000000E+00,3.194316E-02,0.000000E+00,1.254612E+03,0.000000E+00,6.473112E-02,0.000000E+00,1.311886E+03,5.575586E+01,6.769342E-02,4.301540E-03
03:20:00,2.512286E+04,0.000000E+00,1.294587E+00,0.000000E+00,1.028007E+03,7.371067E+02,5.305055E-02,5.686892E-02,2.988754E+03,0.000000E+00,1.542301E-01,0.000000E+00,1.129728E+03,0.000000E+00,5.829670E-02,0.000000E+00,6.189813E+02,0.000000E+00,3.194331E-02,0.000000E+00,1.254619E+03,0.000000E+00,6.473150E-02,0.000000E+00,1.311895E+03,5.107212E+01,6.769388E-02,3.940186E-03
03:30:00,2.512289E+04,0.000000E+00,1.294589E+00,0.000000E+00,1.028013E+03,7.323600E+02,5.305087E-02,5.650270E-02,2.988773E+03,0.000000E+00,1.542311E-01,0.000000E+00,1.129733E+03,0.000000E+00,5.829697E-02,0.000000E+00,6.189842E+02,0.000000E+00,3.194346E-02,0.000000E+00,1.254627E+03,0.000000E+00,6.473187E-02,0.000000E+00,1.311904E+03,4.637197E+01,6.769434E-02,3.577567E-03
03:40:00,2.512293E+04,0.000000E+00,1.294591E+00,0.000000E+00,1.028019E+03,7.276646E+02,5.305118E-02,5.614043E-02,2.988793E+03,0.000000E+00,1.542321E-01,0.000000E+00,1.129739E+03,0.000000E+00,5.829725E-02,0.000000E+00,6.189871E+02,0.000000E+00,3.194361E-02,0.000000E+00,1.254634E+03,0.000000E+00,6.473225E-02,0.000000E+00,1.311913E+03,4.165873E+01,6.769479E-02,3.213938E-03
03:50:00,2.512297E+04,0.000000E+00,1.294593E+00,0.000000E+00,1.028025E+03,7.230182E+02,5.305149E-02,5.578195E-02,2.988812E+03,0.000000E+00,1.542331E-01,0.000000E+00,1.129744E+03,0.000000E+00,5.829752E-02,0.000000E+00,6.189899E+02,0.000000E+00,3.194376E-02,0.000000E+00,1.254641E+03,0.000000E+00,6.473262E-02,0.000000E+00,1.311922E+03,3.693442E+01,6.769524E-02,2.849457E-03
04:00:00,2.512301E+04,0.000000E+00,1.294595E+00,0.000000E+00,1.028031E+03,7.184187E+02,5.305180E-02,5.542709E-02,2.988831E+03,0.000000E+00,1.542341E-01,0.000000E+00,1.129749E+03,0.000000E+00,5.829778E-02,0.000000E+00,6.189927E+02,0.000000E+00,3.194390E-02,0.000000E+00,1.254648E+03,0.000000E+00,6.473298E-02,0.000000E+00,1.311930E+03,3.220142E+01,6.769569E-02,2.484306E-03
04:10:00,2.512304E+04,0.000000E+00,1.294597E+00,0.000000E+00,1.028037E+03,7.139233E+02,5.305210E-02,5.508026E-02,2.988849E+03,0.000000E+00,1.542351E-01,0.000000E+00,1.129754E+03,0.000000E+00,5.829805E-02,0.000000E+00,6.189955E+02,0.000000E+00,3.194404E-02,0.000000E+00,1.254655E+03,0.000000E+00,6.473335E-02,0.000000E+00,1.311939E+03,2.753467E+01,6.769613E-02,2.124268E-03
04:20:00,2.512308E+04,0.000000E+00,1.294599E+00,0.000000E+00,1.028042E+03,7.108003E+02,5.305241E-02,5.483931E-02,2.988868E+03,0.000000E+00,1.542360E-01,0.000000E+00,1.129759E+03,0.000000E+00,5.829831E-02,0.000000E+00,6.189982E+02,0.000000E+00,3.194418E-02,0.000000E+00,1.254662E+03,0.000000E+00,6.473371E-02,0.000000E+00,1.311947E+03,2.382617E+01,6.769657E-02,1.838158E-03
04:30:00,2.512312E+04,0.000000E+00,1.294601E+00,0.000000E+00,1.028048E+03,7.106542E+02,5.305271E-02,5.482803E-02,2.988886E+03,0.000000E+00,1.542370E-01,0.000000E+00,1.129764E+03,0.000000E+00,5.829857E-02,0.000000E+00,6.190009E+02,0.000000E+00,3.194432E-02,0.000000E+00,1.254669E+03,0.000000E+00,6.473406E-02,0.000000E+00,1.311956E+03,2.210121E+01,6.769700E-02,1.705077E-03
04:40:00,2.512315E+04,0.000000E+00,1.294602E+00,0.000000E+00,1.028054E+03,7.147990E+02,5.305300E-02,5.514782E-02,2.988905E+03,0.000000E+00,1.542379E-01,0.000000E+00,1.129769E+03,0.000000E+00,5.829882E-02,0.000000E+00,6.190036E+02,0.000000E+00,3.194446E-02,0.000000E+00,1.254676E+03,0.000000E+00,6.473442E-02,0.000000E+00,1.311964E+03,2.329874E+01,6.769743E-02,1.797463E-03
04:50:00,2.512319E+04,0.000000E+00,1.294604E+00,0.000000E+00,1.028060E+03,7.253473E+02,5.305330E-02,5.596167E-02,2.988923E+03,0.000000E+00,1.542388E-01,0.000000E+00,1.129774E+03,0.000000E+00,5.829908E-02,0.000000E+00,6.190062E+02,0.000000E+00,3.194460E-02,0.000000E+00,1.254683E+03,0.000000E+00,6.473477E-02,0.000000E+00,1.311972E+03,2.890636E+01,6.769786E-02,2.230087E-03
05:00:00,2.512322E+04,0.000000E+00,1.294606E+00,0.000000E+00,1.028066E+03,7.421714E+02,5.305359E-02,5.725972E-02,2.988941E+03,3.054456E+00,1.542398E-01,2.393649E-04,1.129779E+03,0.000000E+00,5.829933E-02,0.000000E+00,6.190088E+02,0.000000E+00,3.194473E-02,0.000000E+00,1.254690E+03,0.000000E+00,6.473511E-02,0.000000E+00,1.311980E+03,3.892633E+01,6.769828E-02,3.003131E-03
05:10:00,2.512326E+04,0.000000E+00,1.294608E+00,0.000000E+00,1.028071E+03,7.664111E+02,5.305389E-02,5.912993E-02,2.988958E+03,5.027851E+01,1.542407E-01,3.882677E-03,1.129784E+03,0.000000E+00,5.829957E-02,0.000000E+00,6.190114E+02,0.000000E+00,3.194486E-02,0.000000E+00,1.254696E+03,0.000000E+00,6.473546E-02,0.000000E+00,1.311989E+03,5.436292E+01,6.769870E-02,4.194079E-03
05:20:00,2.512329E+04,0.000000E+00,1.294610E+00,0.000000E+00,1.028077E+03,7.962945E+02,5.305418E-02,6.143557E-02,2.988976E+03,1.002521E+02,1.542416E-01,7.738231E-03,1.129789E+03,0.000000E+00,5.829982E-02,0.000000E+00,6.190139E+02,0.000000E+00,3.194499E-02,0.000000E+00,1.254703E+03,0.000000E+00,6.473580E-02,0.000000E+00,1.311997E+03,7.399025E+01,6.769911E-02,5.708370E-03
05:30:00,2.512333E+04,0.000000E+00,1.294612E+00,0.000000E+00,1.028082E+03,8.298877E+02,5.305446E-02,6.402744E-02,2.988994E+03,1.700257E+02,1.542425E-01,1.312140E-02,1.129793E+03,0.000000E+00,5.830007E-02,0.000000E+00,6.190164E+02,0.000000E+00,3.194512E-02,0.000000E+00,1.254709E+03,0.000000E+00,6.473614E-02,0.000000E+00,1.312005E+03,9.651382E+01,6.769952E-02,7.446138E-03
05:40:00,2.512336E+04,0.000000E+00,1.294613E+00,0.000000E+00,1.028088E+03,8.656969E+02,5.305475E-02,6.679028E-02,2.989011E+03,2.563700E+02,1.542434E-01,1.978317E-02,1.129798E+03,0.000000E+00,5.830031E-02,0.000000E+00,6.190189E+02,0.000000E+00,3.194525E-02,0.000000E+00,1.254716E+03,0.000000E+00,6.473648E-02,0.000000E+00,1.312012E+03,1.206853E+02,6.769993E-02,9.311075E-03
05:50:00,2.512340E+04,0.000000E+00,1.294615E+00,0.000000E+00,1.028093E+03,9.011878E+02,5.305503E-02,6.952857E-02,2.989028E+03,3.579860E+02,1.542443E-01,2.762330E-02,1.129803E+03,0.000000E+00,5.830055E-02,0.000000E+00,6.190214E+02,0.000000E+00,3.194538E-02,0.000000E+00,1.254722E+03,0.000000E+00,6.473681E-02,0.000000E+00,1.312020E+03,1.439385E+02,6.770033E-02,1.110520E-02
06:00:00,2.512343E+04,0.000000E+00,1.294617E+00,0.000000E+00,1.028099E+03,9.360488E+02,5.305532E-02,7.221824E-02,2.989045E+03,4.696109E+02,1.542452E-01,3.623204E-02,1.129807E+03,0.000000E+00,5.830078E-02,0.000000E+00,6.190238E+02,0.000000E+00,3.194550E-02,0.000000E+00,1.254729E+03,0.000000E+00,6.473714E-02,0.000000E+00,1.312028E+03,1.672026E+02,6.770073E-02,1.290021E-02
06:10:00,2.494322E+04,3.076299E+02,1.285331E+00,3.024991E-02,9.976321E+02,1.090549E+03,5.148307E-02,8.750212E-02,2.884841E+03,9.849139E+02,1.488678E-01,8.021106E-02,1.103808E+03,1.219020E+01,5.695915E-02,1.189803E-03,6.118791E+02,1.156201E+02,3.157679E-02,1.121815E-02,1.211404E+03,3.955408E+01,6.250184E-02,3.696299E-03,1.259576E+03,3.335934E+02,6.499418E-02,2.703938E-02
06:20:00,2.476279E+04,6.860796E+02,1.276040E+00,6.762576E-02,9.671321E+02,1.190702E+03,4.990930E-02,1.003792E-01,2.780499E+03,1.255355E+03,1.434842E-01,1.079944E-01,1.077771E+03,2.277081E+01,5.561579E-02,2.226797E-03,6.047236E+02,2.265068E+02,3.120757E-02,2.208376E-02,1.168019E+03,6.554985E+01,6.026394E-02,6.256544E-03,1.207055E+03,4.429333E+02,6.228460E-02,3.833046E-02
06:30:00,2.458238E+04,1.100265E+03,1.266753E+00,1.082655E-01,9.366267E+02,1.317529E+03,4.833536E-02,1.160166E-01,2.676154E+03,1.597331E+03,1.381007E-01,1.429595E-01,1.051740E+03,3.565017E+01,5.427284E-02,3.488713E-03,5.975712E+02,3.432175E+02,3.083852E-02,3.352365E-02,1.124635E+03,1.003215E+02,5.802631E-02,9.663600E-03,1.154533E+03,5.822199E+02,5.957513E-02,5.253414E-02
06:40:00,2.440193E+04,1.570196E+03,1.257466E+00,1.543416E-01,9.060999E+02,1.426047E+03,4.676047E-02,1.299950E-01,2.571737E+03,1.853377E+03,1.327140E-01,1.698504E-01,1.025695E+03,4.818209E+01,5.292925E-02,4.716622E-03,5.904154E+02,4.585881E+02,3.046931E-02,4.483682E-02,1.081225E+03,1.282705E+02,5.578762E-02,1.240237E-02,1.101976E+03,6.957330E+02,5.686416E-02,6.429154E-02
06:50:00,2.422148E+04,2.092137E+03,1.248179E+00,2.055205E-01,8.755579E+02,1.537804E+03,4.518492E-02,1.444025E-01,2.467271E+03,2.100099E+03,1.273251E-01,1.961445E-01,9.996421E+02,6.164443E+01,5.158530E-02,6.035693E-03,5.832574E+02,5.755983E+02,3.009999E-02,5.631192E-02,1.037799E+03,1.571523E+02,5.354835E-02,1.523247E-02,1.049397E+03,8.107448E+02,5.415226E-02,7.625159E-02
07:00:00,2.404101E+04,2.651389E+03,1.238891E+00,2.603638E-01,8.450044E+02,1.652522E+03,4.360888E-02,1.592048E-01,2.362768E+03,2.337773E+03,1.219347E-01,2.218228E-01,9.735824E+02,7.589860E+01,5.024105E-02,7.432350E-03,5.760973E+02,6.944816E+02,2.973057E-02,6.797235E-02,9.943639E+02,1.865391E+02,5.130870E-02,1.811202E-02,9.968011E+02,9.258170E+02,5.143969E-02,8.829296E-02
07:10:00,2.404078E+04,2.957631E+03,1.238891E+00,2.903163E-01,8.449146E+02,1.653963E+03,4.360499E-02,1.621796E-01,2.362459E+03,2.131901E+03,1.219212E-01,2.091472E-01,9.735214E+02,7.914423E+01,5.023844E-02,7.754987E-03,5.760823E+02,7.000955E+02,2.972989E-02,6.864589E-02,9.942531E+02,1.773917E+02,5.130440E-02,1.739519E-02,9.966539E+02,8.972999E+02,5.143357E-02,8.804260E-02
07:20:00,2.404076E+04,3.245884E+03,1.238895E+00,3.183275E-01,8.448512E+02,1.716286E+03,4.360231E-02,1.683340E-01,2.362264E+03,2.172726E+03,1.219131E-01,2.129034E-01,9.734937E+02,8.548874E+01,5.023733E-02,8.376363E-03,5.760762E+02,7.128592E+02,2.972963E-02,6.990938E-02,9.941977E+02,1.830226E+02,5.130246E-02,1.793393E-02,9.965654E+02,9.256452E+02,5.143007E-02,9.071270E-02
07:30:00,2.404072E+04,3.550113E+03,1.238895E+00,3.481499E-01,8.447879E+02,1.758429E+03,4.359956E-02,1.724900E-01,2.362056E+03,2.126652E+03,1.219039E-01,2.083844E-01,9.734556E+02,9.139261E+01,5.023562E-02,8.954882E-03,5.760650E+02,7.222571E+02,2.972909E-02,7.083989E-02,9.941379E+02,1.812517E+02,5.130006E-02,1.776048E-02,9.964719E+02,9.239817E+02,5.142612E-02,9.054936E-02
07:40:00,2.404070E+04,3.848618E+03,1.238894E+00,3.774455E-01,8.447416E+02,1.825175E+03,4.359757E-02,1.790433E-01,2.361904E+03,2.153914E+03,1.218974E-01,2.110505E-01,9.734276E+02,9.962776E+01,5.023437E-02,9.761796E-03,5.760552E+02,7.354560E+02,2.972862E-02,7.213850E-02,9.941003E+02,1.877735E+02,5.129856E-02,1.839935E-02,9.964068E+02,9.481530E+02,5.142339E-02,9.291706E-02
07:50:00,2.404070E+04,4.144329E+03,1.238894E+00,4.064697E-01,8.447071E+02,1.894990E+03,4.359606E-02,1.858986E-01,2.361790E+03,2.178495E+03,1.218923E-01,2.134548E-01,9.734049E+02,1.089884E+02,5.023333E-02,1.067900E-02,5.760458E+02,7.494525E+02,2.972816E-02,7.351420E-02,9.940750E+02,1.948753E+02,5.129749E-02,1.909512E-02,9.963593E+02,9.717241E+02,5.142135E-02,9.522644E-02
08:00:00,2.404070E+04,4.451398E+03,1.238894E+00,4.366057E-01,8.446810E+02,1.968139E+03,4.359491E-02,1.930801E-01,2.361703E+03,2.201498E+03,1.218884E-01,2.157057E-01,9.733859E+02,1.196610E+02,5.023243E-02,1.172476E-02,5.760366E+02,7.639670E+02,2.972771E-02,7.493902E-02,9.940568E+02,2.030282E+02,5.129668E-02,1.989389E-02,9.963238E+02,9.948876E+02,5.141978E-02,9.749611E-02
08:10:00,2.404070E+04,4.755932E+03,1.238894E+00,4.664944E-01,8.446612E+02,2.040085E+03,4.359402E-02,2.001427E-01,2.361635E+03,2.221968E+03,1.218854E-01,2.177097E-01,9.733696E+02,1.313648E+02,5.023165E-02,1.287155E-02,5.760277E+02,7.785063E+02,2.972726E-02,7.636548E-02,9.940432E+02,2.118178E+02,5.129604E-02,2.075508E-02,9.962965E+02,1.016927E+03,5.141854E-02,9.965580E-02
08:20:00,2.404071E+04,5.058924E+03,1.238895E+00,4.962329E-01,8.446462E+02,2.110688E+03,4.359334E-02,2.070731E-01,2.361582E+03,2.238744E+03,1.218830E-01,2.193523E-01,9.733554E+02,1.438061E+02,5.023095E-02,1.409062E-02,5.760191E+02,7.929365E+02,2.972683E-02,7.778073E-02,9.940327E+02,2.210631E+02,5.129553E-02,2.166093E-02,9.962753E+02,1.037525E+03,5.141756E-02,1.016742E-01
08:30:00,2.404071E+04,5.360771E+03,1.238895E+00,5.258599E-01,8.446347E+02,2.179862E+03,4.359282E-02,2.138634E-01,2.361540E+03,2.251120E+03,1.218810E-01,2.205643E-01,9.733430E+02,1.566129E+02,5.023034E-02,1.534551E-02,5.760110E+02,8.071381E+02,2.972642E-02,7.917329E-02,9.940245E+02,2.306014E+02,5.129513E-02,2.259550E-02,9.962588E+02,1.056460E+03,5.141678E-02,1.035297E-01
08:40:00,2.404072E+04,5.662335E+03,1.238896E+00,5.554598E-01,8.446261E+02,2.247526E+03,4.359242E-02,2.205055E-01,2.361508E+03,2.258663E+03,1.218795E-01,2.213030E-01,9.733322E+02,1.696442E+02,5.022980E-02,1.662238E-02,5.760033E+02,8.210230E+02,2.972603E-02,8.053466E-02,9.940182E+02,2.403102E+02,5.129482E-02,2.354677E-02,9.962459E+02,1.073502E+03,5.141616E-02,1.051997E-01
08:50:00,2.404073E+04,5.963697E+03,1.238896E+00,5.850401E-01,8.446198E+02,2.313651E+03,4.359213E-02,2.269969E-01,2.361483E+03,2.261267E+03,1.218784E-01,2.215579E-01,9.733227E+02,1.827993E+02,5.022932E-02,1.791138E-02,5.759961E+02,8.345231E+02,2.972566E-02,8.185822E-02,9.940134E+02,2.501040E+02,5.129458E-02,2.450638E-02,9.962358E+02,1.088512E+03,5.141568E-02,1.066705E-01
09:00:00,2.404075E+04,6.265465E+03,1.238897E+00,6.146614E-01,8.446152E+02,2.378506E+03,4.359192E-02,2.333638E-01,2.361463E+03,2.258915E+03,1.218775E-01,2.213273E-01,9.733144E+02,1.959914E+02,5.022890E-02,1.920401E-02,5.759894E+02,8.475874E+02,2.972532E-02,8.313902E-02,9.940097E+02,2.600402E+02,5.129440E-02,2.547996E-02,9.962279E+02,1.101578E+03,5.141530E-02,1.079508E-01
09:10:00,2.404076E+04,6.560813E+03,1.238897E+00,6.436538E-01,8.446119E+02,2.440265E+03,4.359177E-02,2.394270E-01,2.361449E+03,2.251342E+03,1.218768E-01,2.205852E-01,9.733071E+02,2.089856E+02,5.022853E-02,2.047724E-02,5.759832E+02,8.600931E+02,2.972500E-02,8.436503E-02,9.940070E+02,2.699787E+02,5.129426E-02,2.645376E-02,9.962218E+02,1.112655E+03,5.141500E-02,1.090362E-01
09:20:00,2.404077E+04,6.850606E+03,1.238898E+00,6.721009E-01,8.446098E+02,2.499193E+03,4.359167E-02,2.452124E-01,2.361438E+03,2.238642E+03,1.218762E-01,2.193407E-01,9.733008E+02,2.217085E+02,5.022821E-02,2.172388E-02,5.759775E+02,8.720107E+02,2.972471E-02,8.553336E-02,9.940049E+02,2.799199E+02,5.129415E-02,2.742782E-02,9.962171E+02,1.121889E+03,5.141476E-02,1.099410E-01
09:30:00,2.404079E+04,7.135287E+03,1.238899E+00,7.000461E-01,8.446085E+02,2.555492E+03,4.359162E-02,2.507399E-01,2.361429E+03,2.221020E+03,1.218759E-01,2.176141E-01,9.732952E+02,2.340921E+02,5.022793E-02,2.293726E-02,5.759722E+02,8.833235E+02,2.972444E-02,8.664238E-02,9.940035E+02,2.898832E+02,5.129408E-02,2.840403E-02,9.962134E+02,1.129392E+03,5.141458E-02,1.106762E-01
09:40:00,2.404080E+04,7.415341E+03,1.238900E+00,7.275371E-01,8.446080E+02,2.609358E+03,4.359160E-02,2.560286E-01,2.361424E+03,2.198727E+03,1.218756E-01,2.154298E-01,9.732905E+02,2.460607E+02,5.022768E-02,2.410998E-02,5.759675E+02,8.940254E+02,2.972419E-02,8.769151E-02,9.940026E+02,2.999026E+02,5.129404E-02,2.938576E-02,9.962107E+02,1.135289E+03,5.141445E-02,1.112540E-01
09:50:00,2.404082E+04,7.691055E+03,1.238900E+00,7.546020E-01,8.446080E+02,2.660978E+03,4.359160E-02,2.610971E-01,2.361420E+03,2.172100E+03,1.218754E-01,2.128209E-01,9.732863E+02,2.576317E+02,5.022747E-02,2.524373E-02,5.759631E+02,9.041190E+02,2.972397E-02,8.868098E-02,9.940022E+02,3.100228E+02,5.129401E-02,3.037736E-02,9.962088E+02,1.139694E+03,5.141435E-02,1.116857E-01
10:00:00,2.404083E+04,7.962674E+03,1.238901E+00,7.812652E-01,8.446085E+02,2.710237E+03,4.359163E-02,2.659338E-01,2.361418E+03,2.141961E+03,1.218753E-01,2.098679E-01,9.732828E+02,2.689664E+02,5.022729E-02,2.635432E-02,5.759592E+02,9.136131E+02,2.972377E-02,8.961170E-02,9.940021E+02,3.203388E+02,5.129401E-02,3.138814E-02,9.962075E+02,1.142485E+03,5.141428E-02,1.119591E-01
10:10:00,2.404085E+04,8.228656E+03,1.238902E+00,8.073753E-01,8.446094E+02,2.757024E+03,4.359168E-02,2.705282E-01,2.361417E+03,2.108734E+03,1.218753E-01,2.066123E-01,9.732798E+02,2.800086E+02,5.022714E-02,2.743625E-02,5.759556E+02,9.225226E+02,2.972359E-02,9.048510E-02,9.940023E+02,3.307070E+02,5.129402E-02,3.240405E-02,9.962067E+02,1.143539E+03,5.141424E-02,1.120623E-01
10:20:00,2.404087E+04,8.487946E+03,1.238903E+00,8.328290E-01,8.446107E+02,2.801381E+03,4.359175E-02,2.748840E-01,2.361417E+03,2.072983E+03,1.218753E-01,2.031094E-01,9.732773E+02,2.907260E+02,5.022701E-02,2.848635E-02,5.759525E+02,9.308636E+02,2.972342E-02,9.130277E-02,9.940028E+02,3.410297E+02,5.129405E-02,3.341550E-02,9.962063E+02,1.142806E+03,5.141423E-02,1.119904E-01
10:30:00,2.404088E+04,8.740324E+03,1.238904E+00,8.576045E-01,8.446121E+02,2.843457E+03,4.359183E-02,2.790163E-01,2.361419E+03,2.035683E+03,1.218754E-01,1.994548E-01,9.732752E+02,3.011214E+02,5.022690E-02,2.950489E-02,5.759496E+02,9.386485E+02,2.972328E-02,9.206594E-02,9.940035E+02,3.513090E+02,5.129408E-02,3.442269E-02,9.962064E+02,1.140382E+03,5.141423E-02,1.117529E-01
10:40:00,2.404090E+04,8.985446E+03,1.238905E+00,8.816682E-01,8.446139E+02,2.883479E+03,4.359191E-02,2.829470E-01,2.361421E+03,1.998473E+03,1.218755E-01,1.958090E-01,9.732736E+02,3.112145E+02,5.022681E-02,3.049381E-02,5.759471E+02,9.458871E+02,2.972315E-02,9.277554E-02,9.940045E+02,3.614858E+02,5.129413E-02,3.541984E-02,9.962067E+02,1.136387E+03,5.141425E-02,1.113613E-01
10:50:00,2.404092E+04,9.224230E+03,1.238906E+00,9.051098E-01,8.446158E+02,2.922581E+03,4.359201E-02,2.867877E-01,2.361424E+03,1.963989E+03,1.218757E-01,1.924302E-01,9.732722E+02,3.209477E+02,5.022674E-02,3.144747E-02,5.759448E+02,9.525875E+02,2.972303E-02,9.343239E-02,9.940056E+02,3.715633E+02,5.129419E-02,3.640726E-02,9.962074E+02,1.131825E+03,5.141428E-02,1.109142E-01
11:00:00,2.404094E+04,9.456875E+03,1.238907E+00,9.279490E-01,8.446179E+02,2.962079E+03,4.359212E-02,2.906676E-01,2.361427E+03,1.934120E+03,1.218758E-01,1.895037E-01,9.732712E+02,3.301340E+02,5.022669E-02,3.234754E-02,5.759428E+02,9.587653E+02,2.972293E-02,9.403800E-02,9.940069E+02,3.812978E+02,5.129426E-02,3.736108E-02,9.962083E+02,1.128025E+03,5.141433E-02,1.105418E-01
11:10:00,2.404096E+04,9.678180E+03,1.238908E+00,9.496755E-01,8.446201E+02,3.000800E+03,4.359224E-02,2.944716E-01,2.361431E+03,1.909959E+03,1.218761E-01,1.871364E-01,9.732705E+02,3.387143E+02,5.022666E-02,3.318823E-02,5.759411E+02,9.643936E+02,2.972284E-02,9.458974E-02,9.940083E+02,3.906548E+02,5.129433E-02,3.827791E-02,9.962094E+02,1.125298E+03,5.141439E-02,1.102746E-01
11:20:00,2.404097E+04,9.888675E+03,1.238909E+00,9.703404E-01,8.446224E+02,3.038988E+03,4.359236E-02,2.982231E-01,2.361436E+03,1.892165E+03,1.218763E-01,1.853931E-01,9.732701E+02,3.467289E+02,5.022663E-02,3.397348E-02,5.759395E+02,9.695225E+02,2.972276E-02,9.509252E-02,9.940099E+02,3.996693E+02,5.129441E-02,3.916117E-02,9.962107E+02,1.124125E+03,5.141446E-02,1.101596E-01
11:30:00,2.404099E+04,1.008841E+04,1.238910E+00,9.899487E-01,8.446249E+02,3.076768E+03,4.359248E-02,3.019343E-01,2.361441E+03,1.880695E+03,1.218765E-01,1.842693E-01,9.732698E+02,3.542141E+02,5.022662E-02,3.470688E-02,5.759382E+02,9.742165E+02,2.972269E-02,9.555266E-02,9.940116E+02,4.083004E+02,5.129450E-02,4.000686E-02,9.962122E+02,1.124770E+03,5.141453E-02,1.102229E-01
11:40:00,2.404101E+04,1.027758E+04,1.238911E+00,1.008520E+00,8.446274E+02,3.114206E+03,4.359261E-02,3.056117E-01,2.361446E+03,1.874815E+03,1.218768E-01,1.836932E-01,9.732698E+02,3.612180E+02,5.022662E-02,3.539312E-02,5.759371E+02,9.785498E+02,2.972263E-02,9.597745E-02,9.940134E+02,4.165729E+02,5.129459E-02,4.081743E-02,9.962139E+02,1.127510E+03,5.141462E-02,1.104915E-01
11:50:00,2.404103E+04,1.045526E+04,1.238912E+00,1.025962E+00,8.446300E+02,3.150413E+03,4.359275E-02,3.091679E-01,2.361452E+03,1.872541E+03,1.218771E-01,1.834704E-01,9.732700E+02,3.677926E+02,5.022663E-02,3.603729E-02,5.759361E+02,9.825995E+02,2.972258E-02,9.637445E-02,9.940153E+02,4.244593E+02,5.129469E-02,4.159015E-02,9.962156E+02,1.131659E+03,5.141471E-02,1.108981E-01
12:00:00,2.404105E+04,1.062044E+04,1.238913E+00,1.042179E+00,8.446327E+02,3.184415E+03,4.359289E-02,3.125073E-01,2.361458E+03,1.872176E+03,1.218774E-01,1.834346E-01,9.732704E+02,3.739879E+02,5.022665E-02,3.664430E-02,5.759353E+02,9.864369E+02,2.972254E-02,9.675064E-02,9.940172E+02,4.319852E+02,5.129479E-02,4.232756E-02,9.962175E+02,1.136332E+03,5.141481E-02,1.113561E-01
12:10:00,2.404107E+04,1.077872E+04,1.238914E+00,1.057717E+00,8.446354E+02,3.217511E+03,4.359303E-02,3.157571E-01,2.361464E+03,1.873054E+03,1.218777E-01,1.835207E-01,9.732709E+02,3.799489E+02,5.022668E-02,3.722836E-02,5.759347E+02,9.901723E+02,2.972251E-02,9.711686E-02,9.940193E+02,4.392537E+02,5.129489E-02,4.303974E-02,9.962195E+02,1.141423E+03,5.141491E-02,1.118551E-01
12:20:00,2.404109E+04,1.092994E+04,1.238915E+00,1.072562E+00,8.446382E+02,3.249565E+03,4.359317E-02,3.189045E-01,2.361470E+03,1.874834E+03,1.218781E-01,1.836951E-01,9.732716E+02,3.857125E+02,5.022671E-02,3.779307E-02,5.759342E+02,9.938360E+02,2.972248E-02,9.747608E-02,9.940214E+02,4.462835E+02,5.129500E-02,4.372854E-02,9.962216E+02,1.146717E+03,5.141502E-02,1.123739E-01
12:30:00,2.404111E+04,1.107418E+04,1.238916E+00,1.086722E+00,8.446410E+02,3.280473E+03,4.359332E-02,3.219395E-01,2.361477E+03,1.877296E+03,1.218784E-01,1.839363E-01,9.732724E+02,3.912951E+02,5.022675E-02,3.834005E-02,5.759338E+02,9.974411E+02,2.972246E-02,9.782956E-02,9.940235E+02,4.530810E+02,5.129512E-02,4.439457E-02,9.962238E+02,1.152057E+03,5.141513E-02,1.128972E-01
12:40:00,2.404113E+04,1.121143E+04,1.238917E+00,1.100197E+00,8.446439E+02,3.310122E+03,4.359347E-02,3.248508E-01,2.361484E+03,1.880236E+03,1.218788E-01,1.842244E-01,9.732733E+02,3.966990E+02,5.022680E-02,3.886953E-02,5.759335E+02,1.000987E+03,2.972244E-02,9.817722E-02,9.940258E+02,4.596449E+02,5.129523E-02,4.503772E-02,9.962261E+02,1.157269E+03,5.141525E-02,1.134080E-01
12:50:00,2.404115E+04,1.134177E+04,1.238918E+00,1.112992E+00,8.446468E+02,3.338416E+03,4.359362E-02,3.276290E-01,2.361491E+03,1.883520E+03,1.218791E-01,1.845462E-01,9.732743E+02,4.019254E+02,5.022685E-02,3.938161E-02,5.759333E+02,1.004469E+03,2.972243E-02,9.851870E-02,9.940280E+02,4.659775E+02,5.129535E-02,4.565820E-02,9.962285E+02,1.162222E+03,5.141537E-02,1.138933E-01
13:00:00,2.404117E+04,1.146515E+04,1.238919E+00,1.125104E+00,8.446498E+02,3.365211E+03,4.359377E-02,3.302601E-01,2.361498E+03,1.887015E+03,1.218795E-01,1.848886E-01,9.732754E+02,4.069724E+02,5.022691E-02,3.987611E-02,5.759332E+02,1.007881E+03,2.972243E-02,9.885324E-02,9.940304E+02,4.720790E+02,5.129547E-02,4.625604E-02,9.962309E+02,1.166724E+03,5.141550E-02,1.143345E-01
13:10:00,2.404119E+04,1.157952E+04,1.238920E+00,1.136333E+00,8.446527E+02,3.389885E+03,4.359392E-02,3.326832E-01,2.361505E+03,1.890520E+03,1.218799E-01,1.852321E-01,9.732766E+02,4.117917E+02,5.022697E-02,4.034831E-02,5.759332E+02,1.011193E+03,2.972243E-02,9.917794E-02,9.940327E+02,4.778986E+02,5.129559E-02,4.682626E-02,9.962334E+02,1.170583E+03,5.141563E-02,1.147126E-01
13:20:00,2.404121E+04,1.168483E+04,1.238921E+00,1.146672E+00,8.446557E+02,3.412367E+03,4.359408E-02,3.348909E-01,2.361512E+03,1.893928E+03,1.218802E-01,1.855659E-01,9.732779E+02,4.163746E+02,5.022704E-02,4.079735E-02,5.759333E+02,1.014391E+03,2.972243E-02,9.949159E-02,9.940351E+02,4.834302E+02,5.129571E-02,4.736826E-02,9.962359E+02,1.173700E+03,5.141576E-02,1.150181E-01
13:30:00,2.404123E+04,1.178131E+04,1.238922E+00,1.156143E+00,8.446587E+02,3.432647E+03,4.359423E-02,3.368826E-01,2.361520E+03,1.897151E+03,1.218806E-01,1.858818E-01,9.732793E+02,4.207106E+02,5.022711E-02,4.122219E-02,5.759334E+02,1.017464E+03,2.972244E-02,9.979285E-02,9.940376E+02,4.887715E+02,5.129584E-02,4.789161E-02,9.962385E+02,1.175991E+03,5.141589E-02,1.152426E-01
13:40:00,2.404125E+04,1.187685E+04,1.238923E+00,1.165523E+00,8.446617E+02,3.450681E+03,4.359439E-02,3.386540E-01,2.361527E+03,1.900106E+03,1.218810E-01,1.861713E-01,9.732807E+02,4.247963E+02,5.022718E-02,4.162252E-02,5.759336E+02,1.020402E+03,2.972245E-02,1.000809E-01,9.940401E+02,4.956580E+02,5.129597E-02,4.856637E-02,9.962411E+02,1.177392E+03,5.141603E-02,1.153798E-01
13:50:00,2.404127E+04,1.197533E+04,1.238924E+00,1.175191E+00,8.446647E+02,3.466494E+03,4.359454E-02,3.402075E-01,2.361535E+03,1.902719E+03,1.218814E-01,1.864272E-01,9.732822E+02,4.286265E+02,5.022726E-02,4.199780E-02,5.759339E+02,1.023199E+03,2.972247E-02,1.003552E-01,9.940426E+02,5.048928E+02,5.129610E-02,4.947124E-02,9.962438E+02,1.177862E+03,5.141616E-02,1.154258E-01
14:00:00,2.404129E+04,1.207886E+04,1.238925E+00,1.185356E+00,8.446678E+02,3.480154E+03,4.359470E-02,3.415499E-01,2.361543E+03,1.904912E+03,1.218818E-01,1.866421E-01,9.732837E+02,4.322092E+02,5.022734E-02,4.234884E-02,5.759342E+02,1.025864E+03,2.972248E-02,1.006165E-01,9.940451E+02,5.170821E+02,5.129623E-02,5.066560E-02,9.962465E+02,1.177365E+03,5.141631E-02,1.153772E-01
14:10:00,2.404131E+04,1.218481E+04,1.238926E+00,1.195757E+00,8.446708E+02,3.490667E+03,4.359486E-02,3.425840E-01,2.361550E+03,1.906454E+03,1.218822E-01,1.867932E-01,9.732853E+02,4.354850E+02,5.022742E-02,4.266980E-02,5.759346E+02,1.028381E+03,2.972250E-02,1.008633E-01,9.940477E+02,5.325453E+02,5.129636E-02,5.218077E-02,9.962493E+02,1.175755E+03,5.141645E-02,1.152193E-01
14:20:00,2.404133E+04,1.229441E+04,1.238927E+00,1.206517E+00,8.446739E+02,3.497920E+03,4.359502E-02,3.432985E-01,2.361558E+03,1.907243E+03,1.218826E-01,1.868705E-01,9.732870E+02,4.384793E+02,5.022751E-02,4.296318E-02,5.759350E+02,1.030783E+03,2.972252E-02,1.010988E-01,9.940503E+02,5.516881E+02,5.129649E-02,5.405649E-02,9.962521E+02,1.172997E+03,5.141659E-02,1.149490E-01
14:30:00,2.404135E+04,1.240796E+04,1.238928E+00,1.217663E+00,8.446770E+02,3.501755E+03,4.359517E-02,3.436773E-01,2.361566E+03,1.906371E+03,1.218830E-01,1.867850E-01,9.732886E+02,4.410418E+02,5.022759E-02,4.321425E-02,5.759355E+02,1.033106E+03,2.972255E-02,1.013265E-01,9.940529E+02,5.746959E+02,5.129663E-02,5.631092E-02,9.962550E+02,1.168920E+03,5.141674E-02,1.145495E-01
14:40:00,2.404137E+04,1.251819E+04,1.238929E+00,1.228484E+00,8.446800E+02,3.502256E+03,4.359533E-02,3.437283E-01,2.361574E+03,1.904211E+03,1.218834E-01,1.865734E-01,9.732904E+02,4.432585E+02,5.022768E-02,4.343145E-02,5.759360E+02,1.035380E+03,2.972258E-02,1.015495E-01,9.940555E+02,6.001241E+02,5.129676E-02,5.880251E-02,9.962578E+02,1.163619E+03,5.141689E-02,1.140299E-01
14:50:00,2.404139E+04,1.262146E+04,1.238930E+00,1.238620E+00,8.446831E+02,3.499451E+03,4.359549E-02,3.434542E-01,2.361582E+03,1.900857E+03,1.218838E-01,1.862448E-01,9.732921E+02,4.451952E+02,5.022777E-02,4.362120E-02,5.759366E+02,1.037628E+03,2.972260E-02,1.017698E-01,9.940581E+02,6.273427E+02,5.129690E-02,6.146954E-02,9.962607E+02,1.157155E+03,5.141704E-02,1.133965E-01
15:00:00,2.404141E+04,1.271583E+04,1.238931E+00,1.247881E+00,8.446862E+02,3.493309E+03,4.359565E-02,3.428519E-01,2.361590E+03,1.896310E+03,1.218843E-01,1.857993E-01,9.732939E+02,4.468693E+02,5.022786E-02,4.378523E-02,5.759371E+02,1.039855E+03,2.972263E-02,1.019882E-01,9.940608E+02,6.558904E+02,5.129704E-02,6.426678E-02,9.962636E+02,1.149574E+03,5.141719E-02,1.126535E-01
15:10:00,2.404143E+04,1.279790E+04,1.238932E+00,1.255935E+00,8.446892E+02,3.483235E+03,4.359581E-02,3.418628E-01,2.361598E+03,1.890380E+03,1.218847E-01,1.852183E-01,9.732957E+02,4.482297E+02,5.022796E-02,4.391852E-02,5.759377E+02,1.042031E+03,2.972266E-02,1.022016E-01,9.940635E+02,6.853594E+02,5.129718E-02,6.715428E-02,9.962666E+02,1.140839E+03,5.141734E-02,1.117975E-01
15:20:00,2.404145E+04,1.286667E+04,1.238933E+00,1.262683E+00,8.446923E+02,3.469471E+03,4.359597E-02,3.405105E-01,2.361606E+03,1.883110E+03,1.218851E-01,1.845059E-01,9.732975E+02,4.492643E+02,5.022805E-02,4.401989E-02,5.759384E+02,1.044138E+03,2.972270E-02,1.024082E-01,9.940662E+02,7.153672E+02,5.129732E-02,7.009457E-02,9.962695E+02,1.131082E+03,5.141749E-02,1.108413E-01
15:30:00,2.404147E+04,1.292326E+04,1.238934E+00,1.268233E+00,8.446954E+02,3.452682E+03,4.359612E-02,3.388610E-01,2.361615E+03,1.875330E+03,1.218855E-01,1.837437E-01,9.732994E+02,4.501296E+02,5.022815E-02,4.410467E-02,5.759390E+02,1.046150E+03,2.972273E-02,1.026054E-01,9.940689E+02,7.455944E+02,5.129745E-02,7.305633E-02,9.962725E+02,1.121054E+03,5.141765E-02,1.098586E-01
15:40:00,2.404149E+04,1.296736E+04,1.238935E+00,1.272558E+00,8.446985E+02,3.433092E+03,4.359628E-02,3.369367E-01,2.361623E+03,1.866577E+03,1.218859E-01,1.828860E-01,9.733013E+02,4.507372E+02,5.022824E-02,4.416419E-02,5.759397E+02,1.048042E+03,2.972277E-02,1.027909E-01,9.940716E+02,7.756634E+02,5.129759E-02,7.600259E-02,9.962755E+02,1.110957E+03,5.141780E-02,1.088691E-01
15:50:00,2.404151E+04,1.299824E+04,1.238936E+00,1.275586E+00,8.447015E+02,3.410785E+03,4.359644E-02,3.347457E-01,2.361631E+03,1.856693E+03,1.218864E-01,1.819176E-01,9.733032E+02,4.510135E+02,5.022834E-02,4.419126E-02,5.759404E+02,1.049799E+03,2.972280E-02,1.029631E-01,9.940743E+02,8.052697E+02,5.129774E-02,7.890350E-02,9.962786E+02,1.100888E+03,5.141796E-02,1.078824E-01
16:00:00,2.404153E+04,1.301509E+04,1.238937E+00,1.277235E+00,8.447046E+02,3.385850E+03,4.359660E-02,3.322967E-01,2.361639E+03,1.845605E+03,1.218868E-01,1.808312E-01,9.733051E+02,4.509153E+02,5.022844E-02,4.418164E-02,5.759412E+02,1.051408E+03,2.972284E-02,1.031208E-01,9.940771E+02,8.340742E+02,5.129788E-02,8.172585E-02,9.962816E+02,1.090979E+03,5.141812E-02,1.069113E-01
16:10:00,2.404155E+04,1.302512E+04,1.238938E+00,1.278215E+00,8.447077E+02,3.360523E+03,4.359676E-02,3.298092E-01,2.361647E+03,1.833728E+03,1.218872E-01,1.796675E-01,9.733070E+02,4.505770E+02,5.022854E-02,4.414849E-02,5.759419E+02,1.052932E+03,2.972288E-02,1.032702E-01,9.940798E+02,8.619868E+02,5.129802E-02,8.446080E-02,9.962847E+02,1.081610E+03,5.141827E-02,1.059932E-01
16:20:00,2.404157E+04,1.302717E+04,1.238939E+00,1.278412E+00,8.447107E+02,3.334795E+03,4.359692E-02,3.272826E-01,2.361656E+03,1.821010E+03,1.218876E-01,1.784214E-01,9.733090E+02,4.499628E+02,5.022864E-02,4.408829E-02,5.759427E+02,1.054359E+03,2.972292E-02,1.034101E-01,9.940826E+02,8.886935E+02,5.129816E-02,8.707757E-02,9.962877E+02,1.072796E+03,5.141843E-02,1.051295E-01
16:30:00,2.404159E+04,1.301829E+04,1.238940E+00,1.277536E+00,8.447138E+02,3.308230E+03,4.359707E-02,3.246739E-01,2.361664E+03,1.807447E+03,1.218881E-01,1.770925E-01,9.733109E+02,4.490433E+02,5.022874E-02,4.399819E-02,5.759435E+02,1.055676E+03,2.972296E-02,1.035392E-01,9.940853E+02,9.139195E+02,5.129830E-02,8.954928E-02,9.962908E+02,1.064088E+03,5.141859E-02,1.042761E-01
16:40:00,2.404161E+04,1.299678E+04,1.238941E+00,1.275420E+00,8.447168E+02,3.280632E+03,4.359723E-02,3.219638E-01,2.361672E+03,1.793036E+03,1.218885E-01,1.756805E-01,9.733129E+02,4.477881E+02,5.022884E-02,4.387520E-02,5.759443E+02,1.056867E+03,2.972300E-02,1.036559E-01,9.940881E+02,9.373617E+02,5.129845E-02,9.184619E-02,9.962939E+02,1.055303E+03,5.141875E-02,1.034153E-01
16:50:00,2.404163E+04,1.296174E+04,1.238942E+00,1.271977E+00,8.447198E+02,3.251935E+03,4.359739E-02,3.191458E-01,2.361681E+03,1.777777E+03,1.218889E-01,1.741854E-01,9.733149E+02,4.461671E+02,5.022895E-02,4.371637E-02,5.759451E+02,1.057908E+03,2.972304E-02,1.037579E-01,9.940909E+02,9.587564E+02,5.129859E-02,9.394248E-02,9.962970E+02,1.046379E+03,5.141891E-02,1.025408E-01
17:00:00,2.404165E+04,1.291245E+04,1.238943E+00,1.267134E+00,8.447229E+02,3.222084E+03,4.359754E-02,3.162145E-01,2.361689E+03,1.761838E+03,1.218893E-01,1.726237E-01,9.733169E+02,4.442164E+02,5.022905E-02,4.352523E-02,5.759459E+02,1.058770E+03,2.972309E-02,1.038424E-01,9.940936E+02,9.778491E+02,5.129873E-02,9.581321E-02,9.963002E+02,1.037241E+03,5.141907E-02,1.016453E-01
17:10:00,2.404167E+04,1.284858E+04,1.238944E+00,1.260860E+00,8.447259E+02,3.191036E+03,4.359770E-02,3.131657E-01,2.361697E+03,1.746022E+03,1.218898E-01,1.710741E-01,9.733189E+02,4.422172E+02,5.022915E-02,4.332934E-02,5.759467E+02,1.059423E+03,2.972313E-02,1.039063E-01,9.940964E+02,9.945642E+02,5.129888E-02,9.745097E-02,9.963033E+02,1.027844E+03,5.141923E-02,1.007244E-01
17:20:00,2.404169E+04,1.276977E+04,1.238945E+00,1.253119E+00,8.447289E+02,3.158757E+03,4.359786E-02,3.099961E-01,2.361705E+03,1.731113E+03,1.218902E-01,1.696134E-01,9.733209E+02,4.404593E+02,5.022926E-02,4.315709E-02,5.759476E+02,1.059836E+03,2.972317E-02,1.039467E-01,9.940992E+02,1.008844E+03,5.129902E-02,9.885010E-02,9.963064E+02,1.018139E+03,5.141940E-02,9.977339E-02
17:30:00,2.404171E+04,1.267561E+04,1.238946E+00,1.243872E+00,8.447319E+02,3.125219E+03,4.359801E-02,3.067028E-01,2.361714E+03,1.717701E+03,1.218906E-01,1.682992E-01,9.733229E+02,4.391765E+02,5.022936E-02,4.303140E-02,5.759484E+02,1.059984E+03,2.972322E-02,1.039612E-01,9.941020E+02,1.020625E+03,5.129916E-02,1.000044E-01,9.963096E+02,1.008099E+03,5.141956E-02,9.878952E-02
17:40:00,2.404173E+04,1.256174E+04,1.238947E+00,1.232690E+00,8.447349E+02,3.090036E+03,4.359817E-02,3.032480E-01,2.361722E+03,1.705284E+03,1.218910E-01,1.670826E-01,9.733249E+02,4.383498E+02,5.022946E-02,4.295040E-02,5.759493E+02,1.059850E+03,2.972326E-02,1.039479E-01,9.941048E+02,1.029160E+03,5.129931E-02,1.008406E-01,9.963127E+02,9.973286E+02,5.141972E-02,9.773401E-02
17:50:00,2.404175E+04,1.242991E+04,1.238948E+00,1.219744E+00,8.447379E+02,3.053368E+03,4.359832E-02,2.996474E-01,2.361730E+03,1.694644E+03,1.218915E-01,1.660402E-01,9.733270E+02,4.381793E+02,5.022957E-02,4.293369E-02,5.759502E+02,1.059411E+03,2.972331E-02,1.039047E-01,9.941076E+02,1.034766E+03,5.129945E-02,1.013900E-01,9.963159E+02,9.860138E+02,5.141988E-02,9.662518E-02
18:00:00,2.404177E+04,1.228035E+04,1.238949E+00,1.205059E+00,8.447409E+02,3.015297E+03,4.359848E-02,2.959091E-01,2.361739E+03,1.685973E+03,1.218919E-01,1.651906E-01,9.733290E+02,4.386957E+02,5.022967E-02,4.298429E-02,5.759511E+02,1.058639E+03,2.972335E-02,1.038290E-01,9.941104E+02,1.037428E+03,5.129960E-02,1.016507E-01,9.963191E+02,9.742060E+02,5.142005E-02,9.546805E-02
18:10:00,2.422203E+04,1.210616E+04,1.248239E+00,1.187956E+00,8.752161E+02,2.974203E+03,4.517135E-02,2.918742E-01,2.465968E+03,1.678271E+03,1.272713E-01,1.644359E-01,9.993350E+02,4.394798E+02,5.157174E-02,4.306113E-02,5.830990E+02,1.057457E+03,3.009224E-02,1.037130E-01,1.037444E+03,1.036711E+03,5.353577E-02,1.015804E-01,1.048782E+03,9.617071E+02,5.412768E-02,9.424320E-02
18:20:00,2.440251E+04,1.190639E+04,1.257532E+00,1.168342E+00,9.057034E+02,2.930071E+03,4.674477E-02,2.875409E-01,2.570250E+03,1.670575E+03,1.326531E-01,1.636819E-01,1.025371E+03,4.401515E+02,5.291514E-02,4.312695E-02,5.902568E+02,1.055848E+03,3.046159E-02,1.035551E-01,1.080818E+03,1.032254E+03,5.577356E-02,1.011437E-01,1.101272E+03,9.485156E+02,5.683646E-02,9.295047E-02
18:30:00,2.458297E+04,1.168024E+04,1.266822E+00,1.146139E+00,9.362133E+02,2.882889E+03,4.831918E-02,2.829080E-01,2.674605E+03,1.662006E+03,1.380380E-01,1.628424E-01,1.051407E+03,4.403267E+02,5.425845E-02,4.314412E-02,5.974123E+02,1.053797E+03,3.083080E-02,1.033538E-01,1.124210E+03,1.023714E+03,5.801191E-02,1.003069E-01,1.153801E+03,9.346331E+02,5.954679E-02,9.159002E-02
18:40:00,2.476347E+04,1.142973E+04,1.276112E+00,1.121544E+00,9.667491E+02,2.833011E+03,4.989466E-02,2.780106E-01,2.779050E+03,1.652640E+03,1.434266E-01,1.619246E-01,1.077458E+03,4.398231E+02,5.560241E-02,4.309478E-02,6.045711E+02,1.051281E+03,3.120018E-02,1.031070E-01,1.167633E+03,1.011167E+03,6.025135E-02,9.907743E-02,1.206373E+03,9.204317E+02,6.225879E-02,9.019832E-02
18:50:00,2.494398E+04,1.115171E+04,1.285402E+00,1.094250E+00,9.973033E+02,2.780253E+03,5.147088E-02,2.728304E-01,2.883556E+03,1.641187E+03,1.488177E-01,1.608025E-01,1.103518E+03,4.381910E+02,5.694676E-02,4.293487E-02,6.117322E+02,1.048281E+03,3.156966E-02,1.028127E-01,1.211071E+03,9.938138E+02,6.249130E-02,9.737709E-02,1.258972E+03,9.057140E+02,6.497174E-02,8.875603E-02
19:00:00,2.512450E+04,1.084511E+04,1.294692E+00,1.064150E+00,1.027870E+03,2.724514E+03,5.304759E-02,2.673575E-01,2.988103E+03,1.626695E+03,1.542104E-01,1.593826E-01,1.129585E+03,4.350343E+02,5.829139E-02,4.262556E-02,6.188953E+02,1.044777E+03,3.193923E-02,1.024689E-01,1.254518E+03,9.712309E+02,6.473152E-02,9.516431E-02,1.311587E+03,8.904222E+02,6.768526E-02,8.725748E-02
19:10:00,2.512478E+04,1.052344E+04,1.294694E+00,1.032571E+00,1.027973E+03,2.670572E+03,5.305193E-02,2.620610E-01,2.988456E+03,1.608157E+03,1.542252E-01,1.575662E-01,1.129654E+03,4.299904E+02,5.829429E-02,4.213133E-02,6.189133E+02,1.040913E+03,3.194006E-02,1.020899E-01,1.254640E+03,9.424738E+02,6.473595E-02,9.234655E-02,1.311752E+03,8.750478E+02,6.769171E-02,8.575083E-02
19:20:00,2.512485E+04,1.019203E+04,1.294693E+00,1.000036E+00,1.028070E+03,2.618545E+03,5.305600E-02,2.569527E-01,2.988777E+03,1.585863E+03,1.542386E-01,1.553819E-01,1.129697E+03,4.229526E+02,5.829606E-02,4.144175E-02,6.189235E+02,1.036634E+03,3.194052E-02,1.016701E-01,1.254726E+03,9.083873E+02,6.473895E-02,8.900660E-02,1.311898E+03,8.596987E+02,6.769735E-02,8.424668E-02
19:30:00,2.512494E+04,9.851772E+03,1.294696E+00,9.666350E-01,1.028149E+03,2.568514E+03,5.305931E-02,2.520407E-01,2.989039E+03,1.559254E+03,1.542495E-01,1.527747E-01,1.129743E+03,4.135460E+02,5.829809E-02,4.052005E-02,6.189380E+02,1.031869E+03,3.194122E-02,1.012027E-01,1.254796E+03,8.687518E+02,6.474157E-02,8.512294E-02,1.312011E+03,8.444358E+02,6.770172E-02,8.275097E-02
19:40:00,2.512501E+04,9.504760E+03,1.294698E+00,9.325721E-01,1.028206E+03,2.520483E+03,5.306170E-02,2.473253E-01,2.989224E+03,1.526939E+03,1.542572E-01,1.496086E-01,1.129778E+03,4.013250E+02,5.829965E-02,3.932259E-02,6.189511E+02,1.026546E+03,3.194186E-02,1.006806E-01,1.254840E+03,8.235902E+02,6.474327E-02,8.069782E-02,1.312085E+03,8.292540E+02,6.770465E-02,8.126322E-02
19:50:00,2.512506E+04,9.159771E+03,1.294701E+00,8.987089E-01,1.028247E+03,2.474560E+03,5.306349E-02,2.428170E-01,2.989357E+03,1.489305E+03,1.542630E-01,1.459212E-01,1.129807E+03,3.862398E+02,5.830098E-02,3.784448E-02,6.189638E+02,1.020591E+03,3.194248E-02,1.000965E-01,1.254870E+03,7.746045E+02,6.474460E-02,7.589799E-02,1.312137E+03,8.142182E+02,6.770684E-02,7.978978E-02
20:00:00,2.512511E+04,8.824784E+03,1.294704E+00,8.658292E-01,1.028278E+03,2.430540E+03,5.306490E-02,2.384957E-01,2.989457E+03,1.447115E+03,1.542675E-01,1.417874E-01,1.129831E+03,3.685703E+02,5.830216E-02,3.611316E-02,6.189762E+02,1.013930E+03,3.194310E-02,9.944317E-02,1.254894E+03,7.237144E+02,6.474576E-02,7.091159E-02,1.312176E+03,7.992291E+02,6.770863E-02,7.832093E-02
20:10:00,2.512516E+04,8.510559E+03,1.294706E+00,8.349890E-01,1.028303E+03,2.387770E+03,5.306605E-02,2.342971E-01,2.989537E+03,1.404658E+03,1.542712E-01,1.376275E-01,1.129853E+03,3.497228E+02,5.830324E-02,3.426641E-02,6.189884E+02,1.006480E+03,3.194372E-02,9.871252E-02,1.254915E+03,6.749710E+02,6.474679E-02,6.613552E-02,1.312208E+03,7.846423E+02,6.771017E-02,7.689149E-02
20:20:00,2.512520E+04,8.219325E+03,1.294708E+00,8.064063E-01,1.028323E+03,2.346324E+03,5.306700E-02,2.302282E-01,2.989602E+03,1.363113E+03,1.542743E-01,1.335569E-01,1.129873E+03,3.302469E+02,5.830423E-02,3.235810E-02,6.190002E+02,9.982586E+02,3.194432E-02,9.790612E-02,1.254933E+03,6.293997E+02,6.474771E-02,6.167028E-02,1.312235E+03,7.705802E+02,6.771150E-02,7.551350E-02
20:30:00,2.512524E+04,7.954900E+03,1.294710E+00,7.804553E-01,1.028339E+03,2.306213E+03,5.306780E-02,2.262902E-01,2.989657E+03,1.323822E+03,1.542770E-01,1.297072E-01,1.129891E+03,3.108703E+02,5.830515E-02,3.045951E-02,6.190116E+02,9.893579E+02,3.194490E-02,9.703314E-02,1.254949E+03,5.884566E+02,6.474852E-02,5.765855E-02,1.312258E+03,7.570222E+02,6.771266E-02,7.418490E-02
20:40:00,2.512528E+04,7.721068E+03,1.294712E+00,7.575069E-01,1.028353E+03,2.267519E+03,5.306849E-02,2.224911E-01,2.989703E+03,1.289109E+03,1.542793E-01,1.263061E-01,1.129908E+03,2.924581E+02,5.830599E-02,2.865543E-02,6.190225E+02,9.799266E+02,3.194545E-02,9.610815E-02,1.254963E+03,5.537545E+02,6.474925E-02,5.425835E-02,1.312278E+03,7.440761E+02,6.771368E-02,7.291626E-02
20:50:00,2.512532E+04,7.513345E+03,1.294714E+00,7.371212E-01,1.028365E+03,2.230210E+03,5.306910E-02,2.188279E-01,2.989744E+03,1.259457E+03,1.542814E-01,1.234007E-01,1.129923E+03,2.755186E+02,5.830677E-02,2.699565E-02,6.190329E+02,9.701557E+02,3.194599E-02,9.514989E-02,1.254976E+03,5.248380E+02,6.474990E-02,5.142505E-02,1.312296E+03,7.317528E+02,6.771459E-02,7.170865E-02
21:00:00,2.512536E+04,7.327500E+03,1.294716E+00,7.188818E-01,1.028376E+03,2.194566E+03,5.306963E-02,2.153280E-01,2.989781E+03,1.235044E+03,1.542832E-01,1.210088E-01,1.129937E+03,2.602798E+02,5.830749E-02,2.550251E-02,6.190427E+02,9.602596E+02,3.194649E-02,9.417938E-02,1.254988E+03,5.010313E+02,6.475050E-02,4.909243E-02,1.312312E+03,7.202399E+02,6.771541E-02,7.058043E-02
21:10:00,2.512540E+04,7.152655E+03,1.294718E+00,7.017215E-01,1.028385E+03,2.159235E+03,5.307011E-02,2.118590E-01,2.989813E+03,1.213250E+03,1.542848E-01,1.188735E-01,1.129950E+03,2.460880E+02,5.830816E-02,2.411196E-02,6.190520E+02,9.504022E+02,3.194696E-02,9.321272E-02,1.254999E+03,4.802544E+02,6.475106E-02,4.705669E-02,1.312327E+03,7.091054E+02,6.771616E-02,6.948930E-02
21:20:00,2.512543E+04,6.984908E+03,1.294720E+00,6.852573E-01,1.028394E+03,2.124108E+03,5.307055E-02,2.084101E-01,2.989843E+03,1.193076E+03,1.542864E-01,1.168968E-01,1.129962E+03,2.327588E+02,5.830878E-02,2.280595E-02,6.190607E+02,9.407513E+02,3.194741E-02,9.226635E-02,1.255009E+03,4.615624E+02,6.475158E-02,4.522521E-02,1.312341E+03,6.982042E+02,6.771686E-02,6.842100E-02
21:30:00,2.512546E+04,6.822964E+03,1.294722E+00,6.693624E-01,1.028402E+03,2.089164E+03,5.307096E-02,2.049793E-01,2.989871E+03,1.174259E+03,1.542878E-01,1.150532E-01,1.129973E+03,2.202487E+02,5.830936E-02,2.158018E-02,6.190689E+02,9.314106E+02,3.194783E-02,9.135045E-02,1.255018E+03,4.445865E+02,6.475207E-02,4.356189E-02,1.312353E+03,6.875618E+02,6.771751E-02,6.737807E-02
21:40:00,2.512550E+04,6.665693E+03,1.294723E+00,6.539261E-01,1.028409E+03,2.054387E+03,5.307134E-02,2.015649E-01,2.989896E+03,1.156538E+03,1.542891E-01,1.133169E-01,1.129984E+03,2.084976E+02,5.830990E-02,2.042879E-02,6.190766E+02,9.224342E+02,3.194823E-02,9.047030E-02,1.255027E+03,4.289165E+02,6.475254E-02,4.202650E-02,1.312365E+03,6.771482E+02,6.771812E-02,6.635755E-02
21:50:00,2.512553E+04,6.512490E+03,1.294725E+00,6.388892E-01,1.028416E+03,2.019765E+03,5.307169E-02,1.981658E-01,2.989920E+03,1.139753E+03,1.542903E-01,1.116723E-01,1.129994E+03,1.974451E+02,5.831041E-02,1.934585E-02,6.190839E+02,9.138403E+02,3.194860E-02,8.962768E-02,1.255036E+03,4.142989E+02,6.475298E-02,4.059423E-02,1.312376E+03,6.669441E+02,6.771869E-02,6.535757E-02
22:00:00,2.512556E+04,6.362691E+03,1.294726E+00,6.241870E-01,1.028423E+03,1.985287E+03,5.307202E-02,1.947808E-01,2.989943E+03,1.123767E+03,1.542915E-01,1.101061E-01,1.130003E+03,1.870292E+02,5.831089E-02,1.832528E-02,6.190907E+02,9.056279E+02,3.194896E-02,8.882250E-02,1.255044E+03,4.005032E+02,6.475340E-02,3.924248E-02,1.312387E+03,6.569242E+02,6.771923E-02,6.437564E-02
22:10:00,2.512559E+04,5.239740E+03,1.294728E+00,5.140214E-01,1.028429E+03,1.747400E+03,5.307234E-02,1.692377E-01,2.989965E+03,9.297899E+02,1.542926E-01,9.110029E-02,1.130012E+03,1.514930E+02,5.831134E-02,1.484341E-02,6.190971E+02,7.512459E+02,3.194929E-02,7.368107E-02,1.255052E+03,3.279889E+02,6.475380E-02,3.213732E-02,1.312397E+03,5.432562E+02,6.771975E-02,5.323667E-02
22:20:00,2.512562E+04,4.142493E+03,1.294730E+00,4.063786E-01,1.028435E+03,1.537005E+03,5.307264E-02,1.458911E-01,2.989985E+03,7.386496E+02,1.542937E-01,7.237248E-02,1.130020E+03,1.178396E+02,5.831176E-02,1.154602E-02,6.191031E+02,5.983278E+02,3.194960E-02,5.868319E-02,1.255059E+03,2.579471E+02,6.475418E-02,2.527441E-02,1.312406E+03,4.325164E+02,6.772025E-02,4.236076E-02
22:30:00,2.512564E+04,3.070401E+03,1.294731E+00,3.012047E-01,1.028440E+03,1.341100E+03,5.307292E-02,1.237833E-01,2.990005E+03,5.502165E+02,1.542947E-01,5.390991E-02,1.130028E+03,8.595930E+01,5.831216E-02,8.422360E-03,6.191088E+02,4.468063E+02,3.194989E-02,4.382223E-02,1.255066E+03,1.902480E+02,6.475455E-02,1.864106E-02,1.312415E+03,3.268141E+02,6.772072E-02,3.191883E-02
22:40:00,2.512567E+04,2.022931E+03,1.294732E+00,1.984475E-01,1.028445E+03,1.156434E+03,5.307320E-02,1.026639E-01,2.990024E+03,3.643656E+02,1.542957E-01,3.570034E-02,1.130035E+03,5.575123E+01,5.831253E-02,5.462548E-03,6.191141E+02,2.966176E+02,3.195016E-02,2.909195E-02,1.255073E+03,1.247562E+02,6.475491E-02,1.222398E-02,1.312424E+03,2.451669E+02,6.772118E-02,2.337946E-02
22:50:00,2.512570E+04,9.995810E+02,1.294734E+00,9.805752E-02,1.028451E+03,9.783285E+02,5.307347E-02,8.217029E-02,2.990042E+03,1.809938E+02,1.542966E-01,1.773368E-02,1.130042E+03,2.712553E+01,5.831289E-02,2.657780E-03,6.191191E+02,1.477008E+02,3.195042E-02,1.448636E-02,1.255080E+03,6.137383E+01,6.475526E-02,6.013587E-03,1.312433E+03,1.650143E+02,6.772162E-02,1.496522E-02
23:00:00,2.512573E+04,0.000000E+00,1.294735E+00,0.000000E+00,1.028456E+03,8.046926E+02,5.307372E-02,6.214197E-02,2.990059E+03,0.000000E+00,1.542975E-01,0.000000E+00,1.130048E+03,0.000000E+00,5.831323E-02,0.000000E+00,6.191239E+02,0.000000E+00,3.195067E-02,0.000000E+00,1.255086E+03,0.000000E+00,6.475559E-02,0.000000E+00,1.312441E+03,8.233386E+01,6.772205E-02,6.389409E-03
23:10:00,2.512575E+04,0.000000E+00,1.294737E+00,0.000000E+00,1.028460E+03,8.391499E+02,5.307397E-02,6.475480E-02,2.990076E+03,0.000000E+00,1.542984E-01,0.000000E+00,1.130055E+03,0.000000E+00,5.831355E-02,0.000000E+00,6.191284E+02,0.000000E+00,3.195090E-02,0.000000E+00,1.255093E+03,0.000000E+00,6.475592E-02,0.000000E+00,1.312449E+03,1.064656E+02,6.772246E-02,8.251203E-03
23:20:00,2.512578E+04,0.000000E+00,1.294738E+00,0.000000E+00,1.028465E+03,8.506761E+02,5.307421E-02,6.564421E-02,2.990093E+03,0.000000E+00,1.542992E-01,0.000000E+00,1.130061E+03,0.000000E+00,5.831386E-02,0.000000E+00,6.191327E+02,0.000000E+00,3.195112E-02,0.000000E+00,1.255099E+03,0.000000E+00,6.475624E-02,0.000000E+00,1.312457E+03,1.291337E+02,6.772286E-02,9.998607E-03
23:30:00,2.512580E+04,0.000000E+00,1.294739E+00,0.000000E+00,1.028470E+03,8.522318E+02,5.307444E-02,6.576423E-02,2.990109E+03,0.000000E+00,1.543000E-01,0.000000E+00,1.130066E+03,0.000000E+00,5.831415E-02,0.000000E+00,6.191367E+02,0.000000E+00,3.195133E-02,0.000000E+00,1.255105E+03,0.000000E+00,6.475655E-02,0.000000E+00,1.312464E+03,1.480649E+02,6.772325E-02,1.144741E-02
23:40:00,2.512583E+04,0.000000E+00,1.294740E+00,0.000000E+00,1.028474E+03,8.470355E+02,5.307467E-02,6.536258E-02,2.990124E+03,0.000000E+00,1.543008E-01,0.000000E+00,1.130072E+03,0.000000E+00,5.831443E-02,0.000000E+00,6.191406E+02,0.000000E+00,3.195153E-02,0.000000E+00,1.255111E+03,0.000000E+00,6.475685E-02,0.000000E+00,1.312472E+03,1.440872E+02,6.772363E-02,1.111648E-02
23:50:00,2.512585E+04,0.000000E+00,1.294742E+00,0.000000E+00,1.028478E+03,8.397412E+02,5.307489E-02,6.479943E-02,2.990139E+03,0.000000E+00,1.543016E-01,0.000000E+00,1.130077E+03,0.000000E+00,5.831470E-02,0.000000E+00,6.191442E+02,0.000000E+00,3.195172E-02,0.000000E+00,1.255117E+03,0.000000E+00,6.475714E-02,0.000000E+00,1.312479E+03,1.396583E+02,6.772400E-02,1.077483E-02
24:00:00,2.512588E+04,0.000000E+00,1.294743E+00,0.000000E+00,1.028482E+03,8.324162E+02,5.307511E-02,6.423308E-02,2.990154E+03,0.000000E+00,1.543024E-01,0.000000E+00,1.130082E+03,0.000000E+00,5.831496E-02,0.000000E+00,6.191477E+02,0.000000E+00,3.195190E-02,0.000000E+00,1.255122E+03,0.000000E+00,6.475743E-02,0.000000E+00,1.312486E+03,1.386953E+02,6.772437E-02,1.070053E-02
Peak,2.512588E+04,1.302717E+04,1.294743E+00,1.278412E+00,1.028482E+03,3.502256E+03,5.307511E-02,3.437283E-01,2.990154E+03,2.337773E+03,1.543024E-01,2.218228E-01,1.130082E+03,4.510135E+02,5.831496E-02,4.419126E-02,6.191477E+02,1.059984E+03,3.195190E-02,1.039612E-01,1.255122E+03,1.037428E+03,6.475743E-02,1.016507E-01,1.312486E+03,1.177862E+03,6.772437E-02,1.154258E-01

Peak Vol Flow (m3/s),,,1.083030E+00,1.069369E+00,,,4.439640E-02,2.875227E-01,,,1.290712E-01,1.855509E-01,,,4.877944E-02,3.696521E-02,,,2.672720E-02,8.696170E-02,,,5.416845E-02,8.502901E-02,,,5.665024E-02,9.655168E-02
