Time,THERMAL ZONE 1:ROME ANN HTG 99.6% CONDNS DB:Des Heat Load [W],THERMAL ZONE 1:ROME ANN CLG .4% CONDNS DB=>MWB:Des Sens Cool Load [W],THERMAL ZONE 1:ROME ANN HTG 99.6% CONDNS DB:Des Heat Mass Flow [kg/s],THERMAL ZONE 1:ROME ANN CLG .4% CONDNS DB=>MWB:Des Cool Mass Flow [kg/s],THERMAL ZONE 2:ROME ANN HTG 99.6% CONDNS DB:Des Heat Load [W],THERMAL ZONE 2:ROME ANN CLG .4% CONDNS DB=>MWB:Des Sens Cool Load [W],THERMAL ZONE 2:ROME ANN HTG 99.6% CONDNS DB:Des Heat Mass Flow [kg/s],THERMAL ZONE 2:ROME ANN CLG .4% CONDNS DB=>MWB:Des Cool Mass Flow [kg/s],THERMAL ZONE 3:ROME ANN HTG 99.6% CONDNS DB:Des Heat Load [W],THERMAL ZONE 3:ROME ANN CLG .4% CONDNS DB=>MWB:Des Sens Cool Load [W],THERMAL ZONE 3:ROME ANN HTG 99.6% CONDNS DB:Des Heat Mass Flow [kg/s],THERMAL ZONE 3:ROME ANN CLG .4% CONDNS DB=>MWB:Des Cool Mass Flow [kg/s],THERMAL ZONE 4:ROME ANN HTG 99.6% CONDNS DB:Des Heat Load [W],THERMAL ZONE 4:ROME ANN CLG .4% CONDNS DB=>MWB:Des Sens Cool Load [W],THERMAL ZONE 4:ROME ANN HTG 99.6% CONDNS DB:Des Heat Mass Flow [kg/s],THERMAL ZONE 4:ROME ANN CLG .4% CONDNS DB=>MWB:Des Cool Mass Flow [kg/s],THERMAL ZONE 5:ROME ANN HTG 99.6% CONDNS DB:Des Heat Load [W],THERMAL ZONE 5:ROME ANN CLG .4% CONDNS DB=>MWB:Des Sens Cool Load [W],THERMAL ZONE 5:ROME ANN HTG 99.6% CONDNS DB:Des Heat Mass Flow [kg/s],THERMAL ZONE 5:ROME ANN CLG .4% CONDNS DB=>MWB:Des Cool Mass Flow [kg/s],THERMAL ZONE 6:ROME ANN HTG 99.6% CONDNS DB:Des Heat Load [W],THERMAL ZONE 6:ROME ANN CLG .4% CONDNS DB=>MWB:Des Sens Cool Load [W],THERMAL ZONE 6:ROME ANN HTG 99.6% CONDNS DB:Des Heat Mass Flow [kg/s],THERMAL ZONE 6:ROME ANN CLG .4% CONDNS DB=>MWB:Des Cool Mass Flow [kg/s],THERMAL ZONE 7:ROME ANN HTG 99.6% CONDNS DB:Des Heat Load [W],THERMAL ZONE 7:ROME ANN CLG .4% CONDNS DB=>MWB:Des Sens Cool Load [W],THERMAL ZONE 7:ROME ANN HTG 99.6% CONDNS DB:Des Heat Mass Flow [kg/s],THERMAL ZONE 7:ROME ANN CLG .4% CONDNS DB=>MWB:Des Cool Mass Flow [kg/s],THERMAL ZONE 8:ROME ANN HTG 99.6% CONDNS DB:Des Heat Load [W],THERMAL ZONE 8:ROME ANN CLG .4% CONDNS DB=>MWB:Des Sens Cool Load [W],THERMAL ZONE 8:ROME ANN HTG 99.6% CONDNS DB:Des Heat Mass Flow [kg/s],THERMAL ZONE 8:ROME ANN CLG .4% CONDNS DB=>MWB:Des Cool Mass Flow [kg/s]
00:15:00,4.907043E+03,1.311716E+03,2.532020E-01,1.012447E-01,4.906524E+03,1.355860E+03,2.531753E-01,1.046536E-01,1.692369E+03,0.000000E+00,8.732767E-02,0.000000E+00,9.071165E+03,1.833810E+03,4.680606E-01,1.415120E-01,6.074807E+03,0.000000E+00,3.135012E-01,0.000000E+00,1.150202E+03,0.000000E+00,5.935788E-02,0.000000E+00,3.193725E+03,0.000000E+00,1.648209E-01,0.000000E+00,3.193562E+03,0.000000E+00,1.648125E-01,0.000000E+00
00:30:00,4.907065E+03,1.277474E+03,2.532031E-01,9.859918E-02,4.906547E+03,1.321994E+03,2.531764E-01,1.020369E-01,1.692383E+03,0.000000E+00,8.732838E-02,0.000000E+00,9.071202E+03,1.798690E+03,4.680625E-01,1.388025E-01,6.074819E+03,0.000000E+00,3.135019E-01,0.000000E+00,1.150207E+03,0.000000E+00,5.935814E-02,0.000000E+00,3.193733E+03,0.000000E+00,1.648213E-01,0.000000E+00,3.193570E+03,0.000000E+00,1.648129E-01,0.000000E+00
00:45:00,4.907086E+03,1.243917E+03,2.532042E-01,9.600670E-02,4.906568E+03,1.288607E+03,2.531775E-01,9.945729E-02,1.692395E+03,0.000000E+00,8.732903E-02,0.000000E+00,9.071237E+03,1.760887E+03,4.680643E-01,1.358853E-01,6.074831E+03,0.000000E+00,3.135025E-01,0.000000E+00,1.150212E+03,0.000000E+00,5.935838E-02,0.000000E+00,3.193740E+03,0.000000E+00,1.648217E-01,0.000000E+00,3.193577E+03,0.000000E+00,1.648133E-01,0.000000E+00
01:00:00,4.907106E+03,1.211278E+03,2.532053E-01,9.348513E-02,4.906587E+03,1.255954E+03,2.531785E-01,9.693445E-02,1.692407E+03,0.000000E+00,8.732963E-02,0.000000E+00,9.071270E+03,1.721344E+03,4.680660E-01,1.328335E-01,6.074842E+03,0.000000E+00,3.135030E-01,0.000000E+00,1.150216E+03,0.000000E+00,5.935860E-02,0.000000E+00,3.193747E+03,0.000000E+00,1.648220E-01,0.000000E+00,3.193584E+03,0.000000E+00,1.648136E-01,0.000000E+00
01:15:00,4.907125E+03,1.180101E+03,2.532062E-01,9.107651E-02,4.906606E+03,1.224554E+03,2.531795E-01,9.450834E-02,1.692418E+03,0.000000E+00,8.733019E-02,0.000000E+00,9.071301E+03,1.682096E+03,4.680676E-01,1.298042E-01,6.074853E+03,0.000000E+00,3.135036E-01,0.000000E+00,1.150220E+03,0.000000E+00,5.935881E-02,0.000000E+00,3.193754E+03,0.000000E+00,1.648224E-01,0.000000E+00,3.193590E+03,0.000000E+00,1.648139E-01,0.000000E+00
01:30:00,4.907143E+03,1.150524E+03,2.532072E-01,8.879107E-02,4.906624E+03,1.194574E+03,2.531804E-01,9.219154E-02,1.692428E+03,0.000000E+00,8.733072E-02,0.000000E+00,9.071331E+03,1.643747E+03,4.680692E-01,1.268443E-01,6.074863E+03,0.000000E+00,3.135041E-01,0.000000E+00,1.150224E+03,0.000000E+00,5.935900E-02,0.000000E+00,3.193760E+03,0.000000E+00,1.648227E-01,0.000000E+00,3.193596E+03,0.000000E+00,1.648142E-01,0.000000E+00
01:45:00,4.907160E+03,1.122286E+03,2.532080E-01,8.660949E-02,4.906642E+03,1.165775E+03,2.531813E-01,8.996648E-02,1.692438E+03,0.000000E+00,8.733121E-02,0.000000E+00,9.071360E+03,1.606676E+03,4.680706E-01,1.239829E-01,6.074872E+03,0.000000E+00,3.135046E-01,0.000000E+00,1.150227E+03,0.000000E+00,5.935917E-02,0.000000E+00,3.193765E+03,0.000000E+00,1.648230E-01,0.000000E+00,3.193602E+03,0.000000E+00,1.648145E-01,0.000000E+00
02:00:00,4.907176E+03,1.095422E+03,2.532089E-01,8.453464E-02,4.906658E+03,1.138218E+03,2.531822E-01,8.783793E-02,1.692447E+03,0.000000E+00,8.733167E-02,0.000000E+00,9.071387E+03,1.571202E+03,4.680720E-01,1.212450E-01,6.074881E+03,0.000000E+00,3.135050E-01,0.000000E+00,1.150230E+03,0.000000E+00,5.935933E-02,0.000000E+00,3.193771E+03,0.000000E+00,1.648232E-01,0.000000E+00,3.193608E+03,0.000000E+00,1.648148E-01,0.000000E+00
02:15:00,4.907192E+03,1.069307E+03,2.532097E-01,8.251809E-02,4.906674E+03,1.111300E+03,2.531830E-01,8.575925E-02,1.692455E+03,0.000000E+00,8.733210E-02,0.000000E+00,9.071413E+03,1.536356E+03,4.680734E-01,1.185556E-01,6.074890E+03,0.000000E+00,3.135055E-01,0.000000E+00,1.150233E+03,0.000000E+00,5.935949E-02,0.000000E+00,3.193776E+03,0.000000E+00,1.648235E-01,0.000000E+00,3.193613E+03,0.000000E+00,1.648151E-01,0.000000E+00
02:30:00,4.907207E+03,1.043941E+03,2.532105E-01,8.055964E-02,4.906689E+03,1.085040E+03,2.531837E-01,8.373179E-02,1.692463E+03,0.000000E+00,8.733251E-02,0.000000E+00,9.071438E+03,1.502253E+03,4.680747E-01,1.159236E-01,6.074898E+03,0.000000E+00,3.135059E-01,0.000000E+00,1.150236E+03,0.000000E+00,5.935963E-02,0.000000E+00,3.193781E+03,0.000000E+00,1.648238E-01,0.000000E+00,3.193618E+03,0.000000E+00,1.648153E-01,0.000000E+00
02:45:00,4.907221E+03,1.019338E+03,2.532112E-01,7.866040E-02,4.906703E+03,1.059472E+03,2.531845E-01,8.175796E-02,1.692471E+03,0.000000E+00,8.733290E-02,0.000000E+00,9.071462E+03,1.469007E+03,4.680759E-01,1.133577E-01,6.074906E+03,0.000000E+00,3.135063E-01,0.000000E+00,1.150239E+03,0.000000E+00,5.935976E-02,0.000000E+00,3.193785E+03,0.000000E+00,1.648240E-01,0.000000E+00,3.193622E+03,0.000000E+00,1.648156E-01,0.000000E+00
03:00:00,4.907235E+03,9.955220E+02,2.532119E-01,7.682200E-02,4.906717E+03,1.034632E+03,2.531852E-01,7.984052E-02,1.692478E+03,0.000000E+00,8.733327E-02,0.000000E+00,9.071484E+03,1.436727E+03,4.680771E-01,1.108664E-01,6.074913E+03,0.000000E+00,3.135067E-01,0.000000E+00,1.150241E+03,0.000000E+00,5.935989E-02,0.000000E+00,3.193790E+03,0.000000E+00,1.648242E-01,0.000000E+00,3.193627E+03,0.000000E+00,1.648158E-01,0.000000E+00
03:15:00,4.907248E+03,9.718416E+02,2.532126E-01,7.499419E-02,4.906730E+03,1.009884E+03,2.531859E-01,7.793027E-02,1.692484E+03,0.000000E+00,8.733362E-02,0.000000E+00,9.071506E+03,1.404266E+03,4.680782E-01,1.083612E-01,6.074920E+03,0.000000E+00,3.135070E-01,0.000000E+00,1.150243E+03,0.000000E+00,5.936001E-02,0.000000E+00,3.193794E+03,0.000000E+00,1.648244E-01,0.000000E+00,3.193631E+03,0.000000E+00,1.648160E-01,0.000000E+00
03:30:00,4.907261E+03,9.482708E+02,2.532133E-01,7.317492E-02,4.906742E+03,9.852122E+02,2.531865E-01,7.602602E-02,1.692491E+03,0.000000E+00,8.733395E-02,0.000000E+00,9.071527E+03,1.371613E+03,4.680793E-01,1.058412E-01,6.074927E+03,0.000000E+00,3.135074E-01,0.000000E+00,1.150245E+03,0.000000E+00,5.936012E-02,0.000000E+00,3.193798E+03,0.000000E+00,1.648247E-01,0.000000E+00,3.193635E+03,0.000000E+00,1.648162E-01,0.000000E+00
03:45:00,4.907273E+03,9.248029E+02,2.532139E-01,7.136362E-02,4.906755E+03,9.606199E+02,2.531871E-01,7.412792E-02,1.692497E+03,0.000000E+00,8.733427E-02,0.000000E+00,9.071547E+03,1.338784E+03,4.680803E-01,1.033075E-01,6.074933E+03,0.000000E+00,3.135077E-01,0.000000E+00,1.150247E+03,0.000000E+00,5.936023E-02,0.000000E+00,3.193802E+03,0.000000E+00,1.648249E-01,0.000000E+00,3.193639E+03,0.000000E+00,1.648164E-01,0.000000E+00
04:00:00,4.907284E+03,9.014385E+02,2.532145E-01,6.956036E-02,4.906766E+03,9.361152E+02,2.531877E-01,7.223663E-02,1.692503E+03,0.000000E+00,8.733457E-02,0.000000E+00,9.071566E+03,1.305805E+03,4.680813E-01,1.007623E-01,6.074939E+03,0.000000E+00,3.135080E-01,0.000000E+00,1.150249E+03,0.000000E+00,5.936033E-02,0.000000E+00,3.193806E+03,0.000000E+00,1.648250E-01,0.000000E+00,3.193642E+03,0.000000E+00,1.648166E-01,0.000000E+00
04:15:00,4.907296E+03,8.788939E+02,2.532151E-01,6.782039E-02,4.906777E+03,9.124226E+02,2.531883E-01,7.040804E-02,1.692509E+03,0.000000E+00,8.733486E-02,0.000000E+00,9.071585E+03,1.273995E+03,4.680823E-01,9.830742E-02,6.074945E+03,0.000000E+00,3.135083E-01,0.000000E+00,1.150251E+03,0.000000E+00,5.936042E-02,0.000000E+00,3.193809E+03,0.000000E+00,1.648252E-01,0.000000E+00,3.193646E+03,0.000000E+00,1.648168E-01,0.000000E+00
04:30:00,4.907306E+03,8.572250E+02,2.532156E-01,6.614803E-02,4.906788E+03,8.896032E+02,2.531889E-01,6.864687E-02,1.692514E+03,0.000000E+00,8.733514E-02,0.000000E+00,9.071602E+03,1.243483E+03,4.680832E-01,9.595260E-02,6.074951E+03,0.000000E+00,3.135086E-01,0.000000E+00,1.150253E+03,0.000000E+00,5.936051E-02,0.000000E+00,3.193813E+03,0.000000E+00,1.648254E-01,0.000000E+00,3.193649E+03,0.000000E+00,1.648170E-01,0.000000E+00
04:45:00,4.907317E+03,8.364601E+02,2.532161E-01,6.454545E-02,4.906798E+03,8.676889E+02,2.531894E-01,6.695558E-02,1.692519E+03,0.000000E+00,8.733540E-02,0.000000E+00,9.071619E+03,1.214345E+03,4.680840E-01,9.370390E-02,6.074956E+03,0.000000E+00,3.135089E-01,0.000000E+00,1.150255E+03,0.000000E+00,5.936060E-02,0.000000E+00,3.193816E+03,0.000000E+00,1.648256E-01,0.000000E+00,3.193653E+03,0.000000E+00,1.648172E-01,0.000000E+00
05:00:00,4.907327E+03,8.166231E+02,2.532167E-01,6.301451E-02,4.906808E+03,8.467073E+02,2.531899E-01,6.533628E-02,1.692524E+03,0.000000E+00,8.733566E-02,0.000000E+00,9.071636E+03,1.186645E+03,4.680849E-01,9.156620E-02,6.074961E+03,0.000000E+00,3.135092E-01,0.000000E+00,1.150256E+03,0.000000E+00,5.936068E-02,0.000000E+00,3.193819E+03,0.000000E+00,1.648257E-01,0.000000E+00,3.193656E+03,0.000000E+00,1.648173E-01,0.000000E+00
05:15:00,4.907336E+03,7.996588E+02,2.532171E-01,6.170526E-02,4.906818E+03,8.286052E+02,2.531904E-01,6.393921E-02,1.692529E+03,0.000000E+00,8.733590E-02,0.000000E+00,9.071651E+03,1.164177E+03,4.680857E-01,8.983223E-02,6.074966E+03,0.000000E+00,3.135094E-01,0.000000E+00,1.150258E+03,0.000000E+00,5.936076E-02,0.000000E+00,3.193822E+03,0.000000E+00,1.648259E-01,0.000000E+00,3.193659E+03,0.000000E+00,1.648175E-01,0.000000E+00
05:30:00,4.907345E+03,7.865130E+02,2.532176E-01,6.069072E-02,4.906827E+03,8.143201E+02,2.531909E-01,6.283673E-02,1.692533E+03,0.000000E+00,8.733613E-02,0.000000E+00,9.071666E+03,1.149375E+03,4.680865E-01,8.868983E-02,6.074971E+03,0.000000E+00,3.135097E-01,0.000000E+00,1.150259E+03,0.000000E+00,5.936084E-02,0.000000E+00,3.193825E+03,0.000000E+00,1.648260E-01,0.000000E+00,3.193662E+03,0.000000E+00,1.648176E-01,0.000000E+00
05:45:00,4.907354E+03,7.781033E+02,2.532181E-01,6.004169E-02,4.906836E+03,8.047668E+02,2.531913E-01,6.209943E-02,1.692537E+03,0.000000E+00,8.733635E-02,0.000000E+00,9.071681E+03,1.148938E+03,4.680872E-01,8.865605E-02,6.074976E+03,0.000000E+00,3.135099E-01,0.000000E+00,1.150261E+03,0.000000E+00,5.936091E-02,0.000000E+00,3.193828E+03,0.000000E+00,1.648262E-01,0.000000E+00,3.193664E+03,0.000000E+00,1.648178E-01,0.000000E+00
06:00:00,4.907362E+03,7.754512E+02,2.532185E-01,5.983701E-02,4.906844E+03,8.009649E+02,2.531918E-01,6.180602E-02,1.692542E+03,0.000000E+00,8.733657E-02,0.000000E+00,9.071695E+03,1.167105E+03,4.680879E-01,9.005806E-02,6.074980E+03,0.000000E+00,3.135101E-01,0.000000E+00,1.150262E+03,0.000000E+00,5.936098E-02,0.000000E+00,3.193830E+03,0.000000E+00,1.648263E-01,0.000000E+00,3.193667E+03,0.000000E+00,1.648179E-01,0.000000E+00
06:15:00,4.588574E+03,1.933416E+03,2.367691E-01,1.620293E-01,4.588056E+03,1.954411E+03,2.367424E-01,1.636874E-01,1.602706E+03,2.951514E+02,8.270097E-02,2.589815E-02,8.525159E+03,2.717475E+03,4.398874E-01,2.243457E-01,5.865564E+03,9.352929E+02,3.027028E-01,8.312478E-02,1.135305E+03,0.000000E+00,5.858909E-02,0.000000E+00,3.081643E+03,5.804934E+02,1.590366E-01,5.137204E-02,3.081480E+03,8.308537E+02,1.590282E-01,7.652255E-02
06:30:00,4.269376E+03,2.400283E+03,2.203013E-01,2.118212E-01,4.268857E+03,2.421491E+03,2.202746E-01,2.136362E-01,1.512765E+03,3.713197E+02,7.806077E-02,3.336203E-02,7.977989E+03,2.799850E+03,4.116591E-01,2.383594E-01,5.655975E+03,1.096579E+03,2.918877E-01,9.892916E-02,1.120332E+03,0.000000E+00,5.781649E-02,0.000000E+00,2.969359E+03,6.603062E+02,1.532424E-01,5.919282E-02,2.969196E+03,1.380232E+03,1.532340E-01,1.303661E-01
06:45:00,3.950177E+03,3.418609E+03,2.038348E-01,3.157381E-01,3.949659E+03,3.439553E+03,2.038081E-01,3.176583E-01,1.422848E+03,5.888074E+02,7.342199E-02,5.467619E-02,7.430732E+03,3.740620E+03,3.834293E-01,3.366561E-01,5.446299E+03,1.764753E+03,2.810691E-01,1.644084E-01,1.105362E+03,0.000000E+00,5.704404E-02,0.000000E+00,2.857042E+03,1.069496E+03,1.474469E-01,9.929058E-02,2.856879E+03,2.220394E+03,1.474385E-01,2.127726E-01
07:00:00,3.630784E+03,4.346097E+03,1.873596E-01,4.108634E-01,3.630265E+03,4.367061E+03,1.873329E-01,4.129107E-01,1.332893E+03,7.586596E+02,6.878148E-02,7.132724E-02,6.883114E+03,4.450712E+03,3.551842E-01,4.126360E-01,5.236462E+03,2.293598E+03,2.702435E-01,2.162594E-01,1.090384E+03,0.000000E+00,5.627128E-02,0.000000E+00,2.744645E+03,1.386990E+03,1.416478E-01,1.304186E-01,2.744482E+03,3.033050E+03,1.416394E-01,2.925249E-01
07:15:00,3.630057E+03,4.193028E+03,1.873288E-01,4.114032E-01,3.629538E+03,4.217641E+03,1.873021E-01,4.138194E-01,1.332754E+03,6.282617E+02,6.877570E-02,6.157723E-02,6.881806E+03,3.645866E+03,3.551308E-01,3.573791E-01,5.235927E+03,1.913553E+03,2.702204E-01,1.875664E-01,1.090361E+03,0.000000E+00,5.627025E-02,0.000000E+00,2.744379E+03,1.138167E+03,1.416360E-01,1.115596E-01,2.744215E+03,3.095331E+03,1.416275E-01,3.036516E-01
07:30:00,3.629646E+03,4.808866E+03,1.873125E-01,4.719565E-01,3.629128E+03,4.833066E+03,1.872857E-01,4.743335E-01,1.332699E+03,7.114210E+02,6.877358E-02,6.972852E-02,6.880968E+03,4.322231E+03,3.550985E-01,4.237066E-01,5.235479E+03,2.330330E+03,2.702016E-01,2.284295E-01,1.090348E+03,0.000000E+00,5.626970E-02,0.000000E+00,2.744163E+03,1.400992E+03,1.416266E-01,1.373264E-01,2.744000E+03,3.518752E+03,1.416182E-01,3.452839E-01
07:45:00,3.629165E+03,4.951450E+03,1.872918E-01,4.860634E-01,3.628647E+03,4.976715E+03,1.872650E-01,4.885449E-01,1.332602E+03,6.491566E+02,6.876913E-02,6.362677E-02,6.880099E+03,4.151119E+03,3.550627E-01,4.069785E-01,5.235055E+03,2.268167E+03,2.701835E-01,2.223576E-01,1.090327E+03,0.000000E+00,5.626875E-02,0.000000E+00,2.743945E+03,1.348315E+03,1.416170E-01,1.321764E-01,2.743782E+03,3.732555E+03,1.416086E-01,3.663308E-01
08:00:00,3.628825E+03,5.261743E+03,1.872772E-01,5.165380E-01,3.628307E+03,5.288977E+03,1.872505E-01,5.192128E-01,1.332525E+03,6.314878E+02,6.876556E-02,6.188999E-02,6.879505E+03,4.218824E+03,3.550383E-01,4.136114E-01,5.234746E+03,2.373146E+03,2.701704E-01,2.326412E-01,1.090309E+03,0.000000E+00,5.626787E-02,0.000000E+00,2.743780E+03,1.402112E+03,1.416098E-01,1.374450E-01,2.743617E+03,4.054503E+03,1.416013E-01,3.979591E-01
08:15:00,3.628572E+03,5.581342E+03,1.872661E-01,5.479410E-01,3.628054E+03,5.611936E+03,1.872394E-01,5.509455E-01,1.332457E+03,6.170412E+02,6.876224E-02,6.047210E-02,6.879080E+03,4.293971E+03,3.550202E-01,4.209814E-01,5.234518E+03,2.482126E+03,2.701606E-01,2.433253E-01,1.090290E+03,0.000000E+00,5.626697E-02,0.000000E+00,2.743652E+03,1.457956E+03,1.416041E-01,1.429191E-01,2.743489E+03,4.384833E+03,1.415956E-01,4.304260E-01
08:30:00,3.628377E+03,5.912473E+03,1.872573E-01,5.804890E-01,3.627859E+03,5.947614E+03,1.872305E-01,5.839400E-01,1.332393E+03,6.069520E+02,6.875911E-02,5.948241E-02,6.878763E+03,4.378772E+03,3.550060E-01,4.292995E-01,5.234348E+03,2.598616E+03,2.701531E-01,2.547473E-01,1.090272E+03,0.000000E+00,5.626605E-02,0.000000E+00,2.743552E+03,1.521380E+03,1.415995E-01,1.491373E-01,2.743389E+03,4.725090E+03,1.415911E-01,4.638762E-01
08:45:00,3.628222E+03,6.254831E+03,1.872501E-01,6.141457E-01,3.627704E+03,6.295427E+03,1.872233E-01,6.181327E-01,1.332335E+03,6.006026E+02,6.875617E-02,5.885976E-02,6.878517E+03,4.471746E+03,3.549946E-01,4.384183E-01,5.234218E+03,2.717259E+03,2.701472E-01,2.663811E-01,1.090254E+03,0.000000E+00,5.626513E-02,0.000000E+00,2.743472E+03,1.590645E+03,1.415959E-01,1.559286E-01,2.743309E+03,5.074204E+03,1.415875E-01,4.982040E-01
09:00:00,3.628097E+03,6.612156E+03,1.872441E-01,6.492728E-01,3.627579E+03,6.658409E+03,1.872174E-01,6.538155E-01,1.332281E+03,5.975513E+02,6.875345E-02,5.856055E-02,6.878322E+03,4.573230E+03,3.549853E-01,4.483703E-01,5.234118E+03,2.836943E+03,2.701425E-01,2.781171E-01,1.090236E+03,0.000000E+00,5.626423E-02,0.000000E+00,2.743408E+03,1.665677E+03,1.415929E-01,1.632858E-01,2.743245E+03,5.433780E+03,1.415845E-01,5.335648E-01
09:15:00,3.627995E+03,6.968702E+03,1.872392E-01,6.843236E-01,3.627477E+03,7.020101E+03,1.872125E-01,6.893722E-01,1.332233E+03,5.969824E+02,6.875095E-02,5.850475E-02,6.878164E+03,4.679176E+03,3.549776E-01,4.587590E-01,5.234038E+03,2.953494E+03,2.701388E-01,2.895461E-01,1.090219E+03,0.000000E+00,5.626336E-02,0.000000E+00,2.743356E+03,1.745371E+03,1.415905E-01,1.711000E-01,2.743193E+03,5.786129E+03,1.415820E-01,5.682231E-01
09:30:00,3.627910E+03,7.325430E+03,1.872351E-01,7.193925E-01,3.627392E+03,7.381170E+03,1.872083E-01,7.248676E-01,1.332188E+03,5.986255E+02,6.874868E-02,5.866581E-02,6.878034E+03,4.790020E+03,3.549712E-01,4.696267E-01,5.233975E+03,3.067792E+03,2.701358E-01,3.007536E-01,1.090203E+03,0.000000E+00,5.626255E-02,0.000000E+00,2.743314E+03,1.827974E+03,1.415884E-01,1.791995E-01,2.743151E+03,6.130681E+03,1.415800E-01,6.021264E-01
09:45:00,3.627839E+03,7.682863E+03,1.872316E-01,7.545314E-01,3.627321E+03,7.742057E+03,1.872048E-01,7.603456E-01,1.332148E+03,6.022799E+02,6.874663E-02,5.902402E-02,6.877926E+03,4.903838E+03,3.549658E-01,4.807859E-01,5.233924E+03,3.180416E+03,2.701334E-01,3.117966E-01,1.090188E+03,0.000000E+00,5.626179E-02,0.000000E+00,2.743279E+03,1.912628E+03,1.415868E-01,1.875001E-01,2.743116E+03,6.468013E+03,1.415784E-01,6.353211E-01
10:00:00,3.627779E+03,8.038151E+03,1.872286E-01,7.894603E-01,3.627261E+03,8.100427E+03,1.872018E-01,7.955770E-01,1.332112E+03,6.077940E+02,6.874477E-02,5.956452E-02,6.877833E+03,5.019775E+03,3.549612E-01,4.921529E-01,5.233881E+03,3.292835E+03,2.701313E-01,3.228192E-01,1.090175E+03,0.000000E+00,5.626110E-02,0.000000E+00,2.743250E+03,1.998585E+03,1.415854E-01,1.959282E-01,2.743087E+03,6.796957E+03,1.415770E-01,6.676916E-01
10:15:00,3.627727E+03,8.389082E+03,1.872259E-01,8.239609E-01,3.627209E+03,8.454310E+03,1.871992E-01,8.303675E-01,1.332079E+03,6.150333E+02,6.874309E-02,6.027410E-02,6.877752E+03,5.137136E+03,3.549571E-01,5.036592E-01,5.233846E+03,3.404269E+03,2.701296E-01,3.337449E-01,1.090162E+03,0.000000E+00,5.626046E-02,0.000000E+00,2.743226E+03,2.084032E+03,1.415842E-01,2.043065E-01,2.743063E+03,7.117981E+03,1.415758E-01,6.992822E-01
10:30:00,3.627681E+03,8.733810E+03,1.872236E-01,8.578516E-01,3.627163E+03,8.801930E+03,1.871969E-01,8.645423E-01,1.332050E+03,6.238568E+02,6.874157E-02,6.113895E-02,6.877681E+03,5.256166E+03,3.549535E-01,5.153290E-01,5.233816E+03,3.514719E+03,2.701281E-01,3.445745E-01,1.090151E+03,0.000000E+00,5.625988E-02,0.000000E+00,2.743205E+03,2.167787E+03,1.415832E-01,2.125190E-01,2.743042E+03,7.430664E+03,1.415747E-01,7.300445E-01
10:45:00,3.627640E+03,9.070868E+03,1.872215E-01,8.909881E-01,3.627122E+03,9.141717E+03,1.871948E-01,8.979468E-01,1.332023E+03,6.341210E+02,6.874020E-02,6.214499E-02,6.877618E+03,5.376246E+03,3.549503E-01,5.271017E-01,5.233790E+03,3.623120E+03,2.701268E-01,3.552034E-01,1.090141E+03,0.000000E+00,5.625935E-02,0.000000E+00,2.743187E+03,2.249029E+03,1.415823E-01,2.204851E-01,2.743024E+03,7.733631E+03,1.415738E-01,7.598501E-01
11:00:00,3.627603E+03,9.399655E+03,1.872197E-01,9.233112E-01,3.627085E+03,9.472912E+03,1.871929E-01,9.305065E-01,1.331999E+03,6.456804E+02,6.873897E-02,6.327795E-02,6.877560E+03,5.496879E+03,3.549473E-01,5.389284E-01,5.233767E+03,3.728760E+03,2.701256E-01,3.655617E-01,1.090132E+03,0.000000E+00,5.625887E-02,0.000000E+00,2.743171E+03,2.327050E+03,1.415815E-01,2.281355E-01,2.743008E+03,8.027115E+03,1.415731E-01,7.887260E-01
11:15:00,3.627570E+03,9.706467E+03,1.872180E-01,9.534749E-01,3.627052E+03,9.781825E+03,1.871912E-01,9.608766E-01,1.331978E+03,6.580626E+02,6.873785E-02,6.449155E-02,6.877507E+03,5.613477E+03,3.549446E-01,5.503594E-01,5.233747E+03,3.827479E+03,2.701246E-01,3.752415E-01,1.090123E+03,0.000000E+00,5.625844E-02,0.000000E+00,2.743157E+03,2.399121E+03,1.415808E-01,2.352026E-01,2.742994E+03,8.298162E+03,1.415724E-01,8.153914E-01
11:30:00,3.627540E+03,9.990768E+03,1.872164E-01,9.814240E-01,3.627022E+03,1.006809E+04,1.871897E-01,9.890181E-01,1.331958E+03,6.711261E+02,6.873683E-02,6.577190E-02,6.877459E+03,5.724886E+03,3.549421E-01,5.612814E-01,5.233728E+03,3.917771E+03,2.701237E-01,3.840950E-01,1.090116E+03,0.000000E+00,5.625804E-02,0.000000E+00,2.743145E+03,2.464868E+03,1.415802E-01,2.416497E-01,2.742982E+03,8.546480E+03,1.415717E-01,8.398146E-01
11:45:00,3.627512E+03,1.025188E+04,1.872150E-01,1.007092E+00,3.626993E+03,1.033122E+04,1.871882E-01,1.014885E+00,1.331940E+03,6.847271E+02,6.873590E-02,6.710489E-02,6.877414E+03,5.830900E+03,3.549398E-01,5.716740E-01,5.233712E+03,3.999941E+03,2.701228E-01,3.921520E-01,1.090109E+03,0.000000E+00,5.625769E-02,0.000000E+00,2.743134E+03,2.523749E+03,1.415796E-01,2.474239E-01,2.742971E+03,8.771769E+03,1.415712E-01,8.619682E-01
12:00:00,3.627485E+03,1.048918E+04,1.872136E-01,1.030418E+00,3.626967E+03,1.057078E+04,1.871869E-01,1.038433E+00,1.331923E+03,6.987251E+02,6.873505E-02,6.847678E-02,6.877371E+03,5.931305E+03,3.549376E-01,5.815166E-01,5.233696E+03,4.074160E+03,2.701220E-01,3.994294E-01,1.090102E+03,0.000000E+00,5.625736E-02,0.000000E+00,2.743124E+03,2.575195E+03,1.415791E-01,2.524693E-01,2.742961E+03,8.973175E+03,1.415707E-01,8.817674E-01
12:15:00,3.627461E+03,1.071528E+04,1.872124E-01,1.052642E+00,3.626943E+03,1.079933E+04,1.871856E-01,1.060898E+00,1.331908E+03,7.133181E+02,6.873427E-02,6.990695E-02,6.877332E+03,6.029983E+03,3.549355E-01,5.911897E-01,5.233682E+03,4.144133E+03,2.701213E-01,4.062904E-01,1.090097E+03,0.000000E+00,5.625707E-02,0.000000E+00,2.743115E+03,2.620504E+03,1.415786E-01,2.569135E-01,2.742952E+03,9.163252E+03,1.415702E-01,9.004530E-01
12:30:00,3.627438E+03,1.092982E+04,1.872112E-01,1.073731E+00,3.626920E+03,1.101637E+04,1.871845E-01,1.082231E+00,1.331894E+03,7.283733E+02,6.873355E-02,7.138242E-02,6.877294E+03,6.126767E+03,3.549336E-01,6.006773E-01,5.233669E+03,4.210018E+03,2.701206E-01,4.127508E-01,1.090091E+03,0.000000E+00,5.625680E-02,0.000000E+00,2.743107E+03,2.660766E+03,1.415782E-01,2.608639E-01,2.742944E+03,9.341883E+03,1.415698E-01,9.180159E-01
12:45:00,3.627417E+03,1.113243E+04,1.872101E-01,1.093647E+00,3.626899E+03,1.122139E+04,1.871834E-01,1.102384E+00,1.331882E+03,7.437772E+02,6.873289E-02,7.289204E-02,6.877259E+03,6.221555E+03,3.549318E-01,6.099694E-01,5.233657E+03,4.272010E+03,2.701200E-01,4.188298E-01,1.090087E+03,0.000000E+00,5.625655E-02,0.000000E+00,2.743099E+03,2.696740E+03,1.415778E-01,2.643934E-01,2.742936E+03,9.508951E+03,1.415694E-01,9.344439E-01
13:00:00,3.627396E+03,1.132270E+04,1.872090E-01,1.112349E+00,3.626878E+03,1.141391E+04,1.871823E-01,1.121309E+00,1.331870E+03,7.594244E+02,6.873228E-02,7.442550E-02,6.877226E+03,6.314184E+03,3.549301E-01,6.190498E-01,5.233645E+03,4.330201E+03,2.701194E-01,4.245361E-01,1.090082E+03,0.000000E+00,5.625632E-02,0.000000E+00,2.743092E+03,2.728963E+03,1.415774E-01,2.675543E-01,2.742929E+03,9.664305E+03,1.415690E-01,9.497210E-01
13:15:00,3.627377E+03,1.149597E+04,1.872080E-01,1.129382E+00,3.626859E+03,1.158922E+04,1.871813E-01,1.138542E+00,1.331859E+03,7.751044E+02,6.873171E-02,7.596217E-02,6.877194E+03,6.403043E+03,3.549284E-01,6.277606E-01,5.233634E+03,4.383332E+03,2.701188E-01,4.297464E-01,1.090078E+03,0.000000E+00,5.625611E-02,0.000000E+00,2.743085E+03,2.757648E+03,1.415771E-01,2.703672E-01,2.742922E+03,9.803510E+03,1.415687E-01,9.634109E-01
13:30:00,3.627359E+03,1.165186E+04,1.872071E-01,1.144705E+00,3.626841E+03,1.174672E+04,1.871804E-01,1.154022E+00,1.331848E+03,7.907234E+02,6.873118E-02,7.749284E-02,6.877164E+03,6.487775E+03,3.549269E-01,6.360668E-01,5.233624E+03,4.431381E+03,2.701183E-01,4.344583E-01,1.090074E+03,0.000000E+00,5.625592E-02,0.000000E+00,2.743079E+03,2.781820E+03,1.415768E-01,2.727359E-01,2.742916E+03,9.926192E+03,1.415684E-01,9.754755E-01
13:45:00,3.627341E+03,1.179019E+04,1.872062E-01,1.158302E+00,3.626823E+03,1.188592E+04,1.871795E-01,1.167705E+00,1.331839E+03,8.061785E+02,6.873068E-02,7.900744E-02,6.877135E+03,6.568001E+03,3.549254E-01,6.439310E-01,5.233615E+03,4.474114E+03,2.701178E-01,4.386488E-01,1.090071E+03,2.463910E+00,5.625574E-02,2.418230E-04,2.743073E+03,2.800900E+03,1.415765E-01,2.746055E-01,2.742910E+03,1.003210E+04,1.415680E-01,9.858901E-01
14:00:00,3.627325E+03,1.191069E+04,1.872053E-01,1.170145E+00,3.626807E+03,1.200647E+04,1.871786E-01,1.179553E+00,1.331830E+03,8.213659E+02,6.873021E-02,8.049578E-02,6.877108E+03,6.643319E+03,3.549240E-01,6.513140E-01,5.233606E+03,4.511327E+03,2.701173E-01,4.422981E-01,1.090068E+03,8.460691E+00,5.625557E-02,8.293841E-04,2.743067E+03,2.814846E+03,1.415762E-01,2.759722E-01,2.742904E+03,1.012110E+04,1.415678E-01,9.946419E-01
14:15:00,3.627309E+03,1.200437E+04,1.872045E-01,1.179352E+00,3.626791E+03,1.209941E+04,1.871778E-01,1.188687E+00,1.331821E+03,8.359661E+02,6.872977E-02,8.192658E-02,6.877081E+03,6.709702E+03,3.549226E-01,6.578210E-01,5.233597E+03,4.539593E+03,2.701169E-01,4.450702E-01,1.090065E+03,1.613795E+01,5.625541E-02,1.581613E-03,2.743062E+03,2.822356E+03,1.415759E-01,2.767077E-01,2.742899E+03,1.018465E+04,1.415675E-01,1.000891E+00
14:30:00,3.627294E+03,1.207060E+04,1.872037E-01,1.185860E+00,3.626776E+03,1.216430E+04,1.871770E-01,1.195063E+00,1.331813E+03,8.498684E+02,6.872936E-02,8.328897E-02,6.877056E+03,6.766674E+03,3.549213E-01,6.634052E-01,5.233589E+03,4.558946E+03,2.701165E-01,4.469682E-01,1.090062E+03,2.602071E+01,5.625527E-02,2.549950E-03,2.743057E+03,2.823244E+03,1.415756E-01,2.767939E-01,2.742894E+03,1.022256E+04,1.415672E-01,1.004617E+00
14:45:00,3.627279E+03,1.210852E+04,1.872030E-01,1.189583E+00,3.626761E+03,1.220053E+04,1.871763E-01,1.198621E+00,1.331805E+03,8.629541E+02,6.872896E-02,8.457131E-02,6.877032E+03,6.813893E+03,3.549201E-01,6.680330E-01,5.233581E+03,4.569498E+03,2.701161E-01,4.480029E-01,1.090059E+03,3.499271E+01,5.625513E-02,3.428660E-03,2.743052E+03,2.817533E+03,1.415754E-01,2.762331E-01,2.742889E+03,1.023477E+04,1.415670E-01,1.005814E+00
15:00:00,3.627265E+03,1.211714E+04,1.872023E-01,1.190426E+00,3.626747E+03,1.220711E+04,1.871755E-01,1.199263E+00,1.331798E+03,8.751001E+02,6.872859E-02,8.576156E-02,6.877009E+03,6.850932E+03,3.549189E-01,6.716627E-01,5.233573E+03,4.571203E+03,2.701157E-01,4.481698E-01,1.090057E+03,4.166105E+01,5.625500E-02,4.082087E-03,2.743048E+03,2.805226E+03,1.415752E-01,2.750252E-01,2.742884E+03,1.022139E+04,1.415667E-01,1.004494E+00
15:15:00,3.627252E+03,1.209158E+04,1.872016E-01,1.187909E+00,3.626734E+03,1.217904E+04,1.871749E-01,1.196499E+00,1.331791E+03,8.860761E+02,6.872824E-02,8.683713E-02,6.876987E+03,6.876813E+03,3.549178E-01,6.741984E-01,5.233566E+03,4.563419E+03,2.701153E-01,4.474059E-01,1.090054E+03,4.706786E+01,5.625488E-02,4.611906E-03,2.743043E+03,2.785753E+03,1.415749E-01,2.731151E-01,2.742880E+03,1.017819E+04,1.415665E-01,1.000242E+00
15:30:00,3.627239E+03,1.203216E+04,1.872009E-01,1.182063E+00,3.626721E+03,1.211653E+04,1.871742E-01,1.190349E+00,1.331785E+03,8.957540E+02,6.872790E-02,8.778548E-02,6.876966E+03,6.890890E+03,3.549167E-01,6.755768E-01,5.233559E+03,4.545759E+03,2.701150E-01,4.456736E-01,1.090052E+03,5.039744E+01,5.625477E-02,4.938186E-03,2.743039E+03,2.759584E+03,1.415747E-01,2.705485E-01,2.742876E+03,1.010554E+04,1.415663E-01,9.930922E-01
15:45:00,3.627227E+03,1.193980E+04,1.872003E-01,1.172978E+00,3.626709E+03,1.202043E+04,1.871736E-01,1.180897E+00,1.331779E+03,9.040107E+02,6.872758E-02,8.859454E-02,6.876946E+03,6.892516E+03,3.549157E-01,6.757346E-01,5.233553E+03,4.517839E+03,2.701146E-01,4.429351E-01,1.090050E+03,5.201033E+01,5.625466E-02,5.096244E-03,2.743035E+03,2.727327E+03,1.415745E-01,2.673851E-01,2.742872E+03,1.000391E+04,1.415661E-01,9.830923E-01
16:00:00,3.627215E+03,1.181859E+04,1.871997E-01,1.161056E+00,3.626697E+03,1.189571E+04,1.871730E-01,1.168630E+00,1.331773E+03,9.107398E+02,6.872728E-02,8.925389E-02,6.876927E+03,6.881205E+03,3.549147E-01,6.746239E-01,5.233547E+03,4.479486E+03,2.701143E-01,4.391733E-01,1.090048E+03,5.195416E+01,5.625455E-02,5.090746E-03,2.743031E+03,2.689752E+03,1.415743E-01,2.637007E-01,2.742868E+03,9.873904E+03,1.415659E-01,9.703012E-01
16:15:00,3.627204E+03,1.168844E+04,1.871991E-01,1.148255E+00,3.626686E+03,1.176301E+04,1.871724E-01,1.155578E+00,1.331767E+03,9.163050E+02,6.872699E-02,8.979916E-02,6.876908E+03,6.862063E+03,3.549137E-01,6.727455E-01,5.233541E+03,4.435720E+03,2.701140E-01,4.348806E-01,1.090046E+03,5.061014E+01,5.625446E-02,4.959045E-03,2.743028E+03,2.650875E+03,1.415742E-01,2.598888E-01,2.742865E+03,9.733851E+03,1.415657E-01,9.565206E-01
16:30:00,3.627193E+03,1.155086E+04,1.871986E-01,1.134725E+00,3.626675E+03,1.162413E+04,1.871718E-01,1.141922E+00,1.331762E+03,9.206967E+02,6.872671E-02,9.022945E-02,6.876891E+03,6.835114E+03,3.549128E-01,6.701019E-01,5.233535E+03,4.386677E+03,2.701137E-01,4.300703E-01,1.090044E+03,4.803228E+01,5.625437E-02,4.706439E-03,2.743024E+03,2.611016E+03,1.415740E-01,2.559814E-01,2.742861E+03,9.586250E+03,1.415656E-01,9.419997E-01
16:45:00,3.627183E+03,1.140648E+04,1.871980E-01,1.120529E+00,3.626665E+03,1.148015E+04,1.871713E-01,1.127764E+00,1.331757E+03,9.239461E+02,6.872644E-02,9.054780E-02,6.876873E+03,6.800277E+03,3.549119E-01,6.666853E-01,5.233530E+03,4.332399E+03,2.701134E-01,4.247470E-01,1.090043E+03,4.430600E+01,5.625428E-02,4.341300E-03,2.743021E+03,2.571040E+03,1.415738E-01,2.520613E-01,2.742858E+03,9.431920E+03,1.415654E-01,9.268189E-01
17:00:00,3.627173E+03,1.125240E+04,1.871975E-01,1.105379E+00,3.626655E+03,1.132727E+04,1.871708E-01,1.112733E+00,1.331752E+03,9.260945E+02,6.872619E-02,9.075825E-02,6.876857E+03,6.755921E+03,3.549111E-01,6.623355E-01,5.233525E+03,4.271232E+03,2.701132E-01,4.187481E-01,1.090041E+03,3.953114E+01,5.625419E-02,3.873416E-03,2.743018E+03,2.529957E+03,1.415736E-01,2.480316E-01,2.742855E+03,9.270839E+03,1.415652E-01,9.109755E-01
17:15:00,3.627163E+03,1.108784E+04,1.871970E-01,1.089199E+00,3.626645E+03,1.116420E+04,1.871703E-01,1.096699E+00,1.331747E+03,9.271461E+02,6.872594E-02,9.086122E-02,6.876841E+03,6.702437E+03,3.549102E-01,6.570909E-01,5.233520E+03,4.204083E+03,2.701129E-01,4.121627E-01,1.090039E+03,3.379225E+01,5.625411E-02,3.311075E-03,2.743015E+03,2.487366E+03,1.415735E-01,2.438536E-01,2.742852E+03,9.103194E+03,1.415651E-01,8.944869E-01
17:30:00,3.627154E+03,1.091260E+04,1.871965E-01,1.071969E+00,3.626636E+03,1.099028E+04,1.871698E-01,1.079600E+00,1.331742E+03,9.270716E+02,6.872571E-02,9.085384E-02,6.876826E+03,6.640355E+03,3.549095E-01,6.510034E-01,5.233515E+03,4.131532E+03,2.701127E-01,4.050478E-01,1.090038E+03,2.716162E+01,5.625404E-02,2.661365E-03,2.743012E+03,2.443562E+03,1.415733E-01,2.395559E-01,2.742849E+03,8.927497E+03,1.415649E-01,8.772072E-01
17:45:00,3.627145E+03,1.072667E+04,1.871961E-01,1.053688E+00,3.626627E+03,1.080513E+04,1.871693E-01,1.061395E+00,1.331738E+03,9.258308E+02,6.872548E-02,9.073215E-02,6.876812E+03,6.570314E+03,3.549087E-01,6.441357E-01,5.233510E+03,4.054162E+03,2.701124E-01,3.974601E-01,1.090037E+03,1.969978E+01,5.625396E-02,1.930220E-03,2.743009E+03,2.397883E+03,1.415732E-01,2.350752E-01,2.742846E+03,8.743507E+03,1.415648E-01,8.591121E-01
18:00:00,3.627137E+03,1.053064E+04,1.871956E-01,1.034414E+00,3.626619E+03,1.060937E+04,1.871689E-01,1.042147E+00,1.331734E+03,9.233900E+02,6.872527E-02,9.049287E-02,6.876798E+03,6.497950E+03,3.549080E-01,6.370403E-01,5.233506E+03,3.978300E+03,2.701122E-01,3.900201E-01,1.090035E+03,1.186568E+01,5.625389E-02,1.162614E-03,2.743007E+03,2.351067E+03,1.415731E-01,2.304835E-01,2.742844E+03,8.551482E+03,1.415646E-01,8.402272E-01
18:15:00,3.945925E+03,1.031075E+04,2.036482E-01,1.012796E+00,3.945407E+03,1.038917E+04,2.036215E-01,1.020499E+00,1.421570E+03,9.194233E+02,7.336132E-02,9.010406E-02,7.423334E+03,6.420881E+03,3.831144E-01,6.294839E-01,5.442922E+03,3.901308E+03,2.809206E-01,3.824695E-01,1.104992E+03,5.864535E+00,5.702580E-02,5.746103E-04,2.855194E+03,2.300524E+03,1.473633E-01,2.255265E-01,2.855030E+03,8.337748E+03,1.473549E-01,8.192092E-01
18:30:00,4.264881E+03,1.006610E+04,2.201080E-01,9.887435E-01,4.264363E+03,1.014388E+04,2.200813E-01,9.963841E-01,1.511485E+03,9.139611E+02,7.800071E-02,8.956868E-02,7.970126E+03,6.335969E+03,4.113317E-01,6.211587E-01,5.652402E+03,3.819029E+03,2.917319E-01,3.744007E-01,1.119964E+03,1.860680E+00,5.779835E-02,1.823090E-04,2.967415E+03,2.245672E+03,1.531551E-01,2.201472E-01,2.967252E+03,8.101909E+03,1.531467E-01,7.960168E-01
18:45:00,4.584054E+03,9.796395E+03,2.365764E-01,9.622272E-01,4.583536E+03,9.873353E+03,2.365497E-01,9.697865E-01,1.601400E+03,9.070087E+02,8.263969E-02,8.888726E-02,8.517359E+03,6.237159E+03,4.395660E-01,6.114709E-01,5.862063E+03,3.723978E+03,3.025511E-01,3.650798E-01,1.134934E+03,0.000000E+00,5.857079E-02,0.000000E+00,3.079721E+03,2.186458E+03,1.589507E-01,2.143403E-01,3.079558E+03,7.844136E+03,1.589423E-01,7.706675E-01
19:00:00,4.903478E+03,9.501304E+03,2.530545E-01,9.332155E-01,4.902960E+03,9.577336E+03,2.530278E-01,9.406838E-01,1.691355E+03,8.985118E+02,8.728032E-02,8.805447E-02,9.065045E+03,6.116481E+03,4.678167E-01,5.996388E-01,6.071913E+03,3.607463E+03,3.133780E-01,3.536545E-01,1.149911E+03,0.000000E+00,5.934354E-02,0.000000E+00,3.192121E+03,2.122767E+03,1.647503E-01,2.080948E-01,3.191958E+03,7.564493E+03,1.647419E-01,7.431688E-01
19:15:00,4.904260E+03,9.222276E+03,2.530851E-01,9.057799E-01,4.903742E+03,9.297364E+03,2.530584E-01,9.131554E-01,1.691495E+03,8.893471E+02,8.728569E-02,8.715624E-02,9.066451E+03,5.989686E+03,4.678692E-01,5.872064E-01,6.072478E+03,3.486861E+03,3.134016E-01,3.418278E-01,1.149934E+03,0.000000E+00,5.934454E-02,0.000000E+00,3.192401E+03,2.062397E+03,1.647624E-01,2.021747E-01,3.192238E+03,7.303297E+03,1.647540E-01,7.174819E-01
19:30:00,4.904969E+03,8.961042E+03,2.531119E-01,8.800969E-01,4.904451E+03,9.035228E+03,2.530852E-01,8.873839E-01,1.691575E+03,8.794331E+02,8.728860E-02,8.618459E-02,9.067752E+03,5.863301E+03,4.679160E-01,5.748147E-01,6.073068E+03,3.370989E+03,3.134258E-01,3.304649E-01,1.149948E+03,0.000000E+00,5.934511E-02,0.000000E+00,3.192696E+03,2.006996E+03,1.647750E-01,1.967422E-01,3.192533E+03,7.061209E+03,1.647666E-01,6.936768E-01
19:45:00,4.905520E+03,8.718554E+03,2.531326E-01,8.562598E-01,4.905002E+03,8.791924E+03,2.531059E-01,8.634666E-01,1.691674E+03,8.687930E+02,8.729281E-02,8.514179E-02,9.068708E+03,5.745210E+03,4.679496E-01,5.632366E-01,6.073539E+03,3.268849E+03,3.134447E-01,3.204487E-01,1.149968E+03,0.000000E+00,5.934603E-02,0.000000E+00,3.192943E+03,1.957086E+03,1.647854E-01,1.918483E-01,3.192780E+03,6.838482E+03,1.647769E-01,6.717754E-01
20:00:00,4.905866E+03,8.495681E+03,2.531457E-01,8.343519E-01,4.905348E+03,8.568355E+03,2.531190E-01,8.414904E-01,1.691751E+03,8.575625E+02,8.729625E-02,8.404115E-02,9.069281E+03,5.641150E+03,4.679702E-01,5.530351E-01,6.073862E+03,3.186351E+03,3.134577E-01,3.123592E-01,1.149986E+03,0.000000E+00,5.934690E-02,0.000000E+00,3.193123E+03,1.913307E+03,1.647929E-01,1.875559E-01,3.192959E+03,6.635273E+03,1.647845E-01,6.517915E-01
20:15:00,4.906093E+03,8.282614E+03,2.531551E-01,8.134093E-01,4.905574E+03,8.354725E+03,2.531283E-01,8.204926E-01,1.691820E+03,8.457378E+02,8.729954E-02,8.288228E-02,9.069642E+03,5.544094E+03,4.679848E-01,5.435208E-01,6.074082E+03,3.112941E+03,3.134669E-01,3.051618E-01,1.150005E+03,0.000000E+00,5.934781E-02,0.000000E+00,3.193252E+03,1.872992E+03,1.647985E-01,1.836034E-01,3.193089E+03,6.441892E+03,1.647901E-01,6.327728E-01
20:30:00,4.906255E+03,8.078567E+03,2.531625E-01,7.933533E-01,4.905737E+03,8.150257E+03,2.531357E-01,8.003951E-01,1.691884E+03,8.335108E+02,8.730272E-02,8.168399E-02,9.069900E+03,5.451787E+03,4.679966E-01,5.344722E-01,6.074236E+03,3.044213E+03,3.134736E-01,2.984237E-01,1.150024E+03,0.000000E+00,5.934876E-02,0.000000E+00,3.193348E+03,1.834936E+03,1.648027E-01,1.798725E-01,3.193185E+03,6.258149E+03,1.647943E-01,6.147011E-01
20:45:00,4.906382E+03,7.883213E+03,2.531686E-01,7.741513E-01,4.905864E+03,7.954623E+03,2.531418E-01,7.811657E-01,1.691943E+03,8.210106E+02,8.730574E-02,8.045893E-02,9.070102E+03,5.363214E+03,4.680066E-01,5.257896E-01,6.074348E+03,2.978677E+03,3.134787E-01,2.919984E-01,1.150043E+03,0.000000E+00,5.934972E-02,0.000000E+00,3.193420E+03,1.798628E+03,1.648060E-01,1.763129E-01,3.193257E+03,6.083925E+03,1.647976E-01,5.975675E-01
21:00:00,4.906485E+03,7.696419E+03,2.531736E-01,7.557912E-01,4.905967E+03,7.767685E+03,2.531469E-01,7.627914E-01,1.691998E+03,8.083178E+02,8.730854E-02,7.921500E-02,9.070267E+03,5.277887E+03,4.680148E-01,5.174249E-01,6.074434E+03,2.915030E+03,3.134827E-01,2.857579E-01,1.150062E+03,0.000000E+00,5.935066E-02,0.000000E+00,3.193477E+03,1.763655E+03,1.648087E-01,1.728840E-01,3.193313E+03,5.919374E+03,1.648002E-01,5.813871E-01
21:15:00,4.906570E+03,7.509171E+03,2.531779E-01,7.373876E-01,4.906052E+03,7.580406E+03,2.531511E-01,7.443848E-01,1.692047E+03,7.952623E+02,8.731108E-02,7.793554E-02,9.070402E+03,5.193092E+03,4.680216E-01,5.091124E-01,6.074500E+03,2.851230E+03,3.134858E-01,2.795021E-01,1.150079E+03,0.000000E+00,5.935156E-02,0.000000E+00,3.193521E+03,1.728379E+03,1.648108E-01,1.694253E-01,3.193358E+03,5.755424E+03,1.648023E-01,5.652684E-01
21:30:00,4.906640E+03,7.321498E+03,2.531814E-01,7.189421E-01,4.906122E+03,7.392797E+03,2.531547E-01,7.259455E-01,1.692092E+03,7.818826E+02,8.731338E-02,7.662430E-02,9.070515E+03,5.108737E+03,4.680272E-01,5.008430E-01,6.074552E+03,2.787152E+03,3.134884E-01,2.732191E-01,1.150096E+03,0.000000E+00,5.935240E-02,0.000000E+00,3.193557E+03,1.692865E+03,1.648125E-01,1.659432E-01,3.193393E+03,5.591902E+03,1.648040E-01,5.491917E-01
21:45:00,4.906700E+03,7.133425E+03,2.531844E-01,7.004573E-01,4.906182E+03,7.204854E+03,2.531577E-01,7.074734E-01,1.692132E+03,7.682083E+02,8.731545E-02,7.528419E-02,9.070609E+03,5.025145E+03,4.680320E-01,4.926484E-01,6.074594E+03,2.722785E+03,3.134904E-01,2.669078E-01,1.150111E+03,0.000000E+00,5.935318E-02,0.000000E+00,3.193586E+03,1.657154E+03,1.648139E-01,1.624418E-01,3.193422E+03,5.427912E+03,1.648054E-01,5.330695E-01
22:00:00,4.906752E+03,6.945037E+03,2.531870E-01,6.819418E-01,4.906233E+03,7.016638E+03,2.531603E-01,6.889748E-01,1.692168E+03,7.542661E+02,8.731731E-02,7.391783E-02,9.070692E+03,4.942193E+03,4.680362E-01,4.845169E-01,6.074630E+03,2.658120E+03,3.134922E-01,2.605674E-01,1.150125E+03,0.000000E+00,5.935389E-02,0.000000E+00,3.193609E+03,1.621285E+03,1.648150E-01,1.589250E-01,3.193446E+03,5.263177E+03,1.648066E-01,5.168705E-01
22:15:00,4.906797E+03,5.260208E+03,2.531893E-01,5.139370E-01,4.906279E+03,5.324185E+03,2.531626E-01,5.200354E-01,1.692201E+03,5.604521E+02,8.731899E-02,5.492410E-02,9.070764E+03,3.801198E+03,4.680399E-01,3.700611E-01,6.074659E+03,1.969321E+03,3.134937E-01,1.930459E-01,1.150137E+03,0.000000E+00,5.935453E-02,0.000000E+00,3.193630E+03,1.202501E+03,1.648160E-01,1.178738E-01,3.193467E+03,3.885618E+03,1.648076E-01,3.815795E-01
22:30:00,4.906838E+03,3.752739E+03,2.531914E-01,3.607604E-01,4.906319E+03,3.808840E+03,2.531647E-01,3.658969E-01,1.692230E+03,3.700949E+02,8.732049E-02,3.626916E-02,9.070830E+03,2.831399E+03,4.680433E-01,2.693394E-01,6.074685E+03,1.296652E+03,3.134950E-01,1.271060E-01,1.150148E+03,0.000000E+00,5.935511E-02,0.000000E+00,3.193647E+03,7.926687E+02,1.648169E-01,7.770023E-02,3.193484E+03,2.548933E+03,1.648085E-01,2.503076E-01
22:45:00,4.906874E+03,2.354655E+03,2.531933E-01,2.169402E-01,4.906356E+03,2.402696E+03,2.531666E-01,2.210808E-01,1.692256E+03,1.832585E+02,8.732184E-02,1.795926E-02,9.070889E+03,1.999557E+03,4.680464E-01,1.796374E-01,6.074708E+03,6.401872E+02,3.134961E-01,6.275501E-02,1.150159E+03,0.000000E+00,5.935564E-02,0.000000E+00,3.193662E+03,3.918245E+02,1.648177E-01,3.840795E-02,3.193499E+03,1.253744E+03,1.648093E-01,1.231147E-01
23:00:00,4.906908E+03,1.040531E+03,2.531951E-01,8.052891E-02,4.906390E+03,1.080716E+03,2.531683E-01,8.368524E-02,1.692280E+03,0.000000E+00,8.732306E-02,0.000000E+00,9.070944E+03,1.274017E+03,4.680492E-01,9.850607E-02,6.074728E+03,0.000000E+00,3.134972E-01,0.000000E+00,1.150168E+03,0.000000E+00,5.935611E-02,0.000000E+00,3.193675E+03,0.000000E+00,1.648184E-01,0.000000E+00,3.193512E+03,0.000000E+00,1.648099E-01,0.000000E+00
23:15:00,4.906939E+03,1.261363E+03,2.531966E-01,9.757356E-02,4.906421E+03,1.302136E+03,2.531699E-01,1.007468E-01,1.692301E+03,0.000000E+00,8.732417E-02,0.000000E+00,9.070994E+03,1.609724E+03,4.680518E-01,1.243872E-01,6.074747E+03,0.000000E+00,3.134981E-01,0.000000E+00,1.150176E+03,0.000000E+00,5.935654E-02,0.000000E+00,3.193687E+03,0.000000E+00,1.648190E-01,0.000000E+00,3.193524E+03,0.000000E+00,1.648105E-01,0.000000E+00
23:30:00,4.906967E+03,1.349991E+03,2.531981E-01,1.042680E-01,4.906449E+03,1.391601E+03,2.531714E-01,1.074844E-01,1.692321E+03,0.000000E+00,8.732517E-02,0.000000E+00,9.071041E+03,1.804663E+03,4.680542E-01,1.393184E-01,6.074763E+03,0.000000E+00,3.134990E-01,0.000000E+00,1.150183E+03,0.000000E+00,5.935692E-02,0.000000E+00,3.193698E+03,0.000000E+00,1.648195E-01,0.000000E+00,3.193535E+03,0.000000E+00,1.648111E-01,0.000000E+00
23:45:00,4.906994E+03,1.367661E+03,2.531995E-01,1.055659E-01,4.906476E+03,1.410415E+03,2.531728E-01,1.088677E-01,1.692338E+03,0.000000E+00,8.732608E-02,0.000000E+00,9.071085E+03,1.874570E+03,4.680565E-01,1.446548E-01,6.074779E+03,0.000000E+00,3.134998E-01,0.000000E+00,1.150190E+03,0.000000E+00,5.935727E-02,0.000000E+00,3.193708E+03,0.000000E+00,1.648200E-01,0.000000E+00,3.193545E+03,0.000000E+00,1.648116E-01,0.000000E+00
24:00:00,4.907019E+03,1.339568E+03,2.532008E-01,1.033975E-01,4.906501E+03,1.383314E+03,2.531741E-01,1.067760E-01,1.692354E+03,0.000000E+00,8.732691E-02,0.000000E+00,9.071126E+03,1.849724E+03,4.680586E-01,1.427394E-01,6.074793E+03,0.000000E+00,3.135005E-01,0.000000E+00,1.150196E+03,0.000000E+00,5.935759E-02,0.000000E+00,3.193717E+03,0.000000E+00,1.648205E-01,0.000000E+00,3.193554E+03,0.000000E+00,1.648121E-01,0.000000E+00
Peak,4.907362E+03,1.211714E+04,2.532185E-01,1.190426E+00,4.906844E+03,1.220711E+04,2.531918E-01,1.199263E+00,1.692542E+03,9.271461E+02,8.733657E-02,9.086122E-02,9.071695E+03,6.892516E+03,4.680879E-01,6.757346E-01,6.074980E+03,4.571203E+03,3.135101E-01,4.481698E-01,1.150262E+03,5.201033E+01,5.936098E-02,5.096244E-03,3.193830E+03,2.823244E+03,1.648263E-01,2.767939E-01,3.193667E+03,1.023477E+04,1.648179E-01,1.005814E+00

Peak Vol Flow (m3/s),,,2.103353E-01,9.888242E-01,,,2.103130E-01,9.961647E-01,,,7.254588E-02,7.547362E-02,,,3.888160E-01,5.612971E-01,,,2.604163E-01,3.722710E-01,,,4.930804E-02,4.233181E-03,,,1.369125E-01,2.299181E-01,,,1.369055E-01,8.354769E-01
