Time,THERMAL ZONE 1:LONDON/GATWICK ANN HTG 99.6% CONDNS DB:Des Heat Load [W],THERMAL ZONE 1:LONDON/GATWICK ANN CLG .4% CONDNS DB=>MWB:Des Sens Cool Load [W],THERMAL ZONE 1:LONDON/GATWICK ANN HTG 99.6% CONDNS DB:Des Heat Mass Flow [kg/s],THERMAL ZONE 1:LONDON/GATWICK ANN CLG .4% CONDNS DB=>MWB:Des Cool Mass Flow [kg/s],THERMAL ZONE 2:LONDON/GATWICK ANN HTG 99.6% CONDNS DB:Des Heat Load [W],THERMAL ZONE 2:LONDON/GATWICK ANN CLG .4% CONDNS DB=>MWB:Des Sens Cool Load [W],THERMAL ZONE 2:LONDON/GATWICK ANN HTG 99.6% CONDNS DB:Des Heat Mass Flow [kg/s],THERMAL ZONE 2:LONDON/GATWICK ANN CLG .4% CONDNS DB=>MWB:Des Cool Mass Flow [kg/s],THERMAL ZONE 3:LONDON/GATWICK ANN HTG 99.6% CONDNS DB:Des Heat Load [W],THERMAL ZONE 3:LONDON/GATWICK ANN CLG .4% CONDNS DB=>MWB:Des Sens Cool Load [W],THERMAL ZONE 3:LONDON/GATWICK ANN HTG 99.6% CONDNS DB:Des Heat Mass Flow [kg/s],THERMAL ZONE 3:LONDON/GATWICK ANN CLG .4% CONDNS DB=>MWB:Des Cool Mass Flow [kg/s],THERMAL ZONE 4:LONDON/GATWICK ANN HTG 99.6% CONDNS DB:Des Heat Load [W],THERMAL ZONE 4:LONDON/GATWICK ANN CLG .4% CONDNS DB=>MWB:Des Sens Cool Load [W],THERMAL ZONE 4:LONDON/GATWICK ANN HTG 99.6% CONDNS DB:Des Heat Mass Flow [kg/s],THERMAL ZONE 4:LONDON/GATWICK ANN CLG .4% CONDNS DB=>MWB:Des Cool Mass Flow [kg/s],THERMAL ZONE 5:LONDON/GATWICK ANN HTG 99.6% CONDNS DB:Des Heat Load [W],THERMAL ZONE 5:LONDON/GATWICK ANN CLG .4% CONDNS DB=>MWB:Des Sens Cool Load [W],THERMAL ZONE 5:LONDON/GATWICK ANN HTG 99.6% CONDNS DB:Des Heat Mass Flow [kg/s],THERMAL ZONE 5:LONDON/GATWICK ANN CLG .4% CONDNS DB=>MWB:Des Cool Mass Flow [kg/s],THERMAL ZONE 6:LONDON/GATWICK ANN HTG 99.6% CONDNS DB:Des Heat Load [W],THERMAL ZONE 6:LONDON/GATWICK ANN CLG .4% CONDNS DB=>MWB:Des Sens Cool Load [W],THERMAL ZONE 6:LONDON/GATWICK ANN HTG 99.6% CONDNS DB:Des Heat Mass Flow [kg/s],THERMAL ZONE 6:LONDON/GATWICK ANN CLG .4% CONDNS DB=>MWB:Des Cool Mass Flow [kg/s],THERMAL ZONE 7:LONDON/GATWICK ANN HTG 99.6% CONDNS DB:Des Heat Load [W],THERMAL ZONE 7:LONDON/GATWICK ANN CLG .4% CONDNS DB=>MWB:Des Sens Cool Load [W],THERMAL ZONE 7:LONDON/GATWICK ANN HTG 99.6% CONDNS DB:Des Heat Mass Flow [kg/s],THERMAL ZONE 7:LONDON/GATWICK ANN CLG .4% CONDNS DB=>MWB:Des Cool Mass Flow [kg/s]
00:10:00,2.531635E+04,0.000000E+00,1.304561E+00,0.000000E+00,1.062606E+03,8.534144E+02,5.483607E-02,6.585289E-02,3.086584E+03,0.000000E+00,1.592785E-01,0.000000E+00,1.158030E+03,0.000000E+00,5.975714E-02,0.000000E+00,6.303100E+02,0.000000E+00,3.252794E-02,0.000000E+00,1.287975E+03,0.000000E+00,6.645245E-02,0.000000E+00,1.351066E+03,1.535191E+02,6.971508E-02,1.184428E-02
00:20:00,2.531636E+04,0.000000E+00,1.304561E+00,0.000000E+00,1.062607E+03,8.502333E+02,5.483613E-02,6.560728E-02,3.086590E+03,0.000000E+00,1.592788E-01,0.000000E+00,1.158032E+03,0.000000E+00,5.975727E-02,0.000000E+00,6.303120E+02,0.000000E+00,3.252804E-02,0.000000E+00,1.287977E+03,0.000000E+00,6.645257E-02,0.000000E+00,1.351069E+03,1.505729E+02,6.971524E-02,1.161696E-02
00:30:00,2.531636E+04,0.000000E+00,1.304561E+00,0.000000E+00,1.062608E+03,8.471668E+02,5.483619E-02,6.537030E-02,3.086595E+03,0.000000E+00,1.592791E-01,0.000000E+00,1.158035E+03,0.000000E+00,5.975739E-02,0.000000E+00,6.303139E+02,0.000000E+00,3.252814E-02,0.000000E+00,1.287979E+03,0.000000E+00,6.645268E-02,0.000000E+00,1.351072E+03,1.472753E+02,6.971539E-02,1.136255E-02
00:40:00,2.531637E+04,0.000000E+00,1.304562E+00,0.000000E+00,1.062609E+03,8.442472E+02,5.483624E-02,6.514420E-02,3.086600E+03,0.000000E+00,1.592793E-01,0.000000E+00,1.158037E+03,0.000000E+00,5.975750E-02,0.000000E+00,6.303157E+02,0.000000E+00,3.252823E-02,0.000000E+00,1.287981E+03,0.000000E+00,6.645279E-02,0.000000E+00,1.351075E+03,1.436937E+02,6.971553E-02,1.108621E-02
00:50:00,2.531637E+04,0.000000E+00,1.304562E+00,0.000000E+00,1.062610E+03,8.414827E+02,5.483629E-02,6.492970E-02,3.086605E+03,0.000000E+00,1.592796E-01,0.000000E+00,1.158039E+03,0.000000E+00,5.975760E-02,0.000000E+00,6.303174E+02,0.000000E+00,3.252832E-02,0.000000E+00,1.287983E+03,0.000000E+00,6.645289E-02,0.000000E+00,1.351077E+03,1.398678E+02,6.971567E-02,1.079102E-02
01:00:00,2.531638E+04,0.000000E+00,1.304562E+00,0.000000E+00,1.062611E+03,8.388752E+02,5.483634E-02,6.472710E-02,3.086609E+03,0.000000E+00,1.592798E-01,0.000000E+00,1.158041E+03,0.000000E+00,5.975770E-02,0.000000E+00,6.303190E+02,0.000000E+00,3.252840E-02,0.000000E+00,1.287985E+03,0.000000E+00,6.645299E-02,0.000000E+00,1.351080E+03,1.358363E+02,6.971580E-02,1.047997E-02
01:10:00,2.531638E+04,0.000000E+00,1.304562E+00,0.000000E+00,1.062612E+03,8.321451E+02,5.483640E-02,6.420630E-02,3.086614E+03,0.000000E+00,1.592801E-01,0.000000E+00,1.158043E+03,0.000000E+00,5.975780E-02,0.000000E+00,6.303205E+02,0.000000E+00,3.252848E-02,0.000000E+00,1.287987E+03,0.000000E+00,6.645309E-02,0.000000E+00,1.351083E+03,1.312508E+02,6.971594E-02,1.012618E-02
01:20:00,2.531639E+04,0.000000E+00,1.304563E+00,0.000000E+00,1.062613E+03,8.257502E+02,5.483645E-02,6.371123E-02,3.086619E+03,0.000000E+00,1.592803E-01,0.000000E+00,1.158045E+03,0.000000E+00,5.975789E-02,0.000000E+00,6.303220E+02,0.000000E+00,3.252856E-02,0.000000E+00,1.287989E+03,0.000000E+00,6.645319E-02,0.000000E+00,1.351085E+03,1.265868E+02,6.971608E-02,9.766329E-03
01:30:00,2.531639E+04,0.000000E+00,1.304563E+00,0.000000E+00,1.062614E+03,8.195099E+02,5.483650E-02,6.322843E-02,3.086623E+03,0.000000E+00,1.592805E-01,0.000000E+00,1.158046E+03,0.000000E+00,5.975798E-02,0.000000E+00,6.303234E+02,0.000000E+00,3.252863E-02,0.000000E+00,1.287991E+03,0.000000E+00,6.645329E-02,0.000000E+00,1.351088E+03,1.218651E+02,6.971621E-02,9.402028E-03
01:40:00,2.531640E+04,0.000000E+00,1.304563E+00,0.000000E+00,1.062615E+03,8.134041E+02,5.483655E-02,6.275649E-02,3.086628E+03,0.000000E+00,1.592808E-01,0.000000E+00,1.158048E+03,0.000000E+00,5.975807E-02,0.000000E+00,6.303247E+02,0.000000E+00,3.252870E-02,0.000000E+00,1.287993E+03,0.000000E+00,6.645339E-02,0.000000E+00,1.351090E+03,1.171155E+02,6.971634E-02,9.035574E-03
01:50:00,2.531640E+04,0.000000E+00,1.304563E+00,0.000000E+00,1.062616E+03,8.074362E+02,5.483659E-02,6.229557E-02,3.086632E+03,0.000000E+00,1.592810E-01,0.000000E+00,1.158050E+03,0.000000E+00,5.975815E-02,0.000000E+00,6.303259E+02,0.000000E+00,3.252876E-02,0.000000E+00,1.287995E+03,0.000000E+00,6.645348E-02,0.000000E+00,1.351093E+03,1.123623E+02,6.971647E-02,8.668847E-03
02:00:00,2.531640E+04,0.000000E+00,1.304564E+00,0.000000E+00,1.062617E+03,8.016147E+02,5.483664E-02,6.184619E-02,3.086636E+03,0.000000E+00,1.592812E-01,0.000000E+00,1.158051E+03,0.000000E+00,5.975823E-02,0.000000E+00,6.303271E+02,0.000000E+00,3.252882E-02,0.000000E+00,1.287997E+03,0.000000E+00,6.645357E-02,0.000000E+00,1.351095E+03,1.076298E+02,6.971659E-02,8.303723E-03
02:10:00,2.531641E+04,0.000000E+00,1.304564E+00,0.000000E+00,1.062618E+03,7.958888E+02,5.483668E-02,6.140430E-02,3.086640E+03,0.000000E+00,1.592814E-01,0.000000E+00,1.158052E+03,0.000000E+00,5.975830E-02,0.000000E+00,6.303282E+02,0.000000E+00,3.252888E-02,0.000000E+00,1.287998E+03,0.000000E+00,6.645366E-02,0.000000E+00,1.351097E+03,1.028648E+02,6.971671E-02,7.936087E-03
02:20:00,2.531641E+04,0.000000E+00,1.304564E+00,0.000000E+00,1.062619E+03,7.902599E+02,5.483672E-02,6.096994E-02,3.086644E+03,0.000000E+00,1.592816E-01,0.000000E+00,1.158054E+03,0.000000E+00,5.975837E-02,0.000000E+00,6.303293E+02,0.000000E+00,3.252893E-02,0.000000E+00,1.288000E+03,0.000000E+00,6.645375E-02,0.000000E+00,1.351100E+03,9.808266E+01,6.971682E-02,7.567131E-03
02:30:00,2.531642E+04,0.000000E+00,1.304564E+00,0.000000E+00,1.062619E+03,7.847294E+02,5.483676E-02,6.054320E-02,3.086647E+03,0.000000E+00,1.592818E-01,0.000000E+00,1.158055E+03,0.000000E+00,5.975844E-02,0.000000E+00,6.303303E+02,0.000000E+00,3.252899E-02,0.000000E+00,1.288002E+03,0.000000E+00,6.645383E-02,0.000000E+00,1.351102E+03,9.329492E+01,6.971693E-02,7.197743E-03
02:40:00,2.531642E+04,0.000000E+00,1.304564E+00,0.000000E+00,1.062620E+03,7.792983E+02,5.483680E-02,6.012415E-02,3.086651E+03,0.000000E+00,1.592819E-01,0.000000E+00,1.158056E+03,0.000000E+00,5.975851E-02,0.000000E+00,6.303313E+02,0.000000E+00,3.252904E-02,0.000000E+00,1.288003E+03,0.000000E+00,6.645391E-02,0.000000E+00,1.351104E+03,8.851275E+01,6.971704E-02,6.828788E-03
02:50:00,2.531642E+04,0.000000E+00,1.304565E+00,0.000000E+00,1.062621E+03,7.739674E+02,5.483684E-02,5.971284E-02,3.086654E+03,0.000000E+00,1.592821E-01,0.000000E+00,1.158058E+03,0.000000E+00,5.975857E-02,0.000000E+00,6.303322E+02,0.000000E+00,3.252908E-02,0.000000E+00,1.288005E+03,0.000000E+00,6.645399E-02,0.000000E+00,1.351106E+03,8.374441E+01,6.971715E-02,6.460900E-03
03:00:00,2.531643E+04,0.000000E+00,1.304565E+00,0.000000E+00,1.062622E+03,7.687369E+02,5.483688E-02,5.930928E-02,3.086658E+03,0.000000E+00,1.592823E-01,0.000000E+00,1.158059E+03,0.000000E+00,5.975863E-02,0.000000E+00,6.303331E+02,0.000000E+00,3.252913E-02,0.000000E+00,1.288006E+03,0.000000E+00,6.645407E-02,0.000000E+00,1.351108E+03,7.899844E+01,6.971725E-02,6.094738E-03
03:10:00,2.531643E+04,0.000000E+00,1.304565E+00,0.000000E+00,1.062622E+03,7.635485E+02,5.483692E-02,5.890898E-02,3.086661E+03,0.000000E+00,1.592825E-01,0.000000E+00,1.158060E+03,0.000000E+00,5.975869E-02,0.000000E+00,6.303339E+02,0.000000E+00,3.252917E-02,0.000000E+00,1.288008E+03,0.000000E+00,6.645414E-02,0.000000E+00,1.351110E+03,7.420899E+01,6.971736E-02,5.725224E-03
03:20:00,2.531643E+04,0.000000E+00,1.304565E+00,0.000000E+00,1.062623E+03,7.583988E+02,5.483695E-02,5.851166E-02,3.086664E+03,0.000000E+00,1.592826E-01,0.000000E+00,1.158061E+03,0.000000E+00,5.975875E-02,0.000000E+00,6.303348E+02,0.000000E+00,3.252922E-02,0.000000E+00,1.288009E+03,0.000000E+00,6.645422E-02,0.000000E+00,1.351112E+03,6.938082E+01,6.971746E-02,5.352723E-03
03:30:00,2.531644E+04,0.000000E+00,1.304565E+00,0.000000E+00,1.062624E+03,7.532861E+02,5.483699E-02,5.811720E-02,3.086667E+03,0.000000E+00,1.592828E-01,0.000000E+00,1.158062E+03,0.000000E+00,5.975880E-02,0.000000E+00,6.303355E+02,0.000000E+00,3.252926E-02,0.000000E+00,1.288011E+03,0.000000E+00,6.645429E-02,0.000000E+00,1.351114E+03,6.451775E+01,6.971755E-02,4.977530E-03
03:40:00,2.531644E+04,0.000000E+00,1.304565E+00,0.000000E+00,1.062624E+03,7.482086E+02,5.483702E-02,5.772546E-02,3.086670E+03,0.000000E+00,1.592830E-01,0.000000E+00,1.158063E+03,0.000000E+00,5.975885E-02,0.000000E+00,6.303363E+02,0.000000E+00,3.252929E-02,0.000000E+00,1.288012E+03,0.000000E+00,6.645436E-02,0.000000E+00,1.351116E+03,5.962328E+01,6.971765E-02,4.599916E-03
03:50:00,2.531644E+04,0.000000E+00,1.304566E+00,0.000000E+00,1.062625E+03,7.431646E+02,5.483705E-02,5.733630E-02,3.086673E+03,0.000000E+00,1.592831E-01,0.000000E+00,1.158064E+03,0.000000E+00,5.975890E-02,0.000000E+00,6.303370E+02,0.000000E+00,3.252933E-02,0.000000E+00,1.288013E+03,0.000000E+00,6.645443E-02,0.000000E+00,1.351117E+03,5.469987E+01,6.971774E-02,4.220070E-03
04:00:00,2.531645E+04,0.000000E+00,1.304566E+00,0.000000E+00,1.062626E+03,7.381523E+02,5.483708E-02,5.694959E-02,3.086676E+03,0.000000E+00,1.592833E-01,0.000000E+00,1.158065E+03,0.000000E+00,5.975895E-02,0.000000E+00,6.303377E+02,0.000000E+00,3.252937E-02,0.000000E+00,1.288015E+03,0.000000E+00,6.645450E-02,0.000000E+00,1.351119E+03,4.975016E+01,6.971783E-02,3.838196E-03
04:10:00,2.531645E+04,0.000000E+00,1.304566E+00,0.000000E+00,1.062626E+03,7.332292E+02,5.483712E-02,5.656976E-02,3.086679E+03,0.000000E+00,1.592834E-01,0.000000E+00,1.158066E+03,0.000000E+00,5.975900E-02,0.000000E+00,6.303384E+02,0.000000E+00,3.252940E-02,0.000000E+00,1.288016E+03,0.000000E+00,6.645456E-02,0.000000E+00,1.351121E+03,4.484922E+01,6.971792E-02,3.460086E-03
04:20:00,2.531645E+04,0.000000E+00,1.304566E+00,0.000000E+00,1.062627E+03,7.296329E+02,5.483715E-02,5.629229E-02,3.086682E+03,0.000000E+00,1.592835E-01,0.000000E+00,1.158067E+03,0.000000E+00,5.975905E-02,0.000000E+00,6.303390E+02,0.000000E+00,3.252944E-02,0.000000E+00,1.288017E+03,0.000000E+00,6.645463E-02,0.000000E+00,1.351122E+03,4.085801E+01,6.971801E-02,3.152162E-03
04:30:00,2.531646E+04,0.000000E+00,1.304566E+00,0.000000E+00,1.062627E+03,7.289711E+02,5.483718E-02,5.624124E-02,3.086684E+03,0.000000E+00,1.592837E-01,0.000000E+00,1.158068E+03,0.000000E+00,5.975909E-02,0.000000E+00,6.303396E+02,0.000000E+00,3.252947E-02,0.000000E+00,1.288018E+03,0.000000E+00,6.645469E-02,0.000000E+00,1.351124E+03,3.879219E+01,6.971809E-02,2.992780E-03
04:40:00,2.531646E+04,0.000000E+00,1.304566E+00,0.000000E+00,1.062628E+03,7.325410E+02,5.483721E-02,5.651667E-02,3.086687E+03,0.000000E+00,1.592838E-01,0.000000E+00,1.158069E+03,0.000000E+00,5.975913E-02,0.000000E+00,6.303402E+02,0.000000E+00,3.252950E-02,0.000000E+00,1.288020E+03,0.000000E+00,6.645475E-02,0.000000E+00,1.351126E+03,3.956437E+01,6.971817E-02,3.052351E-03
04:50:00,2.531646E+04,0.000000E+00,1.304567E+00,0.000000E+00,1.062629E+03,7.424540E+02,5.483723E-02,5.728149E-02,3.086690E+03,0.000000E+00,1.592839E-01,0.000000E+00,1.158069E+03,0.000000E+00,5.975918E-02,0.000000E+00,6.303408E+02,0.000000E+00,3.252953E-02,0.000000E+00,1.288021E+03,0.000000E+00,6.645481E-02,0.000000E+00,1.351127E+03,4.464442E+01,6.971825E-02,3.444276E-03
05:00:00,2.531647E+04,0.000000E+00,1.304567E+00,0.000000E+00,1.062629E+03,7.586002E+02,5.483726E-02,5.852725E-02,3.086692E+03,2.107068E+01,1.592841E-01,1.638827E-03,1.158070E+03,0.000000E+00,5.975922E-02,0.000000E+00,6.303414E+02,0.000000E+00,3.252956E-02,0.000000E+00,1.288022E+03,0.000000E+00,6.645487E-02,0.000000E+00,1.351129E+03,5.403246E+01,6.971833E-02,4.168573E-03
05:10:00,2.531647E+04,0.000000E+00,1.304567E+00,0.000000E+00,1.062630E+03,7.821128E+02,5.483729E-02,6.034135E-02,3.086695E+03,6.781411E+01,1.592842E-01,5.245309E-03,1.158071E+03,0.000000E+00,5.975926E-02,0.000000E+00,6.303419E+02,0.000000E+00,3.252959E-02,0.000000E+00,1.288023E+03,0.000000E+00,6.645493E-02,0.000000E+00,1.351130E+03,6.871138E+01,6.971841E-02,5.301076E-03
05:20:00,2.531647E+04,0.000000E+00,1.304567E+00,0.000000E+00,1.062630E+03,8.112632E+02,5.483732E-02,6.259044E-02,3.086697E+03,1.261063E+02,1.592843E-01,9.742655E-03,1.158072E+03,0.000000E+00,5.975930E-02,0.000000E+00,6.303424E+02,0.000000E+00,3.252961E-02,0.000000E+00,1.288024E+03,0.000000E+00,6.645498E-02,0.000000E+00,1.351132E+03,8.746119E+01,6.971849E-02,6.747676E-03
05:30:00,2.531647E+04,0.000000E+00,1.304567E+00,0.000000E+00,1.062631E+03,8.441284E+02,5.483734E-02,6.512615E-02,3.086699E+03,2.012392E+02,1.592844E-01,1.553936E-02,1.158072E+03,0.000000E+00,5.975933E-02,0.000000E+00,6.303429E+02,0.000000E+00,3.252964E-02,0.000000E+00,1.288025E+03,0.000000E+00,6.645504E-02,0.000000E+00,1.351133E+03,1.089882E+02,6.971856E-02,8.408565E-03
05:40:00,2.531648E+04,0.000000E+00,1.304567E+00,0.000000E+00,1.062631E+03,8.792202E+02,5.483737E-02,6.783364E-02,3.086701E+03,2.927207E+02,1.592846E-01,2.259751E-02,1.158073E+03,0.000000E+00,5.975937E-02,0.000000E+00,6.303434E+02,0.000000E+00,3.252966E-02,0.000000E+00,1.288026E+03,0.000000E+00,6.645509E-02,0.000000E+00,1.351135E+03,1.319193E+02,6.971863E-02,1.017782E-02
05:50:00,2.531648E+04,0.000000E+00,1.304567E+00,0.000000E+00,1.062632E+03,9.140177E+02,5.483739E-02,7.051843E-02,3.086704E+03,3.989909E+02,1.592847E-01,3.079676E-02,1.158074E+03,0.000000E+00,5.975941E-02,0.000000E+00,6.303439E+02,0.000000E+00,3.252969E-02,0.000000E+00,1.288027E+03,0.000000E+00,6.645514E-02,0.000000E+00,1.351136E+03,1.541849E+02,6.971870E-02,1.189576E-02
06:00:00,2.531648E+04,0.000000E+00,1.304567E+00,0.000000E+00,1.062632E+03,9.481901E+02,5.483742E-02,7.315497E-02,3.086706E+03,4.968299E+02,1.592848E-01,3.833244E-02,1.158075E+03,0.000000E+00,5.975944E-02,0.000000E+00,6.303444E+02,0.000000E+00,3.252971E-02,0.000000E+00,1.288028E+03,0.000000E+00,6.645520E-02,0.000000E+00,1.351137E+03,1.768635E+02,6.971877E-02,1.364558E-02
06:10:00,2.513624E+04,3.209836E+02,1.295280E+00,3.159069E-02,1.032160E+03,1.100779E+03,5.326491E-02,8.829787E-02,2.982486E+03,1.011959E+03,1.539067E-01,8.228553E-02,1.132071E+03,1.682387E+01,5.841761E-02,1.631642E-03,6.231977E+02,1.193193E+02,3.216090E-02,1.154388E-02,1.244698E+03,4.663611E+01,6.421961E-02,4.304387E-03,1.298679E+03,3.437539E+02,6.701189E-02,2.787223E-02
06:20:00,2.495578E+04,7.145758E+02,1.285988E+00,7.028290E-02,1.001657E+03,1.200360E+03,5.169096E-02,1.011639E-01,2.878135E+03,1.279841E+03,1.485226E-01,1.099961E-01,1.106031E+03,2.931958E+01,5.707410E-02,2.857339E-03,6.160405E+02,2.323029E+02,3.179159E-02,2.261530E-02,1.201310E+03,7.667819E+01,6.198155E-02,7.267318E-03,1.246154E+03,4.544815E+02,6.430211E-02,3.933464E-02
06:30:00,2.477534E+04,1.148586E+03,1.276699E+00,1.128482E-01,9.711464E+02,1.326413E+03,5.011678E-02,1.167689E-01,2.773775E+03,1.620771E+03,1.431384E-01,1.449705E-01,1.079997E+03,4.582762E+01,5.573096E-02,4.474795E-03,6.088862E+02,3.517847E+02,3.142244E-02,3.432676E-02,1.157920E+03,1.172162E+02,5.974367E-02,1.123941E-02,1.193626E+03,5.943628E+02,6.159234E-02,5.363016E-02
06:40:00,2.459487E+04,1.630427E+03,1.267411E+00,1.600912E-01,9.406143E+02,1.434092E+03,4.854163E-02,1.307062E-01,2.669343E+03,1.875076E+03,1.377509E-01,1.717977E-01,1.053948E+03,6.045218E+01,5.438719E-02,5.907761E-03,6.017286E+02,4.690044E+02,3.105313E-02,4.582134E-02,1.114504E+03,1.490413E+02,5.750473E-02,1.435806E-02,1.141062E+03,7.086606E+02,5.888106E-02,6.549033E-02
06:50:00,2.441438E+04,2.168698E+03,1.258122E+00,2.128713E-01,9.100666E+02,1.545082E+03,4.696581E-02,1.450774E-01,2.564859E+03,2.120364E+03,1.323612E-01,1.980482E-01,1.027891E+03,7.600748E+01,5.304304E-02,7.431913E-03,5.945686E+02,5.880464E+02,3.068372E-02,5.749588E-02,1.071073E+03,1.817374E+02,5.526520E-02,1.756194E-02,1.088475E+03,8.242717E+02,5.616883E-02,7.753726E-02
07:00:00,2.423388E+04,2.743005E+03,1.248833E+00,2.691916E-01,8.795075E+02,1.659092E+03,4.538951E-02,1.598467E-01,2.460339E+03,2.356828E+03,1.269700E-01,2.236958E-01,1.001827E+03,9.217051E+01,5.169861E-02,9.015614E-03,5.874066E+02,7.090744E+02,3.031420E-02,6.936631E-02,1.027632E+03,2.147957E+02,5.302530E-02,2.080128E-02,1.035872E+03,9.396063E+02,5.345595E-02,8.963783E-02
07:10:00,2.423362E+04,3.050435E+03,1.248831E+00,2.992301E-01,8.794118E+02,1.661126E+03,4.538536E-02,1.628813E-01,2.460012E+03,2.154423E+03,1.269557E-01,2.113585E-01,1.001762E+03,9.266952E+01,5.169579E-02,9.081317E-03,5.873897E+02,7.131103E+02,3.031343E-02,6.992189E-02,1.027515E+03,2.021026E+02,5.302075E-02,1.982288E-02,1.035718E+03,9.103554E+02,5.344951E-02,8.931917E-02
07:20:00,2.423357E+04,3.337554E+03,1.248833E+00,3.272993E-01,8.793413E+02,1.722745E+03,4.538236E-02,1.689676E-01,2.459794E+03,2.192050E+03,1.269465E-01,2.147965E-01,1.001729E+03,9.906740E+01,5.169443E-02,9.706871E-03,5.873814E+02,7.258723E+02,3.031305E-02,7.118487E-02,1.027452E+03,2.070924E+02,5.301845E-02,2.029260E-02,1.035619E+03,9.371759E+02,5.344556E-02,9.184245E-02
07:30:00,2.423349E+04,3.635266E+03,1.248831E+00,3.565020E-01,8.792722E+02,1.764406E+03,4.537934E-02,1.730763E-01,2.459568E+03,2.143977E+03,1.269366E-01,2.100815E-01,1.001687E+03,1.032743E+02,5.169251E-02,1.011913E-02,5.873681E+02,7.345492E+02,3.031241E-02,7.204470E-02,1.027386E+03,2.028406E+02,5.301577E-02,1.987604E-02,1.035518E+03,9.348871E+02,5.344128E-02,9.161782E-02
07:40:00,2.423345E+04,3.934460E+03,1.248830E+00,3.858672E-01,8.792207E+02,1.830763E+03,4.537710E-02,1.795915E-01,2.459400E+03,2.169928E+03,1.269292E-01,2.126191E-01,1.001655E+03,1.113017E+02,5.169105E-02,1.090568E-02,5.873563E+02,7.478915E+02,3.031184E-02,7.335718E-02,1.027343E+03,2.086539E+02,5.301399E-02,2.044542E-02,1.035446E+03,9.584979E+02,5.343822E-02,9.393066E-02
07:50:00,2.423341E+04,4.225929E+03,1.248828E+00,4.144759E-01,8.791813E+02,1.900124E+03,4.537535E-02,1.864023E-01,2.459271E+03,2.193136E+03,1.269235E-01,2.148891E-01,1.001628E+03,1.203960E+02,5.168980E-02,1.179678E-02,5.873448E+02,7.617792E+02,3.031127E-02,7.472191E-02,1.027312E+03,2.149983E+02,5.301265E-02,2.106692E-02,1.035392E+03,9.814679E+02,5.343587E-02,9.618118E-02
08:00:00,2.423338E+04,4.529442E+03,1.248826E+00,4.442632E-01,8.791506E+02,1.972782E+03,4.537397E-02,1.935356E-01,2.459169E+03,2.214742E+03,1.269189E-01,2.170032E-01,1.001605E+03,1.309233E+02,5.168870E-02,1.282829E-02,5.873336E+02,7.760015E+02,3.031072E-02,7.611829E-02,1.027289E+03,2.224254E+02,5.301156E-02,2.179455E-02,1.035351E+03,1.004002E+03,5.343399E-02,9.838920E-02
08:10:00,2.423336E+04,4.830257E+03,1.248825E+00,4.737873E-01,8.791264E+02,2.044184E+03,4.537285E-02,2.005449E-01,2.459088E+03,2.233786E+03,1.269151E-01,2.188675E-01,1.001585E+03,1.424356E+02,5.168771E-02,1.395633E-02,5.873227E+02,7.901983E+02,3.031017E-02,7.751130E-02,1.027270E+03,2.305164E+02,5.301065E-02,2.258725E-02,1.035318E+03,1.025379E+03,5.343244E-02,1.004840E-01
08:20:00,2.423333E+04,5.129393E+03,1.248824E+00,5.031475E-01,8.791069E+02,2.114224E+03,4.537194E-02,2.074200E-01,2.459022E+03,2.249169E+03,1.269120E-01,2.203737E-01,1.001567E+03,1.545315E+02,5.168682E-02,1.514155E-02,5.873122E+02,8.042352E+02,3.030964E-02,7.888808E-02,1.027254E+03,2.390829E+02,5.300987E-02,2.342658E-02,1.035290E+03,1.045308E+03,5.343116E-02,1.024369E-01
08:30:00,2.423331E+04,5.427351E+03,1.248823E+00,5.323931E-01,8.790911E+02,2.182821E+03,4.537119E-02,2.141536E-01,2.458967E+03,2.260173E+03,1.269094E-01,2.214513E-01,1.001550E+03,1.669546E+02,5.168601E-02,1.635883E-02,5.873021E+02,8.180110E+02,3.030912E-02,8.023893E-02,1.027241E+03,2.479504E+02,5.300921E-02,2.429540E-02,1.035268E+03,1.063564E+03,5.343007E-02,1.042258E-01
08:40:00,2.423329E+04,5.725058E+03,1.248822E+00,5.616145E-01,8.790782E+02,2.249906E+03,4.537057E-02,2.207390E-01,2.458921E+03,2.266372E+03,1.269072E-01,2.220583E-01,1.001536E+03,1.795718E+02,5.168527E-02,1.759513E-02,5.872925E+02,8.314494E+02,3.030863E-02,8.155656E-02,1.027229E+03,2.569712E+02,5.300863E-02,2.517926E-02,1.035249E+03,1.079933E+03,5.342916E-02,1.058298E-01
08:50:00,2.423327E+04,6.022381E+03,1.248821E+00,5.907985E-01,8.790675E+02,2.315460E+03,4.537005E-02,2.271744E-01,2.458883E+03,2.267660E+03,1.269054E-01,2.221842E-01,1.001522E+03,1.922929E+02,5.168460E-02,1.884160E-02,5.872833E+02,8.444948E+02,3.030816E-02,8.283557E-02,1.027219E+03,2.661267E+02,5.300813E-02,2.607632E-02,1.035233E+03,1.094275E+03,5.342837E-02,1.072352E-01
09:00:00,2.423325E+04,6.320021E+03,1.248820E+00,6.200144E-01,8.790585E+02,2.379749E+03,4.536961E-02,2.334857E-01,2.458851E+03,2.264038E+03,1.269038E-01,2.218292E-01,1.001510E+03,2.050354E+02,5.168399E-02,2.009016E-02,5.872747E+02,8.570980E+02,3.030772E-02,8.407120E-02,1.027211E+03,2.754539E+02,5.300769E-02,2.699022E-02,1.035220E+03,1.106680E+03,5.342769E-02,1.084508E-01
09:10:00,2.423324E+04,6.611201E+03,1.248819E+00,6.485973E-01,8.790509E+02,2.440949E+03,4.536924E-02,2.394941E-01,2.458823E+03,2.255244E+03,1.269024E-01,2.209675E-01,1.001500E+03,2.175691E+02,5.168343E-02,2.131826E-02,5.872666E+02,8.691409E+02,3.030731E-02,8.525185E-02,1.027203E+03,2.848040E+02,5.300729E-02,2.790636E-02,1.035208E+03,1.117105E+03,5.342709E-02,1.094723E-01
09:20:00,2.423322E+04,6.896803E+03,1.248818E+00,6.766328E-01,8.790444E+02,2.499334E+03,4.536891E-02,2.452262E-01,2.458799E+03,2.241390E+03,1.269012E-01,2.196100E-01,1.001490E+03,2.298254E+02,5.168292E-02,2.251918E-02,5.872591E+02,8.805982E+02,3.030692E-02,8.637507E-02,1.027196E+03,2.941768E+02,5.300694E-02,2.882472E-02,1.035197E+03,1.125702E+03,5.342655E-02,1.103146E-01
09:30:00,2.423321E+04,7.177336E+03,1.248817E+00,7.041707E-01,8.790388E+02,2.555112E+03,4.536863E-02,2.507026E-01,2.458777E+03,2.222678E+03,1.269001E-01,2.177766E-01,1.001480E+03,2.417377E+02,5.168245E-02,2.368638E-02,5.872520E+02,8.914561E+02,3.030656E-02,8.743951E-02,1.027190E+03,3.035915E+02,5.300661E-02,2.974719E-02,1.035188E+03,1.132587E+03,5.342608E-02,1.109893E-01
09:40:00,2.423319E+04,7.453250E+03,1.248817E+00,7.312553E-01,8.790339E+02,2.608483E+03,4.536839E-02,2.559427E-01,2.458758E+03,2.199373E+03,1.268992E-01,2.154931E-01,1.001472E+03,2.532401E+02,5.168202E-02,2.481341E-02,5.872454E+02,9.017110E+02,3.030622E-02,8.844482E-02,1.027184E+03,3.131041E+02,5.300631E-02,3.067926E-02,1.035180E+03,1.137890E+03,5.342564E-02,1.115089E-01
09:50:00,2.423318E+04,7.724845E+03,1.248816E+00,7.579162E-01,8.790296E+02,2.659638E+03,4.536817E-02,2.609655E-01,2.458742E+03,2.171810E+03,1.268983E-01,2.127925E-01,1.001464E+03,2.643548E+02,5.168163E-02,2.590245E-02,5.872393E+02,9.113669E+02,3.030591E-02,8.939140E-02,1.027179E+03,3.226859E+02,5.300604E-02,3.161810E-02,1.035172E+03,1.141727E+03,5.342525E-02,1.118849E-01
10:00:00,2.423317E+04,7.992350E+03,1.248815E+00,7.841761E-01,8.790258E+02,2.708465E+03,4.536797E-02,2.657600E-01,2.458726E+03,2.140810E+03,1.268975E-01,2.097550E-01,1.001457E+03,2.752431E+02,5.168127E-02,2.696930E-02,5.872336E+02,9.204342E+02,3.030561E-02,9.028028E-02,1.027174E+03,3.324487E+02,5.300579E-02,3.257469E-02,1.035165E+03,1.143982E+03,5.342489E-02,1.121057E-01
10:10:00,2.423316E+04,8.254306E+03,1.248815E+00,8.098915E-01,8.790223E+02,2.754859E+03,4.536780E-02,2.703157E-01,2.458713E+03,2.106817E+03,1.268968E-01,2.064245E-01,1.001451E+03,2.858515E+02,5.168093E-02,2.800872E-02,5.872283E+02,9.289287E+02,3.030534E-02,9.111302E-02,1.027169E+03,3.422661E+02,5.300555E-02,3.353662E-02,1.035158E+03,1.144531E+03,5.342456E-02,1.121595E-01
10:20:00,2.423315E+04,8.509692E+03,1.248814E+00,8.349623E-01,8.790192E+02,2.798858E+03,4.536764E-02,2.746364E-01,2.458700E+03,2.070394E+03,1.268962E-01,2.028557E-01,1.001445E+03,2.961484E+02,5.168063E-02,2.901762E-02,5.872234E+02,9.368674E+02,3.030509E-02,9.189126E-02,1.027165E+03,3.520404E+02,5.300533E-02,3.449434E-02,1.035153E+03,1.143326E+03,5.342425E-02,1.120414E-01
10:30:00,2.423314E+04,8.758211E+03,1.248814E+00,8.593592E-01,8.790164E+02,2.840614E+03,4.536750E-02,2.787372E-01,2.458689E+03,2.032514E+03,1.268956E-01,1.991443E-01,1.001439E+03,3.061385E+02,5.168034E-02,2.999644E-02,5.872188E+02,9.442633E+02,3.030485E-02,9.261629E-02,1.027161E+03,3.617708E+02,5.300512E-02,3.544775E-02,1.035147E+03,1.140462E+03,5.342397E-02,1.117607E-01
10:40:00,2.423313E+04,8.999573E+03,1.248813E+00,8.830538E-01,8.790139E+02,2.880352E+03,4.536736E-02,2.826401E-01,2.458678E+03,1.994827E+03,1.268951E-01,1.954517E-01,1.001434E+03,3.158363E+02,5.168008E-02,3.094663E-02,5.872146E+02,9.511266E+02,3.030463E-02,9.328911E-02,1.027157E+03,3.714010E+02,5.300493E-02,3.639135E-02,1.035142E+03,1.136060E+03,5.342370E-02,1.113292E-01
10:50:00,2.423312E+04,9.234675E+03,1.248813E+00,9.061342E-01,8.790115E+02,2.919194E+03,4.536724E-02,2.864553E-01,2.458668E+03,1.959897E+03,1.268946E-01,1.920293E-01,1.001430E+03,3.251821E+02,5.167984E-02,3.186233E-02,5.872106E+02,9.574657E+02,3.030443E-02,9.391055E-02,1.027153E+03,3.809349E+02,5.300474E-02,3.732551E-02,1.035137E+03,1.131111E+03,5.342345E-02,1.108442E-01
11:00:00,2.423311E+04,9.463747E+03,1.248812E+00,9.286228E-01,8.790093E+02,2.958439E+03,4.536713E-02,2.903104E-01,2.458659E+03,1.929601E+03,1.268941E-01,1.890610E-01,1.001425E+03,3.339922E+02,5.167961E-02,3.272554E-02,5.872070E+02,9.632963E+02,3.030424E-02,9.448212E-02,1.027150E+03,3.901339E+02,5.300457E-02,3.822686E-02,1.035132E+03,1.126934E+03,5.342321E-02,1.104349E-01
11:10:00,2.423310E+04,9.681600E+03,1.248812E+00,9.500105E-01,8.790073E+02,2.996957E+03,4.536703E-02,2.940944E-01,2.458650E+03,1.905113E+03,1.268936E-01,1.866616E-01,1.001421E+03,3.422066E+02,5.167940E-02,3.353039E-02,5.872035E+02,9.685913E+02,3.030406E-02,9.500120E-02,1.027147E+03,3.989541E+02,5.300440E-02,3.909108E-02,1.035128E+03,1.123881E+03,5.342298E-02,1.101357E-01
11:20:00,2.423310E+04,9.888740E+03,1.248812E+00,9.703463E-01,8.790055E+02,3.034974E+03,4.536693E-02,2.978292E-01,2.458642E+03,1.887054E+03,1.268932E-01,1.848923E-01,1.001417E+03,3.498675E+02,5.167921E-02,3.428099E-02,5.872004E+02,9.734008E+02,3.030390E-02,9.547266E-02,1.027144E+03,4.074355E+02,5.300425E-02,3.992211E-02,1.035124E+03,1.122418E+03,5.342277E-02,1.099924E-01
11:30:00,2.423309E+04,1.008529E+04,1.248811E+00,9.896426E-01,8.790037E+02,3.072627E+03,4.536684E-02,3.015280E-01,2.458634E+03,1.875420E+03,1.268928E-01,1.837524E-01,1.001414E+03,3.570127E+02,5.167903E-02,3.498107E-02,5.871974E+02,9.777892E+02,3.030374E-02,9.590285E-02,1.027141E+03,4.155415E+02,5.300410E-02,4.071636E-02,1.035120E+03,1.122821E+03,5.342256E-02,1.100319E-01
11:40:00,2.423308E+04,1.027144E+04,1.248811E+00,1.007916E+00,8.790021E+02,3.109969E+03,4.536676E-02,3.051961E-01,2.458627E+03,1.869425E+03,1.268924E-01,1.831651E-01,1.001411E+03,3.636906E+02,5.167886E-02,3.563537E-02,5.871946E+02,9.818309E+02,3.030360E-02,9.629905E-02,1.027138E+03,4.232980E+02,5.300395E-02,4.147635E-02,1.035116E+03,1.125355E+03,5.342237E-02,1.102803E-01
11:50:00,2.423308E+04,1.044625E+04,1.248810E+00,1.025078E+00,8.790005E+02,3.146136E+03,4.536668E-02,3.087484E-01,2.458620E+03,1.867189E+03,1.268921E-01,1.829460E-01,1.001408E+03,3.699538E+02,5.167870E-02,3.624903E-02,5.871921E+02,9.856029E+02,3.030347E-02,9.666882E-02,1.027135E+03,4.306776E+02,5.300382E-02,4.219943E-02,1.035112E+03,1.129358E+03,5.342218E-02,1.106726E-01
12:00:00,2.423307E+04,1.060878E+04,1.248810E+00,1.041033E+00,8.789991E+02,3.180158E+03,4.536660E-02,3.120896E-01,2.458614E+03,1.867000E+03,1.268918E-01,1.829275E-01,1.001405E+03,3.758527E+02,5.167855E-02,3.682700E-02,5.871896E+02,9.891765E+02,3.030334E-02,9.701917E-02,1.027133E+03,4.377070E+02,5.300368E-02,4.288818E-02,1.035109E+03,1.133945E+03,5.342200E-02,1.111222E-01
12:10:00,2.423306E+04,1.076455E+04,1.248810E+00,1.056325E+00,8.789977E+02,3.213305E+03,4.536653E-02,3.153446E-01,2.458607E+03,1.868119E+03,1.268914E-01,1.830371E-01,1.001402E+03,3.815328E+02,5.167841E-02,3.738354E-02,5.871874E+02,9.926623E+02,3.030323E-02,9.736092E-02,1.027130E+03,4.444895E+02,5.300356E-02,4.355275E-02,1.035106E+03,1.138984E+03,5.342183E-02,1.116160E-01
12:20:00,2.423306E+04,1.091343E+04,1.248810E+00,1.070941E+00,8.789964E+02,3.245449E+03,4.536646E-02,3.185008E-01,2.458602E+03,1.870210E+03,1.268911E-01,1.832421E-01,1.001399E+03,3.870314E+02,5.167828E-02,3.792228E-02,5.871853E+02,9.960908E+02,3.030312E-02,9.769707E-02,1.027128E+03,4.510450E+02,5.300343E-02,4.419507E-02,1.035102E+03,1.144264E+03,5.342167E-02,1.121335E-01
12:30:00,2.423305E+04,1.105546E+04,1.248809E+00,1.084885E+00,8.789951E+02,3.276478E+03,4.536640E-02,3.215476E-01,2.458596E+03,1.873041E+03,1.268908E-01,1.835194E-01,1.001397E+03,3.923607E+02,5.167815E-02,3.844445E-02,5.871833E+02,9.994716E+02,3.030302E-02,9.802857E-02,1.027126E+03,4.573768E+02,5.300332E-02,4.481547E-02,1.035099E+03,1.149624E+03,5.342151E-02,1.126587E-01
12:40:00,2.423305E+04,1.119071E+04,1.248809E+00,1.098163E+00,8.789940E+02,3.306286E+03,4.536634E-02,3.244746E-01,2.458590E+03,1.876419E+03,1.268906E-01,1.838504E-01,1.001395E+03,3.975285E+02,5.167804E-02,3.895079E-02,5.871814E+02,1.002808E+03,3.030292E-02,9.835569E-02,1.027124E+03,4.634894E+02,5.300320E-02,4.541441E-02,1.035096E+03,1.154895E+03,5.342135E-02,1.131753E-01
12:50:00,2.423304E+04,1.131923E+04,1.248809E+00,1.110780E+00,8.789928E+02,3.334774E+03,4.536628E-02,3.272719E-01,2.458585E+03,1.880199E+03,1.268903E-01,1.842208E-01,1.001393E+03,4.025363E+02,5.167793E-02,3.944145E-02,5.871797E+02,1.006095E+03,3.030283E-02,9.867804E-02,1.027121E+03,4.693855E+02,5.300309E-02,4.599212E-02,1.035093E+03,1.159943E+03,5.342120E-02,1.136700E-01
13:00:00,2.423304E+04,1.144099E+04,1.248808E+00,1.122734E+00,8.789917E+02,3.361802E+03,4.536622E-02,3.299259E-01,2.458580E+03,1.884252E+03,1.268900E-01,1.846179E-01,1.001391E+03,4.073811E+02,5.167782E-02,3.991615E-02,5.871780E+02,1.009326E+03,3.030274E-02,9.899481E-02,1.027119E+03,4.750650E+02,5.300298E-02,4.654861E-02,1.035091E+03,1.164582E+03,5.342106E-02,1.141246E-01
13:10:00,2.423303E+04,1.155394E+04,1.248808E+00,1.133823E+00,8.789907E+02,3.386743E+03,4.536617E-02,3.323751E-01,2.458575E+03,1.888371E+03,1.268898E-01,1.850215E-01,1.001389E+03,4.120147E+02,5.167773E-02,4.037015E-02,5.871764E+02,1.012469E+03,3.030266E-02,9.930307E-02,1.027117E+03,4.804778E+02,5.300288E-02,4.707897E-02,1.035088E+03,1.168611E+03,5.342092E-02,1.145194E-01
13:20:00,2.423303E+04,1.165803E+04,1.248808E+00,1.144041E+00,8.789897E+02,3.409527E+03,4.536612E-02,3.346125E-01,2.458571E+03,1.892448E+03,1.268895E-01,1.854209E-01,1.001387E+03,4.164281E+02,5.167763E-02,4.080259E-02,5.871750E+02,1.015513E+03,3.030259E-02,9.960156E-02,1.027115E+03,4.856181E+02,5.300278E-02,4.758263E-02,1.035085E+03,1.171935E+03,5.342078E-02,1.148451E-01
13:30:00,2.423302E+04,1.175350E+04,1.248808E+00,1.153415E+00,8.789887E+02,3.430142E+03,4.536607E-02,3.366370E-01,2.458566E+03,1.896392E+03,1.268893E-01,1.858074E-01,1.001385E+03,4.206152E+02,5.167754E-02,4.121284E-02,5.871736E+02,1.018447E+03,3.030252E-02,9.988925E-02,1.027114E+03,4.905859E+02,5.300268E-02,4.806939E-02,1.035083E+03,1.174469E+03,5.342065E-02,1.150934E-01
13:40:00,2.423302E+04,1.184806E+04,1.248807E+00,1.162697E+00,8.789878E+02,3.448543E+03,4.536602E-02,3.384445E-01,2.458562E+03,1.900116E+03,1.268891E-01,1.861722E-01,1.001383E+03,4.245668E+02,5.167746E-02,4.160003E-02,5.871723E+02,1.021259E+03,3.030245E-02,1.001649E-01,1.027112E+03,4.970830E+02,5.300259E-02,4.870599E-02,1.035080E+03,1.176163E+03,5.342052E-02,1.152595E-01
13:50:00,2.423301E+04,1.194572E+04,1.248807E+00,1.172285E+00,8.789869E+02,3.464751E+03,4.536598E-02,3.400367E-01,2.458558E+03,1.903538E+03,1.268889E-01,1.865075E-01,1.001382E+03,4.282772E+02,5.167738E-02,4.196357E-02,5.871710E+02,1.023942E+03,3.030238E-02,1.004279E-01,1.027110E+03,5.059487E+02,5.300250E-02,4.957469E-02,1.035078E+03,1.176944E+03,5.342040E-02,1.153359E-01
14:00:00,2.423301E+04,1.204857E+04,1.248807E+00,1.182383E+00,8.789861E+02,3.478833E+03,4.536593E-02,3.414206E-01,2.458554E+03,1.906581E+03,1.268887E-01,1.868056E-01,1.001380E+03,4.317552E+02,5.167730E-02,4.230435E-02,5.871698E+02,1.026503E+03,3.030232E-02,1.006791E-01,1.027108E+03,5.177765E+02,5.300241E-02,5.073363E-02,1.035075E+03,1.176786E+03,5.342028E-02,1.153204E-01
14:10:00,2.423300E+04,1.215405E+04,1.248807E+00,1.192739E+00,8.789852E+02,3.489786E+03,4.536589E-02,3.424978E-01,2.458550E+03,1.909005E+03,1.268885E-01,1.870431E-01,1.001379E+03,4.349410E+02,5.167722E-02,4.261650E-02,5.871687E+02,1.028930E+03,3.030226E-02,1.009170E-01,1.027106E+03,5.329030E+02,5.300232E-02,5.221581E-02,1.035073E+03,1.175541E+03,5.342016E-02,1.151984E-01
14:20:00,2.423300E+04,1.226333E+04,1.248807E+00,1.203467E+00,8.789844E+02,3.497500E+03,4.536585E-02,3.432576E-01,2.458546E+03,1.910706E+03,1.268883E-01,1.872098E-01,1.001378E+03,4.378600E+02,5.167715E-02,4.290250E-02,5.871677E+02,1.031252E+03,3.030221E-02,1.011447E-01,1.027105E+03,5.517198E+02,5.300224E-02,5.405958E-02,1.035071E+03,1.173175E+03,5.342005E-02,1.149665E-01
14:30:00,2.423300E+04,1.237678E+04,1.248806E+00,1.214604E+00,8.789836E+02,3.501819E+03,4.536581E-02,3.436837E-01,2.458542E+03,1.910794E+03,1.268881E-01,1.872184E-01,1.001376E+03,4.403632E+02,5.167708E-02,4.314777E-02,5.871666E+02,1.033506E+03,3.030216E-02,1.013657E-01,1.027103E+03,5.744265E+02,5.300215E-02,5.628452E-02,1.035069E+03,1.169518E+03,5.341994E-02,1.146081E-01
14:40:00,2.423299E+04,1.248724E+04,1.248806E+00,1.225446E+00,8.789829E+02,3.502817E+03,4.536577E-02,3.437836E-01,2.458539E+03,1.909608E+03,1.268879E-01,1.871022E-01,1.001375E+03,4.425351E+02,5.167702E-02,4.336056E-02,5.871657E+02,1.035722E+03,3.030211E-02,1.015830E-01,1.027102E+03,5.995955E+02,5.300207E-02,5.875072E-02,1.035067E+03,1.164640E+03,5.341983E-02,1.141300E-01
14:50:00,2.423299E+04,1.259093E+04,1.248806E+00,1.235624E+00,8.789821E+02,3.500523E+03,4.536573E-02,3.435596E-01,2.458535E+03,1.907234E+03,1.268877E-01,1.868696E-01,1.001374E+03,4.444411E+02,5.167696E-02,4.354731E-02,5.871647E+02,1.037923E+03,3.030206E-02,1.017988E-01,1.027100E+03,6.265710E+02,5.300199E-02,6.139392E-02,1.035065E+03,1.158632E+03,5.341972E-02,1.135413E-01
15:00:00,2.423298E+04,1.268594E+04,1.248806E+00,1.244948E+00,8.789814E+02,3.494902E+03,4.536569E-02,3.430084E-01,2.458532E+03,1.903678E+03,1.268875E-01,1.865211E-01,1.001373E+03,4.460987E+02,5.167690E-02,4.370972E-02,5.871639E+02,1.040114E+03,3.030201E-02,1.020136E-01,1.027099E+03,6.548975E+02,5.300192E-02,6.416949E-02,1.035063E+03,1.151528E+03,5.341962E-02,1.128450E-01
15:10:00,2.423298E+04,1.276883E+04,1.248806E+00,1.253082E+00,8.789807E+02,3.485368E+03,4.536566E-02,3.420722E-01,2.458529E+03,1.898747E+03,1.268874E-01,1.860381E-01,1.001371E+03,4.474569E+02,5.167684E-02,4.384279E-02,5.871630E+02,1.042266E+03,3.030197E-02,1.022246E-01,1.027097E+03,6.841571E+02,5.300184E-02,6.703647E-02,1.035061E+03,1.143286E+03,5.341952E-02,1.120374E-01
15:20:00,2.423298E+04,1.283861E+04,1.248805E+00,1.259928E+00,8.789800E+02,3.472152E+03,4.536562E-02,3.407737E-01,2.458526E+03,1.892482E+03,1.268872E-01,1.854242E-01,1.001370E+03,4.485034E+02,5.167678E-02,4.394533E-02,5.871622E+02,1.044359E+03,3.030193E-02,1.024298E-01,1.027096E+03,7.139770E+02,5.300177E-02,6.995835E-02,1.035059E+03,1.134037E+03,5.341942E-02,1.111310E-01
15:30:00,2.423297E+04,1.289632E+04,1.248805E+00,1.265589E+00,8.789794E+02,3.455910E+03,4.536559E-02,3.391779E-01,2.458522E+03,1.885680E+03,1.268871E-01,1.847577E-01,1.001369E+03,4.493929E+02,5.167673E-02,4.403248E-02,5.871614E+02,1.046366E+03,3.030189E-02,1.026266E-01,1.027094E+03,7.440283E+02,5.300170E-02,7.290288E-02,1.035057E+03,1.124518E+03,5.341932E-02,1.101981E-01
15:40:00,2.423297E+04,1.294171E+04,1.248805E+00,1.270041E+00,8.789787E+02,3.436869E+03,4.536555E-02,3.373075E-01,2.458519E+03,1.877909E+03,1.268869E-01,1.839963E-01,1.001368E+03,4.500384E+02,5.167668E-02,4.409572E-02,5.871607E+02,1.048264E+03,3.030185E-02,1.028127E-01,1.027093E+03,7.739447E+02,5.300163E-02,7.583419E-02,1.035055E+03,1.114936E+03,5.341923E-02,1.092590E-01
15:50:00,2.423297E+04,1.297406E+04,1.248805E+00,1.273213E+00,8.789781E+02,3.415126E+03,4.536552E-02,3.351718E-01,2.458517E+03,1.869007E+03,1.268867E-01,1.831241E-01,1.001367E+03,4.503662E+02,5.167662E-02,4.412783E-02,5.871599E+02,1.050037E+03,3.030181E-02,1.029864E-01,1.027092E+03,8.034127E+02,5.300156E-02,7.872155E-02,1.035053E+03,1.105400E+03,5.341914E-02,1.083245E-01
16:00:00,2.423296E+04,1.299256E+04,1.248805E+00,1.275025E+00,8.789775E+02,3.390762E+03,4.536549E-02,3.327788E-01,2.458514E+03,1.858896E+03,1.268866E-01,1.821335E-01,1.001366E+03,4.503324E+02,5.167658E-02,4.412452E-02,5.871593E+02,1.051670E+03,3.030178E-02,1.031465E-01,1.027090E+03,8.321033E+02,5.300149E-02,8.153273E-02,1.035052E+03,1.096033E+03,5.341905E-02,1.074066E-01
16:10:00,2.423296E+04,1.300441E+04,1.248805E+00,1.276183E+00,8.789769E+02,3.366014E+03,4.536546E-02,3.303482E-01,2.458511E+03,1.847981E+03,1.268865E-01,1.810640E-01,1.001366E+03,4.500707E+02,5.167653E-02,4.409887E-02,5.871586E+02,1.053227E+03,3.030174E-02,1.032991E-01,1.027089E+03,8.599182E+02,5.300143E-02,8.425811E-02,1.035050E+03,1.087218E+03,5.341896E-02,1.065428E-01
16:20:00,2.423296E+04,1.300846E+04,1.248804E+00,1.276576E+00,8.789763E+02,3.340871E+03,4.536543E-02,3.278789E-01,2.458508E+03,1.836212E+03,1.268863E-01,1.799108E-01,1.001365E+03,4.495451E+02,5.167648E-02,4.404736E-02,5.871579E+02,1.054695E+03,3.030171E-02,1.034430E-01,1.027088E+03,8.865533E+02,5.300137E-02,8.686787E-02,1.035048E+03,1.078967E+03,5.341887E-02,1.057343E-01
16:30:00,2.423296E+04,1.300178E+04,1.248804E+00,1.275916E+00,8.789757E+02,3.314905E+03,4.536540E-02,3.253289E-01,2.458506E+03,1.823583E+03,1.268862E-01,1.786735E-01,1.001364E+03,4.487256E+02,5.167644E-02,4.396707E-02,5.871573E+02,1.056062E+03,3.030168E-02,1.035770E-01,1.027087E+03,9.117279E+02,5.300130E-02,8.933454E-02,1.035047E+03,1.070839E+03,5.341879E-02,1.049378E-01
16:40:00,2.423295E+04,1.298267E+04,1.248804E+00,1.274036E+00,8.789752E+02,3.287915E+03,4.536537E-02,3.226785E-01,2.458503E+03,1.810090E+03,1.268860E-01,1.773515E-01,1.001363E+03,4.475818E+02,5.167640E-02,4.385499E-02,5.871567E+02,1.057310E+03,3.030165E-02,1.036993E-01,1.027086E+03,9.351478E+02,5.300124E-02,9.162927E-02,1.035045E+03,1.062646E+03,5.341871E-02,1.041349E-01
16:50:00,2.423295E+04,1.295017E+04,1.248804E+00,1.270841E+00,8.789746E+02,3.259823E+03,4.536534E-02,3.199200E-01,2.458500E+03,1.795731E+03,1.268859E-01,1.759446E-01,1.001362E+03,4.460826E+02,5.167635E-02,4.370810E-02,5.871562E+02,1.058416E+03,3.030162E-02,1.038077E-01,1.027084E+03,9.565432E+02,5.300118E-02,9.372562E-02,1.035043E+03,1.054315E+03,5.341863E-02,1.033185E-01
17:00:00,2.423295E+04,1.290357E+04,1.248804E+00,1.266263E+00,8.789741E+02,3.230577E+03,4.536531E-02,3.170481E-01,2.458498E+03,1.780669E+03,1.268858E-01,1.744688E-01,1.001361E+03,4.442638E+02,5.167631E-02,4.352987E-02,5.871556E+02,1.059351E+03,3.030159E-02,1.038994E-01,1.027083E+03,9.756673E+02,5.300113E-02,9.559943E-02,1.035042E+03,1.045772E+03,5.341855E-02,1.024813E-01
17:10:00,2.423294E+04,1.284252E+04,1.248804E+00,1.260266E+00,8.789736E+02,3.200139E+03,4.536529E-02,3.140591E-01,2.458496E+03,1.765710E+03,1.268857E-01,1.730032E-01,1.001361E+03,4.424040E+02,5.167627E-02,4.334765E-02,5.871551E+02,1.060082E+03,3.030156E-02,1.039710E-01,1.027082E+03,9.924284E+02,5.300107E-02,9.724170E-02,1.035040E+03,1.036975E+03,5.341847E-02,1.016192E-01
17:20:00,2.423294E+04,1.276669E+04,1.248804E+00,1.252817E+00,8.789731E+02,3.168465E+03,4.536526E-02,3.109487E-01,2.458493E+03,1.751624E+03,1.268855E-01,1.716230E-01,1.001360E+03,4.407932E+02,5.167624E-02,4.318981E-02,5.871545E+02,1.060580E+03,3.030153E-02,1.040197E-01,1.027081E+03,1.006785E+03,5.300101E-02,9.864835E-02,1.035039E+03,1.027870E+03,5.341840E-02,1.007270E-01
17:30:00,2.423294E+04,1.267563E+04,1.248803E+00,1.243874E+00,8.789726E+02,3.135523E+03,4.536524E-02,3.077139E-01,2.458491E+03,1.739018E+03,1.268854E-01,1.703879E-01,1.001359E+03,4.396669E+02,5.167620E-02,4.307946E-02,5.871540E+02,1.060822E+03,3.030151E-02,1.040433E-01,1.027080E+03,1.018672E+03,5.300096E-02,9.981307E-02,1.035038E+03,1.018425E+03,5.341833E-02,9.980135E-02
17:40:00,2.423294E+04,1.256512E+04,1.248803E+00,1.233022E+00,8.789721E+02,3.100937E+03,4.536521E-02,3.043177E-01,2.458489E+03,1.727409E+03,1.268853E-01,1.692504E-01,1.001358E+03,4.390059E+02,5.167616E-02,4.301468E-02,5.871535E+02,1.060787E+03,3.030148E-02,1.040398E-01,1.027079E+03,1.027363E+03,5.300091E-02,1.006646E-01,1.035036E+03,1.008252E+03,5.341825E-02,9.880447E-02
17:50:00,2.423294E+04,1.243663E+04,1.248803E+00,1.220405E+00,8.789716E+02,3.064845E+03,4.536519E-02,3.007737E-01,2.458486E+03,1.717536E+03,1.268852E-01,1.682831E-01,1.001358E+03,4.390084E+02,5.167613E-02,4.301493E-02,5.871531E+02,1.060452E+03,3.030146E-02,1.040069E-01,1.027078E+03,1.033136E+03,5.300086E-02,1.012302E-01,1.035035E+03,9.975171E+02,5.341818E-02,9.775247E-02
18:00:00,2.423293E+04,1.229047E+04,1.248803E+00,1.206053E+00,8.789712E+02,3.027334E+03,4.536516E-02,2.970904E-01,2.458484E+03,1.709603E+03,1.268851E-01,1.675058E-01,1.001357E+03,4.397050E+02,5.167609E-02,4.308319E-02,5.871526E+02,1.059792E+03,3.030143E-02,1.039420E-01,1.027077E+03,1.035989E+03,5.300080E-02,1.015098E-01,1.035034E+03,9.862768E+02,5.341811E-02,9.665096E-02
18:10:00,2.441317E+04,1.211983E+04,1.258091E+00,1.189299E+00,9.094429E+02,2.986783E+03,4.693786E-02,2.931087E-01,2.562704E+03,1.702638E+03,1.322640E-01,1.668234E-01,1.027360E+03,4.406805E+02,5.301802E-02,4.317878E-02,5.942992E+02,1.058727E+03,3.067025E-02,1.038375E-01,1.070407E+03,1.035512E+03,5.523678E-02,1.014629E-01,1.087492E+03,9.743319E+02,5.612552E-02,9.548039E-02
18:20:00,2.459363E+04,1.192374E+04,1.267384E+00,1.170046E+00,9.399263E+02,2.943184E+03,4.851108E-02,2.888276E-01,2.666972E+03,1.695686E+03,1.376451E-01,1.661422E-01,1.053392E+03,4.415528E+02,5.436123E-02,4.326426E-02,6.014555E+02,1.057240E+03,3.103952E-02,1.036916E-01,1.113775E+03,1.031334E+03,5.747430E-02,1.010536E-01,1.139977E+03,9.616860E+02,5.883401E-02,9.424113E-02
18:30:00,2.477407E+04,1.170138E+04,1.276672E+00,1.148215E+00,9.704330E+02,2.896523E+03,5.008531E-02,2.842460E-01,2.771318E+03,1.687846E+03,1.430294E-01,1.653742E-01,1.079426E+03,4.419361E+02,5.570440E-02,4.330182E-02,6.086096E+02,1.055315E+03,3.140867E-02,1.035027E-01,1.157164E+03,1.023104E+03,5.971245E-02,1.002471E-01,1.192501E+03,9.483391E+02,6.154410E-02,9.293316E-02
18:40:00,2.495454E+04,1.145465E+04,1.285961E+00,1.123991E+00,1.000966E+03,2.847145E+03,5.166063E-02,2.793975E-01,2.875755E+03,1.679175E+03,1.484176E-01,1.645246E-01,1.105474E+03,4.416474E+02,5.704822E-02,4.327353E-02,6.157671E+02,1.052929E+03,3.177797E-02,1.032686E-01,1.200583E+03,1.010894E+03,6.195167E-02,9.905069E-02,1.245069E+03,9.346527E+02,6.425588E-02,9.159193E-02
18:50:00,2.513503E+04,1.118066E+04,1.295250E+00,1.097091E+00,1.031518E+03,2.794884E+03,5.323668E-02,2.742661E-01,2.980253E+03,1.668423E+03,1.538082E-01,1.634711E-01,1.131532E+03,4.402387E+02,5.839243E-02,4.313550E-02,6.229269E+02,1.050064E+03,3.214738E-02,1.029875E-01,1.244018E+03,9.939295E+02,6.419140E-02,9.738843E-02,1.297665E+03,9.204499E+02,6.696858E-02,9.020009E-02
19:00:00,2.531553E+04,1.087819E+04,1.304539E+00,1.067397E+00,1.062082E+03,2.739630E+03,5.481322E-02,2.688408E-01,3.084793E+03,1.654625E+03,1.592004E-01,1.621192E-01,1.157597E+03,4.373132E+02,5.973692E-02,4.284886E-02,6.300887E+02,1.046699E+03,3.251689E-02,1.026574E-01,1.287462E+03,9.717786E+02,6.643141E-02,9.521797E-02,1.350277E+03,9.056619E+02,6.968185E-02,8.875092E-02
19:10:00,2.531579E+04,1.056077E+04,1.304540E+00,1.036235E+00,1.062182E+03,2.686150E+03,5.481740E-02,2.635896E-01,3.085139E+03,1.636733E+03,1.592147E-01,1.603662E-01,1.157663E+03,4.325059E+02,5.973968E-02,4.237781E-02,6.301055E+02,1.042979E+03,3.251765E-02,1.022924E-01,1.287581E+03,9.434972E+02,6.643562E-02,9.244683E-02,1.350438E+03,8.907727E+02,6.968805E-02,8.729182E-02
19:20:00,2.531585E+04,1.023349E+04,1.304538E+00,1.004106E+00,1.062277E+03,2.634559E+03,5.482133E-02,2.585241E-01,3.085455E+03,1.614994E+03,1.592277E-01,1.582361E-01,1.157705E+03,4.257081E+02,5.974137E-02,4.171173E-02,6.301147E+02,1.038846E+03,3.251806E-02,1.018870E-01,1.287665E+03,9.098966E+02,6.643849E-02,8.915449E-02,1.350582E+03,8.758871E+02,6.969350E-02,8.583308E-02
19:30:00,2.531592E+04,9.897342E+03,1.304539E+00,9.711078E-01,1.062353E+03,2.584937E+03,5.482445E-02,2.536522E-01,3.085709E+03,1.588929E+03,1.592381E-01,1.556824E-01,1.157749E+03,4.165406E+02,5.974329E-02,4.081347E-02,6.301281E+02,1.034232E+03,3.251870E-02,1.014344E-01,1.287733E+03,8.707734E+02,6.644094E-02,8.532103E-02,1.350692E+03,8.610664E+02,6.969764E-02,8.438071E-02
19:40:00,2.531596E+04,9.554422E+03,1.304541E+00,9.374465E-01,1.062407E+03,2.537283E+03,5.482667E-02,2.489737E-01,3.085885E+03,1.557163E+03,1.592453E-01,1.525699E-01,1.157782E+03,4.045639E+02,5.974473E-02,3.963995E-02,6.301401E+02,1.029063E+03,3.251928E-02,1.009275E-01,1.287774E+03,8.261517E+02,6.644246E-02,8.094880E-02,1.350762E+03,8.463046E+02,6.970034E-02,8.293412E-02
19:50:00,2.531600E+04,9.213072E+03,1.304543E+00,9.039404E-01,1.062445E+03,2.491684E+03,5.482829E-02,2.444971E-01,3.086008E+03,1.519960E+03,1.592505E-01,1.489248E-01,1.157808E+03,3.897139E+02,5.974593E-02,3.818488E-02,6.301517E+02,1.023265E+03,3.251985E-02,1.003588E-01,1.287801E+03,7.776675E+02,6.644362E-02,7.619813E-02,1.350810E+03,8.316604E+02,6.970232E-02,8.149906E-02
20:00:00,2.531603E+04,8.881530E+03,1.304544E+00,8.713987E-01,1.062473E+03,2.448010E+03,5.482952E-02,2.402099E-01,3.086098E+03,1.478106E+03,1.592545E-01,1.448239E-01,1.157831E+03,3.722721E+02,5.974700E-02,3.647588E-02,6.301630E+02,1.016764E+03,3.252041E-02,9.972112E-02,1.287822E+03,7.272443E+02,6.644462E-02,7.125746E-02,1.350845E+03,8.170352E+02,6.970391E-02,8.006585E-02
20:10:00,2.531606E+04,8.570350E+03,1.304546E+00,8.408573E-01,1.062494E+03,2.405562E+03,5.483050E-02,2.360429E-01,3.086167E+03,1.435831E+03,1.592577E-01,1.406818E-01,1.157850E+03,3.536353E+02,5.974797E-02,3.464977E-02,6.301741E+02,1.009476E+03,3.252097E-02,9.900632E-02,1.287839E+03,6.789121E+02,6.644548E-02,6.652169E-02,1.350872E+03,8.027656E+02,6.970524E-02,7.866751E-02
20:20:00,2.531608E+04,8.282016E+03,1.304547E+00,8.125592E-01,1.062511E+03,2.364422E+03,5.483128E-02,2.320041E-01,3.086223E+03,1.394408E+03,1.592603E-01,1.366232E-01,1.157868E+03,3.343589E+02,5.974884E-02,3.276100E-02,6.301849E+02,1.001417E+03,3.252151E-02,9.821583E-02,1.287854E+03,6.337326E+02,6.644624E-02,6.209485E-02,1.350895E+03,7.889895E+02,6.970637E-02,7.731754E-02
20:30:00,2.531610E+04,8.020598E+03,1.304548E+00,7.869032E-01,1.062524E+03,2.324614E+03,5.483191E-02,2.280959E-01,3.086268E+03,1.355174E+03,1.592625E-01,1.327791E-01,1.157884E+03,3.151767E+02,5.974964E-02,3.088146E-02,6.301952E+02,9.926780E+02,3.252204E-02,9.735872E-02,1.287867E+03,5.932063E+02,6.644688E-02,5.812395E-02,1.350914E+03,7.757270E+02,6.970733E-02,7.601792E-02
20:40:00,2.531612E+04,7.789705E+03,1.304549E+00,7.642433E-01,1.062535E+03,2.286220E+03,5.483244E-02,2.243264E-01,3.086305E+03,1.320423E+03,1.592643E-01,1.293742E-01,1.157898E+03,2.969453E+02,5.975036E-02,2.909509E-02,6.302050E+02,9.834073E+02,3.252254E-02,9.644948E-02,1.287878E+03,5.588984E+02,6.644743E-02,5.476237E-02,1.350931E+03,7.630744E+02,6.970814E-02,7.477804E-02
20:50:00,2.531614E+04,7.585372E+03,1.304550E+00,7.441902E-01,1.062543E+03,2.249229E+03,5.483288E-02,2.206945E-01,3.086336E+03,1.290774E+03,1.592658E-01,1.264692E-01,1.157911E+03,2.801864E+02,5.975103E-02,2.745301E-02,6.302143E+02,9.737956E+02,3.252301E-02,9.550682E-02,1.287887E+03,5.304525E+02,6.644792E-02,5.197519E-02,1.350945E+03,7.510443E+02,6.970885E-02,7.359916E-02
21:00:00,2.531616E+04,7.403025E+03,1.304551E+00,7.262941E-01,1.062551E+03,2.213847E+03,5.483325E-02,2.172201E-01,3.086363E+03,1.266374E+03,1.592672E-01,1.240785E-01,1.157923E+03,2.651246E+02,5.975163E-02,2.597722E-02,6.302230E+02,9.640572E+02,3.252346E-02,9.455178E-02,1.287895E+03,5.071560E+02,6.644835E-02,4.969256E-02,1.350957E+03,7.398212E+02,6.970947E-02,7.249936E-02
21:10:00,2.531618E+04,7.231964E+03,1.304552E+00,7.095050E-01,1.062557E+03,2.178769E+03,5.483357E-02,2.137760E-01,3.086387E+03,1.244678E+03,1.592684E-01,1.219528E-01,1.157934E+03,2.511156E+02,5.975218E-02,2.460458E-02,6.302311E+02,9.543567E+02,3.252387E-02,9.360050E-02,1.287903E+03,4.869624E+02,6.644874E-02,4.771397E-02,1.350968E+03,7.289927E+02,6.971002E-02,7.143821E-02
21:20:00,2.531619E+04,7.068116E+03,1.304553E+00,6.934234E-01,1.062563E+03,2.143880E+03,5.483385E-02,2.103504E-01,3.086407E+03,1.224632E+03,1.592694E-01,1.199887E-01,1.157944E+03,2.379699E+02,5.975269E-02,2.331655E-02,6.302387E+02,9.448627E+02,3.252427E-02,9.266953E-02,1.287910E+03,4.688966E+02,6.644909E-02,4.594386E-02,1.350977E+03,7.183983E+02,6.971051E-02,7.039999E-02
21:30:00,2.531621E+04,6.909931E+03,1.304553E+00,6.778972E-01,1.062568E+03,2.109150E+03,5.483410E-02,2.069405E-01,3.086426E+03,1.205905E+03,1.592703E-01,1.181538E-01,1.157953E+03,2.256409E+02,5.975315E-02,2.210852E-02,6.302458E+02,9.356798E+02,3.252463E-02,9.176909E-02,1.287916E+03,4.525457E+02,6.644941E-02,4.434177E-02,1.350986E+03,7.080246E+02,6.971096E-02,6.938336E-02
21:40:00,2.531622E+04,6.756316E+03,1.304554E+00,6.628197E-01,1.062572E+03,2.074564E+03,5.483432E-02,2.035448E-01,3.086442E+03,1.188241E+03,1.592712E-01,1.164231E-01,1.157961E+03,2.140687E+02,5.975357E-02,2.097466E-02,6.302524E+02,9.268626E+02,3.252497E-02,9.090455E-02,1.287922E+03,4.375123E+02,6.644971E-02,4.286876E-02,1.350994E+03,6.978499E+02,6.971136E-02,6.838626E-02
21:50:00,2.531623E+04,6.606569E+03,1.304555E+00,6.481218E-01,1.062576E+03,2.040110E+03,5.483452E-02,2.001622E-01,3.086457E+03,1.171472E+03,1.592720E-01,1.147801E-01,1.157968E+03,2.031930E+02,5.975396E-02,1.990904E-02,6.302585E+02,9.184293E+02,3.252528E-02,9.007768E-02,1.287927E+03,4.235302E+02,6.644998E-02,4.149876E-02,1.351001E+03,6.878595E+02,6.971174E-02,6.740722E-02
22:00:00,2.531624E+04,6.460234E+03,1.304555E+00,6.337590E-01,1.062579E+03,2.005778E+03,5.483470E-02,1.967916E-01,3.086471E+03,1.155464E+03,1.592727E-01,1.132117E-01,1.157975E+03,1.929512E+02,5.975432E-02,1.890553E-02,6.302642E+02,9.103789E+02,3.252558E-02,8.928838E-02,1.287932E+03,4.103763E+02,6.645023E-02,4.020990E-02,1.351008E+03,6.780298E+02,6.971208E-02,6.644393E-02
22:10:00,2.531626E+04,5.322443E+03,1.304556E+00,5.221369E-01,1.062582E+03,1.767047E+03,5.483486E-02,1.711133E-01,3.086484E+03,9.561971E+02,1.592733E-01,9.368764E-02,1.157982E+03,1.565008E+02,5.975465E-02,1.533409E-02,6.302695E+02,7.552725E+02,3.252585E-02,7.407592E-02,1.287937E+03,3.364817E+02,6.645047E-02,3.296948E-02,1.351014E+03,5.609246E+02,6.971241E-02,5.496813E-02
22:20:00,2.531627E+04,4.209780E+03,1.304556E+00,4.129813E-01,1.062585E+03,1.557145E+03,5.483501E-02,1.477366E-01,3.086495E+03,7.597627E+02,1.592739E-01,7.444111E-02,1.157988E+03,1.219037E+02,5.975496E-02,1.194423E-02,6.302743E+02,6.016035E+02,3.252610E-02,5.900440E-02,1.287941E+03,2.649545E+02,6.645069E-02,2.596103E-02,1.351020E+03,4.498629E+02,6.971270E-02,4.399709E-02
22:30:00,2.531628E+04,3.121672E+03,1.304557E+00,3.062357E-01,1.062588E+03,1.361761E+03,5.483514E-02,1.255978E-01,3.086506E+03,5.660327E+02,1.592745E-01,5.545957E-02,1.157993E+03,8.905005E+01,5.975524E-02,8.725198E-03,6.302789E+02,4.493039E+02,3.252633E-02,4.406714E-02,1.287945E+03,1.956605E+02,6.645090E-02,1.917140E-02,1.351025E+03,3.446347E+02,6.971298E-02,3.352590E-02
22:40:00,2.531629E+04,2.057643E+03,1.304557E+00,2.018534E-01,1.062590E+03,1.177828E+03,5.483527E-02,1.044630E-01,3.086516E+03,3.748932E+02,1.592750E-01,3.673183E-02,1.157998E+03,5.783984E+01,5.975550E-02,5.667194E-03,6.302831E+02,2.983100E+02,3.252655E-02,2.925790E-02,1.287949E+03,1.284699E+02,6.645109E-02,1.258786E-02,1.351030E+03,2.613196E+02,6.971325E-02,2.478097E-02
22:50:00,2.531629E+04,1.017250E+03,1.304558E+00,9.979105E-02,1.062593E+03,1.000351E+03,5.483538E-02,8.394563E-02,3.086526E+03,1.862454E+02,1.592755E-01,1.824822E-02,1.158003E+03,2.818351E+01,5.975574E-02,2.761442E-03,6.302870E+02,1.485607E+02,3.252675E-02,1.457068E-02,1.287952E+03,6.328161E+01,6.645127E-02,6.200520E-03,1.351035E+03,1.799627E+02,6.971349E-02,1.619954E-02
23:00:00,2.531630E+04,0.000000E+00,1.304558E+00,0.000000E+00,1.062595E+03,8.272988E+02,5.483549E-02,6.388978E-02,3.086535E+03,0.000000E+00,1.592759E-01,0.000000E+00,1.158007E+03,0.000000E+00,5.975596E-02,0.000000E+00,6.302906E+02,0.000000E+00,3.252694E-02,0.000000E+00,1.287955E+03,0.000000E+00,6.645145E-02,0.000000E+00,1.351040E+03,9.676075E+01,6.971373E-02,7.508762E-03
23:10:00,2.531631E+04,0.000000E+00,1.304559E+00,0.000000E+00,1.062597E+03,8.632778E+02,5.483559E-02,6.661984E-02,3.086543E+03,0.000000E+00,1.592764E-01,0.000000E+00,1.158011E+03,0.000000E+00,5.975617E-02,0.000000E+00,6.302940E+02,0.000000E+00,3.252711E-02,0.000000E+00,1.287959E+03,0.000000E+00,6.645161E-02,0.000000E+00,1.351044E+03,1.237596E+02,6.971395E-02,9.591765E-03
23:20:00,2.531632E+04,0.000000E+00,1.304559E+00,0.000000E+00,1.062598E+03,8.749506E+02,5.483568E-02,6.751770E-02,3.086551E+03,0.000000E+00,1.592768E-01,0.000000E+00,1.158015E+03,0.000000E+00,5.975636E-02,0.000000E+00,6.302972E+02,0.000000E+00,3.252728E-02,0.000000E+00,1.287962E+03,0.000000E+00,6.645177E-02,0.000000E+00,1.351048E+03,1.461451E+02,6.971416E-02,1.131525E-02
23:30:00,2.531633E+04,0.000000E+00,1.304559E+00,0.000000E+00,1.062600E+03,8.765929E+02,5.483577E-02,6.764430E-02,3.086558E+03,0.000000E+00,1.592772E-01,0.000000E+00,1.158018E+03,0.000000E+00,5.975654E-02,0.000000E+00,6.303001E+02,0.000000E+00,3.252743E-02,0.000000E+00,1.287965E+03,0.000000E+00,6.645192E-02,0.000000E+00,1.351052E+03,1.639695E+02,6.971436E-02,1.267137E-02
23:40:00,2.531633E+04,0.000000E+00,1.304560E+00,0.000000E+00,1.062602E+03,8.712454E+02,5.483585E-02,6.723095E-02,3.086565E+03,0.000000E+00,1.592775E-01,0.000000E+00,1.158022E+03,0.000000E+00,5.975671E-02,0.000000E+00,6.303029E+02,0.000000E+00,3.252757E-02,0.000000E+00,1.287967E+03,0.000000E+00,6.645206E-02,0.000000E+00,1.351056E+03,1.610127E+02,6.971456E-02,1.242237E-02
23:50:00,2.531634E+04,0.000000E+00,1.304560E+00,0.000000E+00,1.062603E+03,8.638800E+02,5.483593E-02,6.666229E-02,3.086572E+03,0.000000E+00,1.592779E-01,0.000000E+00,1.158025E+03,0.000000E+00,5.975686E-02,0.000000E+00,6.303054E+02,0.000000E+00,3.252770E-02,0.000000E+00,1.287970E+03,0.000000E+00,6.645220E-02,0.000000E+00,1.351059E+03,1.571289E+02,6.971474E-02,1.212278E-02
24:00:00,2.531635E+04,0.000000E+00,1.304561E+00,0.000000E+00,1.062605E+03,8.565081E+02,5.483600E-02,6.609229E-02,3.086578E+03,0.000000E+00,1.592782E-01,0.000000E+00,1.158027E+03,0.000000E+00,5.975701E-02,0.000000E+00,6.303078E+02,0.000000E+00,3.252782E-02,0.000000E+00,1.287973E+03,0.000000E+00,6.645233E-02,0.000000E+00,1.351063E+03,1.560252E+02,6.971492E-02,1.203762E-02
Peak,2.531648E+04,1.300846E+04,1.304567E+00,1.276576E+00,1.062632E+03,3.502817E+03,5.483742E-02,3.437836E-01,3.086706E+03,2.356828E+03,1.592848E-01,2.236958E-01,1.158075E+03,4.503662E+02,5.975944E-02,4.412783E-02,6.303444E+02,1.060822E+03,3.252971E-02,1.040433E-01,1.288028E+03,1.035989E+03,6.645520E-02,1.015098E-01,1.351137E+03,1.176944E+03,6.971877E-02,1.153359E-01

Peak Vol Flow (m3/s),,,1.091248E+00,1.067833E+00,,,4.587053E-02,2.875689E-01,,,1.332389E-01,1.871176E-01,,,4.998772E-02,3.691216E-02,,,2.721053E-02,8.703041E-02,,,5.558860E-02,8.491113E-02,,,5.831853E-02,9.647647E-02
