Time,THERMAL ZONE 1:PIACENZA ANN HTG 99.6% CONDNS DB:Des Heat Load [W],THERMAL ZONE 1:CAIRO ANN CLG .4% CONDNS DB=>MWB:Des Sens Cool Load [W],THERMAL ZONE 1:PIACENZA ANN HTG 99.6% CONDNS DB:Des Heat Mass Flow [kg/s],THERMAL ZONE 1:CAIRO ANN CLG .4% CONDNS DB=>MWB:Des Cool Mass Flow [kg/s],THERMAL ZONE 10:PIACENZA ANN HTG 99.6% CONDNS DB:Des Heat Load [W],THERMAL ZONE 10:CAIRO ANN CLG .4% CONDNS DB=>MWB:Des Sens Cool Load [W],THERMAL ZONE 10:PIACENZA ANN HTG 99.6% CONDNS DB:Des Heat Mass Flow [kg/s],THERMAL ZONE 10:CAIRO ANN CLG .4% CONDNS DB=>MWB:Des Cool Mass Flow [kg/s],THERMAL ZONE 11:PIACENZA ANN HTG 99.6% CONDNS DB:Des Heat Load [W],THERMAL ZONE 11:CAIRO ANN CLG .4% CONDNS DB=>MWB:Des Sens Cool Load [W],THERMAL ZONE 11:PIACENZA ANN HTG 99.6% CONDNS DB:Des Heat Mass Flow [kg/s],THERMAL ZONE 11:CAIRO ANN CLG .4% CONDNS DB=>MWB:Des Cool Mass Flow [kg/s],THERMAL ZONE 12:PIACENZA ANN HTG 99.6% CONDNS DB:Des Heat Load [W],THERMAL ZONE 12:CAIRO ANN CLG .4% CONDNS DB=>MWB:Des Sens Cool Load [W],THERMAL ZONE 12:PIACENZA ANN HTG 99.6% CONDNS DB:Des Heat Mass Flow [kg/s],THERMAL ZONE 12:CAIRO ANN CLG .4% CONDNS DB=>MWB:Des Cool Mass Flow [kg/s],THERMAL ZONE 2:PIACENZA ANN HTG 99.6% CONDNS DB:Des Heat Load [W],THERMAL ZONE 2:CAIRO ANN CLG .4% CONDNS DB=>MWB:Des Sens Cool Load [W],THERMAL ZONE 2:PIACENZA ANN HTG 99.6% CONDNS DB:Des Heat Mass Flow [kg/s],THERMAL ZONE 2:CAIRO ANN CLG .4% CONDNS DB=>MWB:Des Cool Mass Flow [kg/s],THERMAL ZONE 3:PIACENZA ANN HTG 99.6% CONDNS DB:Des Heat Load [W],THERMAL ZONE 3:CAIRO ANN CLG .4% CONDNS DB=>MWB:Des Sens Cool Load [W],THERMAL ZONE 3:PIACENZA ANN HTG 99.6% CONDNS DB:Des Heat Mass Flow [kg/s],THERMAL ZONE 3:CAIRO ANN CLG .4% CONDNS DB=>MWB:Des Cool Mass Flow [kg/s],THERMAL ZONE 4:PIACENZA ANN HTG 99.6% CONDNS DB:Des Heat Load [W],THERMAL ZONE 4:CAIRO ANN CLG .4% CONDNS DB=>MWB:Des Sens Cool Load [W],THERMAL ZONE 4:PIACENZA ANN HTG 99.6% CONDNS DB:Des Heat Mass Flow [kg/s],THERMAL ZONE 4:CAIRO ANN CLG .4% CONDNS DB=>MWB:Des Cool Mass Flow [kg/s],THERMAL ZONE 6:PIACENZA ANN HTG 99.6% CONDNS DB:Des Heat Load [W],THERMAL ZONE 6:CAIRO ANN CLG .4% CONDNS DB=>MWB:Des Sens Cool Load [W],THERMAL ZONE 6:PIACENZA ANN HTG 99.6% CONDNS DB:Des Heat Mass Flow [kg/s],THERMAL ZONE 6:CAIRO ANN CLG .4% CONDNS DB=>MWB:Des Cool Mass Flow [kg/s],THERMAL ZONE 7:PIACENZA ANN HTG 99.6% CONDNS DB:Des Heat Load [W],THERMAL ZONE 7:CAIRO ANN CLG .4% CONDNS DB=>MWB:Des Sens Cool Load [W],THERMAL ZONE 7:PIACENZA ANN HTG 99.6% CONDNS DB:Des Heat Mass Flow [kg/s],THERMAL ZONE 7:CAIRO ANN CLG .4% CONDNS DB=>MWB:Des Cool Mass Flow [kg/s],THERMAL ZONE 8:PIACENZA ANN HTG 99.6% CONDNS DB:Des Heat Load [W],THERMAL ZONE 8:CAIRO ANN CLG .4% CONDNS DB=>MWB:Des Sens Cool Load [W],THERMAL ZONE 8:PIACENZA ANN HTG 99.6% CONDNS DB:Des Heat Mass Flow [kg/s],THERMAL ZONE 8:CAIRO ANN CLG .4% CONDNS DB=>MWB:Des Cool Mass Flow [kg/s],THERMAL ZONE 9:PIACENZA ANN HTG 99.6% CONDNS DB:Des Heat Load [W],THERMAL ZONE 9:CAIRO ANN CLG .4% CONDNS DB=>MWB:Des Sens Cool Load [W],THERMAL ZONE 9:PIACENZA ANN HTG 99.6% CONDNS DB:Des Heat Mass Flow [kg/s],THERMAL ZONE 9:CAIRO ANN CLG .4% CONDNS DB=>MWB:Des Cool Mass Flow [kg/s]
00:15:00,1.463710E+04,1.715673E+04,7.553643E-01,1.323837E+00,8.096689E+03,3.288054E+03,4.177721E-01,2.536766E-01,2.007791E+04,9.774249E+03,1.036007E+00,7.540958E-01,8.091824E+03,3.034928E+03,4.175211E-01,2.341481E-01,5.297230E+03,8.683013E+02,2.733763E-01,6.698936E-02,1.172186E+04,2.211466E+03,6.049618E-01,1.706137E-01,5.325163E+03,7.609455E+02,2.748179E-01,5.870680E-02,6.076579E+03,3.096064E+03,3.135969E-01,2.388644E-01,1.307328E+04,9.095106E+03,6.747086E-01,7.016993E-01,6.086454E+03,2.915719E+03,3.141065E-01,2.249520E-01,2.133262E+04,2.367510E+04,1.100684E+00,1.826735E+00
00:30:00,1.463856E+04,1.696656E+04,7.554395E-01,1.309138E+00,8.096715E+03,3.239816E+03,4.177734E-01,2.499539E-01,2.007798E+04,9.683374E+03,1.036011E+00,7.470811E-01,8.091850E+03,2.995846E+03,4.175224E-01,2.311318E-01,5.297240E+03,8.429609E+02,2.733768E-01,6.503417E-02,1.172188E+04,2.118840E+03,6.049631E-01,1.634672E-01,5.325172E+03,7.366498E+02,2.748183E-01,5.683220E-02,6.076679E+03,3.060021E+03,3.136020E-01,2.360824E-01,1.307352E+04,9.036734E+03,6.747207E-01,6.971917E-01,6.086555E+03,2.888766E+03,3.141117E-01,2.228712E-01,2.133378E+04,2.342446E+04,1.100744E+00,1.807377E+00
00:45:00,1.463998E+04,1.678008E+04,7.555127E-01,1.294717E+00,8.096740E+03,3.190865E+03,4.177747E-01,2.461762E-01,2.007805E+04,9.590664E+03,1.036014E+00,7.399247E-01,8.091875E+03,2.955798E+03,4.175237E-01,2.280410E-01,5.297249E+03,8.096023E+02,2.733773E-01,6.246042E-02,1.172191E+04,2.082457E+03,6.049643E-01,1.606600E-01,5.325181E+03,7.100903E+02,2.748188E-01,5.478304E-02,6.076777E+03,3.024968E+03,3.136071E-01,2.333767E-01,1.307374E+04,8.979063E+03,6.747325E-01,6.927377E-01,6.086652E+03,2.862976E+03,3.141167E-01,2.208799E-01,2.133493E+04,2.317406E+04,1.100804E+00,1.788028E+00
01:00:00,1.464136E+04,1.659718E+04,7.555841E-01,1.280570E+00,8.096764E+03,3.141942E+03,4.177759E-01,2.424008E-01,2.007811E+04,9.497719E+03,1.036018E+00,7.327508E-01,8.091899E+03,2.915846E+03,4.175249E-01,2.249578E-01,5.297257E+03,7.768593E+02,2.733777E-01,5.993417E-02,1.172193E+04,2.020748E+03,6.049655E-01,1.558990E-01,5.325190E+03,6.814201E+02,2.748193E-01,5.257103E-02,6.076872E+03,2.991462E+03,3.136120E-01,2.307905E-01,1.307397E+04,8.921867E+03,6.747439E-01,6.883209E-01,6.086747E+03,2.838868E+03,3.141216E-01,2.190187E-01,2.133607E+04,2.292604E+04,1.100862E+00,1.768857E+00
01:15:00,1.464271E+04,1.653383E+04,7.556537E-01,1.275648E+00,8.096787E+03,3.100029E+03,4.177771E-01,2.391666E-01,2.007818E+04,9.427185E+03,1.036021E+00,7.273065E-01,8.091922E+03,2.882634E+03,4.175261E-01,2.223948E-01,5.297266E+03,7.512996E+02,2.733782E-01,5.796212E-02,1.172195E+04,1.981851E+03,6.049666E-01,1.528979E-01,5.325198E+03,6.595888E+02,2.748197E-01,5.088666E-02,6.076964E+03,2.965399E+03,3.136168E-01,2.287788E-01,1.307418E+04,8.886076E+03,6.747551E-01,6.855562E-01,6.086840E+03,2.821916E+03,3.141264E-01,2.177098E-01,2.133720E+04,2.279715E+04,1.100921E+00,1.758875E+00
01:30:00,1.464402E+04,1.647574E+04,7.557214E-01,1.271131E+00,8.096809E+03,3.060273E+03,4.177783E-01,2.360988E-01,2.007824E+04,9.359816E+03,1.036024E+00,7.221068E-01,8.091944E+03,2.851242E+03,4.175273E-01,2.199723E-01,5.297274E+03,7.275168E+02,2.733786E-01,5.612719E-02,1.172197E+04,1.945628E+03,6.049677E-01,1.501031E-01,5.325207E+03,6.392403E+02,2.748201E-01,4.931671E-02,6.077054E+03,2.941602E+03,3.136214E-01,2.269421E-01,1.307439E+04,8.851781E+03,6.747659E-01,6.829075E-01,6.086930E+03,2.806538E+03,3.141310E-01,2.165226E-01,2.133832E+04,2.267503E+04,1.100979E+00,1.749413E+00
01:45:00,1.464530E+04,1.642130E+04,7.557874E-01,1.266905E+00,8.096831E+03,3.022687E+03,4.177794E-01,2.331986E-01,2.007830E+04,9.295994E+03,1.036027E+00,7.171814E-01,8.091966E+03,2.822026E+03,4.175284E-01,2.177179E-01,5.297282E+03,7.054573E+02,2.733790E-01,5.442522E-02,1.172199E+04,1.911971E+03,6.049687E-01,1.475063E-01,5.325215E+03,6.203664E+02,2.748205E-01,4.786054E-02,6.077142E+03,2.920201E+03,3.136259E-01,2.252904E-01,1.307460E+04,8.819383E+03,6.747764E-01,6.804057E-01,6.087017E+03,2.792355E+03,3.141356E-01,2.154276E-01,2.133944E+04,2.255882E+04,1.101036E+00,1.740419E+00
02:00:00,1.464654E+04,1.637059E+04,7.558516E-01,1.262978E+00,8.096852E+03,2.987738E+03,4.177805E-01,2.305020E-01,2.007836E+04,9.235714E+03,1.036031E+00,7.125296E-01,8.091987E+03,2.795199E+03,4.175295E-01,2.156479E-01,5.297290E+03,6.852065E+02,2.733794E-01,5.286282E-02,1.172201E+04,1.881158E+03,6.049697E-01,1.451290E-01,5.325222E+03,6.030820E+02,2.748209E-01,4.652700E-02,6.077227E+03,2.900766E+03,3.136303E-01,2.237906E-01,1.307479E+04,8.788951E+03,6.747867E-01,6.780561E-01,6.087102E+03,2.778986E+03,3.141400E-01,2.143958E-01,2.134054E+04,2.244875E+04,1.101093E+00,1.731915E+00
02:15:00,1.464775E+04,1.632236E+04,7.559141E-01,1.259251E+00,8.096872E+03,2.954440E+03,4.177815E-01,2.279329E-01,2.007842E+04,9.177152E+03,1.036033E+00,7.080109E-01,8.092007E+03,2.769960E+03,4.175305E-01,2.137006E-01,5.297297E+03,6.660684E+02,2.733798E-01,5.138628E-02,1.172203E+04,1.851826E+03,6.049706E-01,1.428660E-01,5.325230E+03,5.867141E+02,2.748213E-01,4.526419E-02,6.077310E+03,2.882319E+03,3.136346E-01,2.223672E-01,1.307499E+04,8.759630E+03,6.747967E-01,6.757928E-01,6.087185E+03,2.766012E+03,3.141442E-01,2.133944E-01,2.134163E+04,2.234256E+04,1.101149E+00,1.723718E+00
02:30:00,1.464893E+04,1.627644E+04,7.559750E-01,1.255706E+00,8.096892E+03,2.922913E+03,4.177826E-01,2.255005E-01,2.007848E+04,9.120244E+03,1.036036E+00,7.036200E-01,8.092027E+03,2.745748E+03,4.175316E-01,2.118325E-01,5.297304E+03,6.478955E+02,2.733801E-01,4.998422E-02,1.172205E+04,1.823783E+03,6.049715E-01,1.407023E-01,5.325237E+03,5.711375E+02,2.748217E-01,4.406244E-02,6.077391E+03,2.864471E+03,3.136388E-01,2.209899E-01,1.307518E+04,8.731294E+03,6.748064E-01,6.736058E-01,6.087266E+03,2.753140E+03,3.141484E-01,2.124011E-01,2.134270E+04,2.224016E+04,1.101205E+00,1.715818E+00
02:45:00,1.465008E+04,1.623283E+04,7.560343E-01,1.252341E+00,8.096911E+03,2.893065E+03,4.177835E-01,2.231978E-01,2.007853E+04,9.064664E+03,1.036039E+00,6.993317E-01,8.092046E+03,2.722418E+03,4.175325E-01,2.100325E-01,5.297311E+03,6.306742E+02,2.733805E-01,4.865558E-02,1.172207E+04,1.797091E+03,6.049724E-01,1.386430E-01,5.325244E+03,5.563584E+02,2.748220E-01,4.292222E-02,6.077469E+03,2.846891E+03,3.136428E-01,2.196336E-01,1.307536E+04,8.703967E+03,6.748159E-01,6.714970E-01,6.087345E+03,2.740414E+03,3.141525E-01,2.114192E-01,2.134377E+04,2.214157E+04,1.101260E+00,1.708212E+00
03:00:00,1.465120E+04,1.619156E+04,7.560921E-01,1.249156E+00,8.096929E+03,2.864395E+03,4.177845E-01,2.209858E-01,2.007858E+04,9.011304E+03,1.036042E+00,6.952148E-01,8.092064E+03,2.699662E+03,4.175335E-01,2.082769E-01,5.297318E+03,6.144174E+02,2.733809E-01,4.740135E-02,1.172208E+04,1.771854E+03,6.049733E-01,1.366959E-01,5.325250E+03,5.424069E+02,2.748224E-01,4.184585E-02,6.077546E+03,2.829915E+03,3.136468E-01,2.183238E-01,1.307554E+04,8.677713E+03,6.748251E-01,6.694710E-01,6.087421E+03,2.727824E+03,3.141564E-01,2.104477E-01,2.134482E+04,2.204681E+04,1.101314E+00,1.700901E+00
03:15:00,1.465229E+04,1.615108E+04,7.561483E-01,1.246033E+00,8.096947E+03,2.835896E+03,4.177854E-01,2.187872E-01,2.007863E+04,8.958043E+03,1.036044E+00,6.911057E-01,8.092082E+03,2.676556E+03,4.175344E-01,2.064942E-01,5.297324E+03,5.983843E+02,2.733812E-01,4.616439E-02,1.172210E+04,1.746589E+03,6.049741E-01,1.347466E-01,5.325257E+03,5.285534E+02,2.748227E-01,4.077705E-02,6.077620E+03,2.813261E+03,3.136506E-01,2.170388E-01,1.307571E+04,8.651375E+03,6.748341E-01,6.674387E-01,6.087496E+03,2.714800E+03,3.141603E-01,2.094428E-01,2.134586E+04,2.195368E+04,1.101367E+00,1.693716E+00
03:30:00,1.465335E+04,1.611105E+04,7.562030E-01,1.242945E+00,8.096964E+03,2.807248E+03,4.177863E-01,2.165770E-01,2.007868E+04,8.904788E+03,1.036047E+00,6.869970E-01,8.092100E+03,2.653413E+03,4.175353E-01,2.047088E-01,5.297331E+03,5.823940E+02,2.733815E-01,4.493074E-02,1.172211E+04,1.720985E+03,6.049749E-01,1.327712E-01,5.325263E+03,5.146293E+02,2.748230E-01,3.970281E-02,6.077693E+03,2.796903E+03,3.136544E-01,2.157768E-01,1.307588E+04,8.624681E+03,6.748428E-01,6.653791E-01,6.087568E+03,2.701485E+03,3.141640E-01,2.084155E-01,2.134688E+04,2.186191E+04,1.101420E+00,1.686636E+00
03:45:00,1.465438E+04,1.607136E+04,7.562563E-01,1.239883E+00,8.096981E+03,2.778393E+03,4.177872E-01,2.143508E-01,2.007873E+04,8.851537E+03,1.036049E+00,6.828887E-01,8.092116E+03,2.630211E+03,4.175362E-01,2.029187E-01,5.297337E+03,5.663993E+02,2.733818E-01,4.369676E-02,1.172213E+04,1.694997E+03,6.049757E-01,1.307662E-01,5.325270E+03,5.005995E+02,2.748234E-01,3.862041E-02,6.077763E+03,2.780895E+03,3.136580E-01,2.145418E-01,1.307605E+04,8.597524E+03,6.748513E-01,6.632838E-01,6.087639E+03,2.687880E+03,3.141676E-01,2.073658E-01,2.134789E+04,2.177143E+04,1.101472E+00,1.679655E+00
04:00:00,1.465539E+04,1.603198E+04,7.563082E-01,1.236845E+00,8.096997E+03,2.749677E+03,4.177880E-01,2.121353E-01,2.007878E+04,8.798333E+03,1.036052E+00,6.787839E-01,8.092133E+03,2.606977E+03,4.175370E-01,2.011262E-01,5.297343E+03,5.503889E+02,2.733822E-01,4.246157E-02,1.172214E+04,1.668643E+03,6.049764E-01,1.287330E-01,5.325276E+03,4.864628E+02,2.748237E-01,3.752977E-02,6.077832E+03,2.765458E+03,3.136615E-01,2.133508E-01,1.307621E+04,8.569866E+03,6.748596E-01,6.611498E-01,6.087708E+03,2.673986E+03,3.141712E-01,2.062939E-01,2.134889E+04,2.168228E+04,1.101524E+00,1.672777E+00
04:15:00,1.465637E+04,1.599457E+04,7.563587E-01,1.233959E+00,8.097013E+03,2.722026E+03,4.177888E-01,2.100021E-01,2.007882E+04,8.747645E+03,1.036054E+00,6.748734E-01,8.092148E+03,2.584686E+03,4.175378E-01,1.994065E-01,5.297349E+03,5.351579E+02,2.733825E-01,4.128650E-02,1.172216E+04,1.643601E+03,6.049772E-01,1.268010E-01,5.325282E+03,4.730255E+02,2.748240E-01,3.649310E-02,6.077899E+03,2.751219E+03,3.136650E-01,2.122523E-01,1.307637E+04,8.543072E+03,6.748677E-01,6.590827E-01,6.087775E+03,2.660449E+03,3.141747E-01,2.052495E-01,2.134987E+04,2.159664E+04,1.101575E+00,1.666170E+00
04:30:00,1.465732E+04,1.595947E+04,7.564079E-01,1.231250E+00,8.097028E+03,2.695605E+03,4.177896E-01,2.079637E-01,2.007886E+04,8.699770E+03,1.036056E+00,6.711799E-01,8.092164E+03,2.563494E+03,4.175386E-01,1.977715E-01,5.297355E+03,5.208945E+02,2.733827E-01,4.018609E-02,1.172217E+04,1.620281E+03,6.049779E-01,1.250019E-01,5.325287E+03,4.604859E+02,2.748243E-01,3.552567E-02,6.077964E+03,2.737985E+03,3.136684E-01,2.112314E-01,1.307652E+04,8.517440E+03,6.748756E-01,6.571051E-01,6.087840E+03,2.647418E+03,3.141780E-01,2.042441E-01,2.135084E+04,2.151498E+04,1.101625E+00,1.659870E+00
04:45:00,1.465825E+04,1.592678E+04,7.564558E-01,1.228729E+00,8.097043E+03,2.670503E+03,4.177904E-01,2.060271E-01,2.007891E+04,8.654875E+03,1.036059E+00,6.677163E-01,8.092178E+03,2.543487E+03,4.175394E-01,1.962280E-01,5.297360E+03,5.076526E+02,2.733830E-01,3.916449E-02,1.172219E+04,1.598818E+03,6.049786E-01,1.233460E-01,5.325293E+03,4.489062E+02,2.748246E-01,3.463231E-02,6.078028E+03,2.725639E+03,3.136716E-01,2.102789E-01,1.307667E+04,8.493107E+03,6.748833E-01,6.552278E-01,6.087903E+03,2.634974E+03,3.141813E-01,2.032841E-01,2.135180E+04,2.143711E+04,1.101674E+00,1.653863E+00
05:00:00,1.465915E+04,1.590236E+04,7.565024E-01,1.226845E+00,8.097058E+03,2.647938E+03,4.177911E-01,2.042863E-01,2.007895E+04,8.617871E+03,1.036061E+00,6.648615E-01,8.092193E+03,2.528165E+03,4.175401E-01,1.950459E-01,5.297366E+03,4.977693E+02,2.733833E-01,3.840200E-02,1.172220E+04,1.591209E+03,6.049793E-01,1.227589E-01,5.325298E+03,4.457985E+02,2.748248E-01,3.439255E-02,6.078090E+03,2.715100E+03,3.136748E-01,2.094658E-01,1.307681E+04,8.477495E+03,6.748908E-01,6.540233E-01,6.087965E+03,2.627557E+03,3.141845E-01,2.027119E-01,2.135274E+04,2.136712E+04,1.101723E+00,1.648464E+00
05:15:00,1.466003E+04,1.590687E+04,7.565478E-01,1.227192E+00,8.097071E+03,2.632694E+03,4.177918E-01,2.031102E-01,2.007899E+04,8.611855E+03,1.036063E+00,6.643974E-01,8.092207E+03,2.536094E+03,4.175408E-01,1.956576E-01,5.297371E+03,4.966849E+02,2.733836E-01,3.831833E-02,1.172221E+04,1.639137E+03,6.049799E-01,1.264565E-01,5.325303E+03,4.861503E+02,2.748251E-01,3.750561E-02,6.078150E+03,2.709950E+03,3.136779E-01,2.090685E-01,1.307695E+04,8.498150E+03,6.748981E-01,6.556168E-01,6.088025E+03,2.645857E+03,3.141876E-01,2.041237E-01,2.135367E+04,2.132358E+04,1.101770E+00,1.645105E+00
05:30:00,1.466089E+04,1.595959E+04,7.565921E-01,1.231260E+00,8.097085E+03,2.627211E+03,4.177925E-01,2.026872E-01,2.007903E+04,8.655500E+03,1.036065E+00,6.677646E-01,8.092220E+03,2.590359E+03,4.175415E-01,1.998442E-01,5.297376E+03,5.076224E+02,2.733838E-01,3.916214E-02,1.172222E+04,1.782797E+03,6.049806E-01,1.375396E-01,5.325309E+03,6.105294E+02,2.748254E-01,4.710126E-02,6.078208E+03,2.712489E+03,3.136810E-01,2.092643E-01,1.307709E+04,8.578156E+03,6.749052E-01,6.617891E-01,6.088084E+03,2.701818E+03,3.141906E-01,2.084410E-01,2.135458E+04,2.132724E+04,1.101818E+00,1.645387E+00
05:45:00,1.466173E+04,1.606884E+04,7.566351E-01,1.239689E+00,8.097098E+03,2.632748E+03,4.177932E-01,2.031143E-01,2.007906E+04,8.762788E+03,1.036067E+00,6.760420E-01,8.092233E+03,2.717977E+03,4.175422E-01,2.096900E-01,5.297381E+03,5.322429E+02,2.733841E-01,4.106157E-02,1.172224E+04,2.018919E+03,6.049812E-01,1.557560E-01,5.325313E+03,8.240426E+02,2.748256E-01,6.357355E-02,6.078266E+03,2.723542E+03,3.136839E-01,2.101171E-01,1.307723E+04,8.722676E+03,6.749121E-01,6.729386E-01,6.088141E+03,2.827173E+03,3.141936E-01,2.181120E-01,2.135548E+04,2.139233E+04,1.101864E+00,1.650408E+00
06:00:00,1.466254E+04,1.622861E+04,7.566771E-01,1.252015E+00,8.097111E+03,2.647515E+03,4.177939E-01,2.042536E-01,2.007910E+04,8.924125E+03,1.036069E+00,6.884891E-01,8.092246E+03,2.914211E+03,4.175429E-01,2.248294E-01,5.297386E+03,5.678255E+02,2.733844E-01,4.380672E-02,1.172225E+04,2.313720E+03,6.049818E-01,1.784995E-01,5.325318E+03,1.118660E+03,2.748259E-01,8.630301E-02,6.078321E+03,2.742971E+03,3.136868E-01,2.116160E-01,1.307736E+04,8.920475E+03,6.749188E-01,6.881985E-01,6.088197E+03,3.011547E+03,3.141964E-01,2.323363E-01,2.135636E+04,2.151640E+04,1.101910E+00,1.659980E+00
06:15:00,1.426144E+04,2.122995E+04,7.359778E-01,1.762779E+00,7.654107E+03,3.802419E+03,3.949358E-01,3.096377E-01,1.881050E+04,1.273644E+04,9.706096E-01,1.035460E+00,7.649243E+03,4.415485E+03,3.946848E-01,3.628258E-01,5.136634E+03,1.928325E+03,2.650884E-01,1.588274E-01,1.140075E+04,6.846473E+03,5.883892E-01,5.617015E-01,5.164566E+03,2.680604E+03,2.665299E-01,2.213888E-01,5.917449E+03,3.789035E+03,3.053846E-01,3.070384E-01,1.275563E+04,1.273488E+04,6.583147E-01,1.035074E+00,5.927324E+03,4.452004E+03,3.058942E-01,3.650947E-01,2.035038E+04,2.688637E+04,1.050005E+00,2.228618E+00
06:30:00,1.386000E+04,2.419915E+04,7.152633E-01,2.137805E+00,7.210500E+03,3.856539E+03,3.720510E-01,3.286692E-01,1.753974E+04,1.285122E+04,9.050509E-01,1.092574E+00,7.205634E+03,4.815552E+03,3.718000E-01,4.163498E-01,4.975728E+03,1.891751E+03,2.567852E-01,1.580826E-01,1.107893E+04,6.796108E+03,5.717815E-01,5.680334E-01,5.003661E+03,2.876274E+03,2.582268E-01,2.454609E-01,5.755922E+03,3.785286E+03,2.970494E-01,3.208877E-01,1.243244E+04,1.258852E+04,6.416359E-01,1.066571E+00,5.765798E+03,4.805374E+03,2.975590E-01,4.145748E-01,1.934326E+04,3.036489E+04,9.980515E-01,2.681154E+00
06:45:00,1.345821E+04,2.862099E+04,6.945339E-01,2.656677E+00,6.766719E+03,4.616921E+03,3.491603E-01,4.170126E-01,1.626898E+04,1.536895E+04,8.394968E-01,1.386255E+00,6.761854E+03,5.861593E+03,3.489093E-01,5.346064E-01,4.814731E+03,2.628331E+03,2.484782E-01,2.333134E-01,1.075700E+04,9.266458E+03,5.551689E-01,8.231697E-01,4.842664E+03,3.757589E+03,2.499197E-01,3.385176E-01,5.593508E+03,4.505110E+03,2.886694E-01,4.057526E-01,1.210734E+04,1.486248E+04,6.248601E-01,1.336445E+00,5.603383E+03,5.808159E+03,2.891790E-01,5.290767E-01,1.833546E+04,3.526015E+04,9.460743E-01,3.273944E+00
07:00:00,1.305592E+04,3.279610E+04,6.737827E-01,3.152667E+00,6.322545E+03,5.195175E+03,3.262527E-01,4.876158E-01,1.499725E+04,1.723868E+04,7.738986E-01,1.617487E+00,6.317680E+03,6.726935E+03,3.260017E-01,6.365738E-01,4.653577E+03,3.164885E+03,2.401640E-01,2.891677E-01,1.043481E+04,1.101990E+04,5.385435E-01,1.009458E+00,4.681509E+03,4.408536E+03,2.416055E-01,4.108034E-01,5.430353E+03,5.043781E+03,2.802525E-01,4.730144E-01,1.178067E+04,1.650691E+04,6.080038E-01,1.545810E+00,5.440228E+03,6.643207E+03,2.807621E-01,6.284136E-01,1.732663E+04,3.990692E+04,8.940564E-01,3.843600E+00
07:15:00,1.305508E+04,3.231856E+04,6.737523E-01,3.169220E+00,6.321120E+03,4.650147E+03,3.261929E-01,4.556522E-01,1.499349E+04,1.547957E+04,7.737323E-01,1.516790E+00,6.316255E+03,6.328143E+03,3.259419E-01,6.200791E-01,4.653062E+03,2.399312E+03,2.401409E-01,2.350967E-01,1.043391E+04,8.551380E+03,5.385015E-01,8.379066E-01,4.680992E+03,3.802486E+03,2.415824E-01,3.725951E-01,5.427698E+03,4.578117E+03,2.801198E-01,4.485930E-01,1.177493E+04,1.456386E+04,6.077128E-01,1.427055E+00,5.437573E+03,6.263489E+03,2.806294E-01,6.137417E-01,1.732395E+04,3.950686E+04,8.939617E-01,3.873880E+00
07:30:00,1.305412E+04,3.405130E+04,6.737164E-01,3.339793E+00,6.320126E+03,5.223224E+03,3.261528E-01,5.118182E-01,1.499143E+04,1.742121E+04,7.736452E-01,1.707083E+00,6.315262E+03,7.046082E+03,3.259018E-01,6.904458E-01,4.652615E+03,3.048613E+03,2.401213E-01,2.987236E-01,1.043316E+04,1.062773E+04,5.384667E-01,1.041375E+00,4.680543E+03,4.528276E+03,2.415627E-01,4.437245E-01,5.425448E+03,5.182603E+03,2.800080E-01,5.078368E-01,1.177011E+04,1.658208E+04,6.074690E-01,1.624850E+00,5.435322E+03,6.995812E+03,2.805176E-01,6.855181E-01,1.732189E+04,4.119050E+04,8.938946E-01,4.039669E+00
07:45:00,1.305305E+04,3.449592E+04,6.736723E-01,3.383668E+00,6.319190E+03,5.108294E+03,3.261139E-01,5.005688E-01,1.498903E+04,1.695176E+04,7.735382E-01,1.661123E+00,6.314326E+03,7.099729E+03,3.258629E-01,6.957169E-01,4.652199E+03,2.941212E+03,2.401029E-01,2.882109E-01,1.043238E+04,1.014773E+04,5.384306E-01,9.943763E-01,4.680126E+03,4.522456E+03,2.415443E-01,4.431690E-01,5.423910E+03,5.083867E+03,2.799325E-01,4.981751E-01,1.176679E+04,1.617431E+04,6.073024E-01,1.584937E+00,5.433784E+03,7.063669E+03,2.804421E-01,6.921826E-01,1.732010E+04,4.163433E+04,8.938330E-01,4.083443E+00
08:00:00,1.305196E+04,3.534808E+04,6.736245E-01,3.467237E+00,6.318572E+03,5.196029E+03,3.260885E-01,5.091686E-01,1.498734E+04,1.713239E+04,7.734640E-01,1.678830E+00,6.313708E+03,7.310177E+03,3.258375E-01,7.163415E-01,4.651897E+03,3.050518E+03,2.400897E-01,2.989249E-01,1.043177E+04,1.037441E+04,5.384022E-01,1.016595E+00,4.679824E+03,4.694102E+03,2.415311E-01,4.599925E-01,5.422990E+03,5.186288E+03,2.798879E-01,5.082149E-01,1.176476E+04,1.639755E+04,6.072014E-01,1.606822E+00,5.432864E+03,7.282633E+03,2.803975E-01,7.136425E-01,1.731894E+04,4.250101E+04,8.937931E-01,4.168406E+00
08:15:00,1.305077E+04,3.621980E+04,6.735680E-01,3.552705E+00,6.318166E+03,5.294955E+03,3.260714E-01,5.188634E-01,1.498612E+04,1.733708E+04,7.734100E-01,1.698889E+00,6.313302E+03,7.500828E+03,3.258204E-01,7.350231E-01,4.651682E+03,3.160241E+03,2.400803E-01,3.096796E-01,1.043128E+04,1.060421E+04,5.383797E-01,1.039120E+00,4.679608E+03,4.843638E+03,2.415217E-01,4.746469E-01,5.422392E+03,5.293698E+03,2.798589E-01,5.187412E-01,1.176338E+04,1.663115E+04,6.071332E-01,1.629716E+00,5.432266E+03,7.476812E+03,2.803685E-01,7.326700E-01,1.731809E+04,4.340509E+04,8.937597E-01,4.257031E+00
08:30:00,1.304942E+04,3.710026E+04,6.735013E-01,3.639083E+00,6.317892E+03,5.403466E+03,3.260595E-01,5.294969E-01,1.498521E+04,1.757187E+04,7.733695E-01,1.721897E+00,6.313029E+03,7.667232E+03,3.258085E-01,7.513283E-01,4.651527E+03,3.272865E+03,2.400734E-01,3.207182E-01,1.043089E+04,1.085480E+04,5.383616E-01,1.063679E+00,4.679454E+03,4.968945E+03,2.415148E-01,4.869255E-01,5.421948E+03,5.406737E+03,2.798372E-01,5.298184E-01,1.176231E+04,1.688475E+04,6.070803E-01,1.654568E+00,5.431822E+03,7.643645E+03,2.803468E-01,7.490170E-01,1.731732E+04,4.433368E+04,8.937246E-01,4.348114E+00
08:45:00,1.304792E+04,3.799158E+04,6.734257E-01,3.726552E+00,6.317701E+03,5.520354E+03,3.260509E-01,5.409514E-01,1.498454E+04,1.783655E+04,7.733388E-01,1.747835E+00,6.312838E+03,7.809378E+03,3.257999E-01,7.652566E-01,4.651413E+03,3.387080E+03,2.400684E-01,3.319123E-01,1.043058E+04,1.112696E+04,5.383469E-01,1.090352E+00,4.679341E+03,5.070563E+03,2.415098E-01,4.968825E-01,5.421597E+03,5.525136E+03,2.798199E-01,5.414209E-01,1.176144E+04,1.716014E+04,6.070371E-01,1.681555E+00,5.431471E+03,7.784418E+03,2.803295E-01,7.628106E-01,1.731651E+04,4.528704E+04,8.936851E-01,4.441646E+00
09:00:00,1.304630E+04,3.889405E+04,6.733432E-01,3.815113E+00,6.317561E+03,5.644735E+03,3.260444E-01,5.531403E-01,1.498402E+04,1.812656E+04,7.733149E-01,1.776254E+00,6.312697E+03,7.927486E+03,3.257934E-01,7.768298E-01,4.651328E+03,3.504132E+03,2.400645E-01,3.433842E-01,1.043032E+04,1.141661E+04,5.383349E-01,1.118738E+00,4.679256E+03,5.150911E+03,2.415059E-01,5.047554E-01,5.421298E+03,5.648578E+03,2.798049E-01,5.535176E-01,1.176069E+04,1.745351E+04,6.069996E-01,1.710304E+00,5.431173E+03,7.899922E+03,2.803146E-01,7.741286E-01,1.731562E+04,4.626371E+04,8.936407E-01,4.537459E+00
09:15:00,1.304459E+04,3.976907E+04,6.732561E-01,3.900980E+00,6.317453E+03,5.770748E+03,3.260393E-01,5.654891E-01,1.498361E+04,1.841950E+04,7.732961E-01,1.804962E+00,6.312589E+03,8.016579E+03,3.257883E-01,7.855597E-01,4.651262E+03,3.620025E+03,2.400615E-01,3.547419E-01,1.043011E+04,1.170171E+04,5.383249E-01,1.146679E+00,4.679190E+03,5.207935E+03,2.415029E-01,5.103429E-01,5.421042E+03,5.771809E+03,2.797921E-01,5.655936E-01,1.176004E+04,1.774366E+04,6.069671E-01,1.738739E+00,5.430917E+03,7.985661E+03,2.803017E-01,7.825297E-01,1.731467E+04,4.721495E+04,8.935921E-01,4.630772E+00
09:30:00,1.304284E+04,4.062165E+04,6.731663E-01,3.984633E+00,6.317369E+03,5.897263E+03,3.260353E-01,5.778868E-01,1.498329E+04,1.870883E+04,7.732810E-01,1.833315E+00,6.312505E+03,8.076823E+03,3.257843E-01,7.914626E-01,4.651210E+03,3.733610E+03,2.400591E-01,3.658730E-01,1.042993E+04,1.197630E+04,5.383167E-01,1.173588E+00,4.679139E+03,5.247600E+03,2.415006E-01,5.142297E-01,5.420824E+03,5.893935E+03,2.797810E-01,5.775612E-01,1.175948E+04,1.802464E+04,6.069391E-01,1.766272E+00,5.430698E+03,8.041916E+03,2.802907E-01,7.880416E-01,1.731365E+04,4.813549E+04,8.935402E-01,4.721072E+00
09:45:00,1.304110E+04,4.145510E+04,6.730765E-01,4.066396E+00,6.317302E+03,6.023632E+03,3.260321E-01,5.902701E-01,1.498303E+04,1.899171E+04,7.732688E-01,1.861036E+00,6.312438E+03,8.109099E+03,3.257811E-01,7.946247E-01,4.651170E+03,3.845723E+03,2.400572E-01,3.768594E-01,1.042979E+04,1.223857E+04,5.383099E-01,1.199290E+00,4.679099E+03,5.268080E+03,2.414987E-01,5.162369E-01,5.420642E+03,6.014522E+03,2.797718E-01,5.893779E-01,1.175901E+04,1.829433E+04,6.069156E-01,1.792701E+00,5.430516E+03,8.069660E+03,2.802815E-01,7.907596E-01,1.731259E+04,4.902300E+04,8.934860E-01,4.808131E+00
10:00:00,1.303936E+04,4.227187E+04,6.729872E-01,4.146514E+00,6.317247E+03,6.150598E+03,3.260294E-01,6.027118E-01,1.498282E+04,1.926978E+04,7.732587E-01,1.888284E+00,6.312383E+03,8.113595E+03,3.257784E-01,7.950647E-01,4.651138E+03,3.956350E+03,2.400557E-01,3.876999E-01,1.042967E+04,1.249096E+04,5.383043E-01,1.224022E+00,4.679067E+03,5.269043E+03,2.414972E-01,5.163316E-01,5.420487E+03,6.134673E+03,2.797639E-01,6.011516E-01,1.175861E+04,1.855547E+04,6.068955E-01,1.818290E+00,5.430361E+03,8.068990E+03,2.802736E-01,7.906933E-01,1.731151E+04,4.987779E+04,8.934303E-01,4.891980E+00
10:15:00,1.303764E+04,4.306552E+04,6.728986E-01,4.224352E+00,6.317200E+03,6.277357E+03,3.260270E-01,6.151332E-01,1.498265E+04,1.954152E+04,7.732503E-01,1.914913E+00,6.312336E+03,8.092400E+03,3.257760E-01,7.929872E-01,4.651112E+03,4.064725E+03,2.400545E-01,3.983198E-01,1.042957E+04,1.273198E+04,5.382996E-01,1.247641E+00,4.679042E+03,5.250942E+03,2.414960E-01,5.145579E-01,5.420349E+03,6.253499E+03,2.797569E-01,6.127956E-01,1.175826E+04,1.880644E+04,6.068778E-01,1.842883E+00,5.430224E+03,8.042229E+03,2.802666E-01,7.880704E-01,1.731040E+04,5.070145E+04,8.933731E-01,4.972774E+00
10:30:00,1.303595E+04,4.382852E+04,6.728111E-01,4.299188E+00,6.317159E+03,6.403106E+03,3.260250E-01,6.274556E-01,1.498250E+04,1.980582E+04,7.732431E-01,1.940813E+00,6.312295E+03,8.048636E+03,3.257740E-01,7.886983E-01,4.651091E+03,4.170041E+03,2.400535E-01,4.086399E-01,1.042949E+04,1.296062E+04,5.382956E-01,1.270047E+00,4.679021E+03,5.211061E+03,2.414950E-01,5.106496E-01,5.420224E+03,6.370185E+03,2.797505E-01,6.242298E-01,1.175795E+04,1.904618E+04,6.068617E-01,1.866376E+00,5.430099E+03,7.992514E+03,2.802602E-01,7.831982E-01,1.730927E+04,5.149655E+04,8.933150E-01,5.050768E+00
10:45:00,1.303425E+04,4.455914E+04,6.727238E-01,4.370854E+00,6.317121E+03,6.527523E+03,3.260231E-01,6.396475E-01,1.498237E+04,2.006389E+04,7.732366E-01,1.966101E+00,6.312257E+03,7.990231E+03,3.257720E-01,7.829746E-01,4.651073E+03,4.272030E+03,2.400526E-01,4.186340E-01,1.042942E+04,1.317842E+04,5.382922E-01,1.291390E+00,4.679003E+03,5.158646E+03,2.414941E-01,5.055122E-01,5.420101E+03,6.484462E+03,2.797442E-01,6.354279E-01,1.175764E+04,1.927631E+04,6.068460E-01,1.888927E+00,5.429976E+03,7.928320E+03,2.802538E-01,7.769073E-01,1.730813E+04,5.226693E+04,8.932558E-01,5.126337E+00
11:00:00,1.303258E+04,4.526026E+04,6.726374E-01,4.439631E+00,6.317086E+03,6.649358E+03,3.260213E-01,6.515863E-01,1.498225E+04,2.031685E+04,7.732308E-01,1.990890E+00,6.312222E+03,7.933745E+03,3.257703E-01,7.774392E-01,4.651056E+03,4.369462E+03,2.400518E-01,4.281815E-01,1.042935E+04,1.338611E+04,5.382891E-01,1.311742E+00,4.678986E+03,5.107807E+03,2.414933E-01,5.005295E-01,5.419978E+03,6.594950E+03,2.797379E-01,6.462548E-01,1.175734E+04,1.949812E+04,6.068307E-01,1.910662E+00,5.429853E+03,7.868287E+03,2.802475E-01,7.710244E-01,1.730696E+04,5.301823E+04,8.931958E-01,5.200034E+00
11:15:00,1.303094E+04,4.590165E+04,6.725526E-01,4.502553E+00,6.317053E+03,6.764883E+03,3.260196E-01,6.629067E-01,1.498215E+04,2.055723E+04,7.732255E-01,2.014445E+00,6.312189E+03,7.885034E+03,3.257686E-01,7.726659E-01,4.651042E+03,4.459095E+03,2.400510E-01,4.369647E-01,1.042930E+04,1.357636E+04,5.382865E-01,1.330386E+00,4.678972E+03,5.058035E+03,2.414926E-01,4.956517E-01,5.419859E+03,6.698346E+03,2.797317E-01,6.563866E-01,1.175705E+04,1.970455E+04,6.068158E-01,1.930891E+00,5.429734E+03,7.814043E+03,2.802414E-01,7.657089E-01,1.730579E+04,5.372007E+04,8.931354E-01,5.268880E+00
11:30:00,1.302933E+04,4.648331E+04,6.724696E-01,4.559612E+00,6.317022E+03,6.873947E+03,3.260180E-01,6.735940E-01,1.498205E+04,2.078791E+04,7.732205E-01,2.037050E+00,6.312158E+03,7.854885E+03,3.257670E-01,7.697118E-01,4.651028E+03,4.541047E+03,2.400504E-01,4.449952E-01,1.042925E+04,1.375008E+04,5.382841E-01,1.347410E+00,4.678958E+03,5.010228E+03,2.414919E-01,4.909668E-01,5.419744E+03,6.794622E+03,2.797258E-01,6.658207E-01,1.175677E+04,1.989669E+04,6.068015E-01,1.949719E+00,5.429619E+03,7.767700E+03,2.802354E-01,7.611679E-01,1.730462E+04,5.437366E+04,8.930749E-01,5.332992E+00
11:45:00,1.302776E+04,4.700831E+04,6.723885E-01,4.611109E+00,6.316992E+03,6.976292E+03,3.260165E-01,6.836228E-01,1.498196E+04,2.100965E+04,7.732159E-01,2.058778E+00,6.312129E+03,7.847246E+03,3.257654E-01,7.689636E-01,4.651016E+03,4.615295E+03,2.400498E-01,4.522707E-01,1.042921E+04,1.390885E+04,5.382820E-01,1.362968E+00,4.678946E+03,4.971875E+03,2.414913E-01,4.872084E-01,5.419632E+03,6.883575E+03,2.797200E-01,6.745372E-01,1.175650E+04,2.007590E+04,6.067877E-01,1.967280E+00,5.429506E+03,7.735559E+03,2.802297E-01,7.580187E-01,1.730345E+04,5.497874E+04,8.930144E-01,5.392344E+00
12:00:00,1.302622E+04,4.747761E+04,6.723094E-01,4.657136E+00,6.316964E+03,7.071626E+03,3.260150E-01,6.929646E-01,1.498187E+04,2.121985E+04,7.732116E-01,2.079375E+00,6.312100E+03,7.854406E+03,3.257640E-01,7.696658E-01,4.651004E+03,4.681791E+03,2.400492E-01,4.587866E-01,1.042917E+04,1.405259E+04,5.382801E-01,1.377054E+00,4.678935E+03,4.945623E+03,2.414907E-01,4.846359E-01,5.419523E+03,6.964968E+03,2.797144E-01,6.825128E-01,1.175624E+04,2.024135E+04,6.067743E-01,1.983492E+00,5.429397E+03,7.716408E+03,2.802240E-01,7.561424E-01,1.730228E+04,5.553070E+04,8.929541E-01,5.446485E+00
12:15:00,1.302473E+04,4.792565E+04,6.722322E-01,4.701074E+00,6.316937E+03,7.163715E+03,3.260136E-01,7.019883E-01,1.498179E+04,2.142785E+04,7.732075E-01,2.099758E+00,6.312073E+03,7.875804E+03,3.257626E-01,7.717632E-01,4.650994E+03,4.744001E+03,2.400486E-01,4.648825E-01,1.042913E+04,1.419226E+04,5.382784E-01,1.390741E+00,4.678924E+03,4.940792E+03,2.414902E-01,4.841627E-01,5.419417E+03,7.042457E+03,2.797089E-01,6.901058E-01,1.175599E+04,2.040380E+04,6.067614E-01,1.999411E+00,5.429292E+03,7.717860E+03,2.802186E-01,7.562850E-01,1.730111E+04,5.605962E+04,8.928940E-01,5.498364E+00
12:30:00,1.302327E+04,4.835514E+04,6.721568E-01,4.743194E+00,6.316911E+03,7.253493E+03,3.260123E-01,7.107857E-01,1.498172E+04,2.163280E+04,7.732036E-01,2.119841E+00,6.312047E+03,7.904858E+03,3.257613E-01,7.746106E-01,4.650984E+03,4.802546E+03,2.400481E-01,4.706193E-01,1.042910E+04,1.432983E+04,5.382768E-01,1.404221E+00,4.678914E+03,4.960613E+03,2.414897E-01,4.861055E-01,5.419314E+03,7.116536E+03,2.797036E-01,6.973648E-01,1.175574E+04,2.056474E+04,6.067489E-01,2.015181E+00,5.429189E+03,7.742381E+03,2.802133E-01,7.586884E-01,1.729996E+04,5.656411E+04,8.928342E-01,5.547849E+00
12:45:00,1.302184E+04,4.876446E+04,6.720834E-01,4.783338E+00,6.316886E+03,7.344135E+03,3.260110E-01,7.196677E-01,1.498164E+04,2.183500E+04,7.731999E-01,2.139655E+00,6.312022E+03,7.939044E+03,3.257600E-01,7.779609E-01,4.650974E+03,4.857606E+03,2.400476E-01,4.760146E-01,1.042907E+04,1.446349E+04,5.382754E-01,1.417320E+00,4.678904E+03,4.996356E+03,2.414892E-01,4.896087E-01,5.419214E+03,7.187366E+03,2.796985E-01,7.043053E-01,1.175551E+04,2.072243E+04,6.067368E-01,2.030633E+00,5.429089E+03,7.781534E+03,2.802081E-01,7.625255E-01,1.729880E+04,5.704646E+04,8.927748E-01,5.595162E+00
13:00:00,1.302046E+04,4.915027E+04,6.720118E-01,4.821176E+00,6.316862E+03,7.438527E+03,3.260097E-01,7.289172E-01,1.498157E+04,2.203536E+04,7.731963E-01,2.159289E+00,6.311998E+03,7.979150E+03,3.257587E-01,7.818912E-01,4.650965E+03,4.909276E+03,2.400472E-01,4.810778E-01,1.042905E+04,1.459052E+04,5.382741E-01,1.429768E+00,4.678895E+03,5.036799E+03,2.414887E-01,4.935724E-01,5.419117E+03,7.255001E+03,2.796934E-01,7.109329E-01,1.175528E+04,2.087442E+04,6.067250E-01,2.045527E+00,5.428991E+03,7.824781E+03,2.802031E-01,7.667639E-01,1.729766E+04,5.750962E+04,8.927158E-01,5.640591E+00
13:15:00,1.301910E+04,4.950022E+04,6.719420E-01,4.855497E+00,6.316839E+03,7.536000E+03,3.260085E-01,7.384688E-01,1.498151E+04,2.222994E+04,7.731928E-01,2.178356E+00,6.311975E+03,8.023916E+03,3.257575E-01,7.862781E-01,4.650956E+03,4.956593E+03,2.400467E-01,4.857144E-01,1.042902E+04,1.470674E+04,5.382728E-01,1.441158E+00,4.678887E+03,5.075327E+03,2.414883E-01,4.973483E-01,5.419022E+03,7.318041E+03,2.796886E-01,7.171102E-01,1.175506E+04,2.101581E+04,6.067135E-01,2.059382E+00,5.428897E+03,7.865742E+03,2.801982E-01,7.707780E-01,1.729653E+04,5.794378E+04,8.926573E-01,5.683177E+00
13:30:00,1.301779E+04,4.981501E+04,6.718740E-01,4.886369E+00,6.316816E+03,7.635868E+03,3.260074E-01,7.482551E-01,1.498144E+04,2.241795E+04,7.731895E-01,2.196779E+00,6.311952E+03,8.072464E+03,3.257564E-01,7.910355E-01,4.650948E+03,5.004772E+03,2.400463E-01,4.904355E-01,1.042900E+04,1.481238E+04,5.382716E-01,1.451511E+00,4.678878E+03,5.110169E+03,2.414878E-01,5.007628E-01,5.418930E+03,7.381474E+03,2.796838E-01,7.233259E-01,1.175484E+04,2.114715E+04,6.067024E-01,2.072252E+00,5.428805E+03,7.902904E+03,2.801935E-01,7.744198E-01,1.729540E+04,5.834734E+04,8.925993E-01,5.722761E+00
13:45:00,1.301650E+04,5.009727E+04,6.718077E-01,4.914049E+00,6.316794E+03,7.734646E+03,3.260063E-01,7.579345E-01,1.498138E+04,2.259711E+04,7.731863E-01,2.214335E+00,6.311930E+03,8.121267E+03,3.257552E-01,7.958180E-01,4.650940E+03,5.065370E+03,2.400459E-01,4.963737E-01,1.042898E+04,1.490992E+04,5.382705E-01,1.461070E+00,4.678870E+03,5.140784E+03,2.414874E-01,5.037630E-01,5.418840E+03,7.455800E+03,2.796792E-01,7.306091E-01,1.175463E+04,2.127057E+04,6.066916E-01,2.084346E+00,5.428715E+03,7.935732E+03,2.801888E-01,7.776367E-01,1.729429E+04,5.871509E+04,8.925418E-01,5.758831E+00
14:00:00,1.301525E+04,5.034886E+04,6.717432E-01,4.938721E+00,6.316773E+03,7.835206E+03,3.260052E-01,7.677885E-01,1.498132E+04,2.276664E+04,7.731832E-01,2.230948E+00,6.311909E+03,8.167025E+03,3.257541E-01,8.003019E-01,4.650932E+03,5.146408E+03,2.400455E-01,5.043150E-01,1.042896E+04,1.500098E+04,5.382695E-01,1.469994E+00,4.678862E+03,5.166858E+03,2.414870E-01,5.063181E-01,5.418753E+03,7.548137E+03,2.796747E-01,7.396575E-01,1.175443E+04,2.138736E+04,6.066810E-01,2.095790E+00,5.428628E+03,7.963859E+03,2.801843E-01,7.803927E-01,1.729319E+04,5.904525E+04,8.924849E-01,5.791214E+00
14:15:00,1.301403E+04,5.054869E+04,6.716802E-01,4.958314E+00,6.316753E+03,7.941276E+03,3.260041E-01,7.781825E-01,1.498126E+04,2.292012E+04,7.731802E-01,2.245987E+00,6.311889E+03,8.205793E+03,3.257531E-01,8.041008E-01,4.650925E+03,5.247540E+03,2.400451E-01,5.142256E-01,1.042894E+04,1.507919E+04,5.382685E-01,1.477659E+00,4.678855E+03,5.185667E+03,2.414866E-01,5.081611E-01,5.418668E+03,7.658244E+03,2.796703E-01,7.504473E-01,1.175423E+04,2.149111E+04,6.066708E-01,2.105956E+00,5.428543E+03,7.984623E+03,2.801799E-01,7.824274E-01,1.729210E+04,5.931752E+04,8.924286E-01,5.817918E+00
14:30:00,1.301284E+04,5.070067E+04,6.716189E-01,4.973215E+00,6.316733E+03,8.069346E+03,3.260031E-01,7.907323E-01,1.498121E+04,2.306061E+04,7.731773E-01,2.259753E+00,6.311869E+03,8.236526E+03,3.257521E-01,8.071124E-01,4.650917E+03,5.375332E+03,2.400447E-01,5.267490E-01,1.042892E+04,1.514556E+04,5.382675E-01,1.484164E+00,4.678848E+03,5.196772E+03,2.414862E-01,5.092492E-01,5.418585E+03,7.796971E+03,2.796660E-01,7.640417E-01,1.175403E+04,2.158404E+04,6.066608E-01,2.115063E+00,5.428460E+03,7.997373E+03,2.801757E-01,7.836766E-01,1.729102E+04,5.953827E+04,8.923729E-01,5.839566E+00
14:45:00,1.301169E+04,5.080068E+04,6.715592E-01,4.983016E+00,6.316714E+03,8.224185E+03,3.260021E-01,8.059054E-01,1.498115E+04,2.318860E+04,7.731745E-01,2.272295E+00,6.311850E+03,8.258615E+03,3.257511E-01,8.092767E-01,4.650910E+03,5.518272E+03,2.400443E-01,5.407569E-01,1.042890E+04,1.519759E+04,5.382666E-01,1.489264E+00,4.678841E+03,5.199917E+03,2.414859E-01,5.095572E-01,5.418504E+03,7.957261E+03,2.796618E-01,7.797493E-01,1.175384E+04,2.166412E+04,6.066510E-01,2.122909E+00,5.428379E+03,8.001736E+03,2.801715E-01,7.841041E-01,1.728995E+04,5.970933E+04,8.923178E-01,5.856339E+00
15:00:00,1.301056E+04,5.084484E+04,6.715010E-01,4.987337E+00,6.316696E+03,8.402322E+03,3.260012E-01,8.233618E-01,1.498110E+04,2.330237E+04,7.731718E-01,2.283443E+00,6.311832E+03,8.271565E+03,3.257501E-01,8.105455E-01,4.650903E+03,5.666257E+03,2.400440E-01,5.552592E-01,1.042888E+04,1.523300E+04,5.382657E-01,1.492736E+00,4.678834E+03,5.194896E+03,2.414855E-01,5.090650E-01,5.418426E+03,8.132868E+03,2.796578E-01,7.969579E-01,1.175366E+04,2.172934E+04,6.066415E-01,2.129300E+00,5.428301E+03,7.997406E+03,2.801674E-01,7.836796E-01,1.728889E+04,5.983021E+04,8.922633E-01,5.868190E+00
15:15:00,1.300946E+04,5.081931E+04,6.714443E-01,4.984820E+00,6.316678E+03,8.598067E+03,3.260002E-01,8.425436E-01,1.498105E+04,2.339325E+04,7.731691E-01,2.292348E+00,6.311814E+03,8.272256E+03,3.257492E-01,8.106129E-01,4.650897E+03,5.815083E+03,2.400436E-01,5.698437E-01,1.042887E+04,1.524473E+04,5.382648E-01,1.493886E+00,4.678827E+03,5.178796E+03,2.414852E-01,5.074871E-01,5.418349E+03,8.322276E+03,2.796538E-01,8.155186E-01,1.175348E+04,2.177176E+04,6.066323E-01,2.133456E+00,5.428224E+03,7.981123E+03,2.801635E-01,7.820838E-01,1.728785E+04,5.988927E+04,8.922095E-01,5.873978E+00
15:30:00,1.300839E+04,5.071597E+04,6.713891E-01,4.974667E+00,6.316660E+03,8.794548E+03,3.259993E-01,8.617974E-01,1.498100E+04,2.345567E+04,7.731666E-01,2.298464E+00,6.311796E+03,8.260156E+03,3.257483E-01,8.094270E-01,4.650890E+03,5.949239E+03,2.400433E-01,5.829904E-01,1.042885E+04,1.522999E+04,5.382640E-01,1.492441E+00,4.678821E+03,5.151631E+03,2.414849E-01,5.048248E-01,5.418275E+03,8.508339E+03,2.796500E-01,8.337513E-01,1.175331E+04,2.178662E+04,6.066233E-01,2.134912E+00,5.428149E+03,7.952743E+03,2.801596E-01,7.793025E-01,1.728682E+04,5.987948E+04,8.921564E-01,5.873010E+00
15:45:00,1.300735E+04,5.053285E+04,6.713353E-01,4.956685E+00,6.316643E+03,8.985455E+03,3.259985E-01,8.805047E-01,1.498095E+04,2.348765E+04,7.731641E-01,2.301597E+00,6.311780E+03,8.235240E+03,3.257474E-01,8.069852E-01,4.650884E+03,6.063908E+03,2.400430E-01,5.942274E-01,1.042883E+04,1.518833E+04,5.382632E-01,1.488357E+00,4.678814E+03,5.113779E+03,2.414845E-01,5.011152E-01,5.418202E+03,8.685259E+03,2.796462E-01,8.510878E-01,1.175314E+04,2.177258E+04,6.066145E-01,2.133535E+00,5.428077E+03,7.912444E+03,2.801559E-01,7.753533E-01,1.728581E+04,5.979805E+04,8.921040E-01,5.865013E+00
16:00:00,1.300633E+04,5.027255E+04,6.712829E-01,4.931132E+00,6.316627E+03,9.166006E+03,3.259976E-01,8.981968E-01,1.498090E+04,2.348745E+04,7.731617E-01,2.301576E+00,6.311763E+03,8.197069E+03,3.257466E-01,8.032444E-01,4.650878E+03,6.158558E+03,2.400427E-01,6.035024E-01,1.042882E+04,1.511917E+04,5.382624E-01,1.481579E+00,4.678808E+03,5.065293E+03,2.414842E-01,4.963636E-01,5.418131E+03,8.849567E+03,2.796426E-01,8.671881E-01,1.175297E+04,2.172834E+04,6.066060E-01,2.129199E+00,5.428006E+03,7.860085E+03,2.801522E-01,7.702223E-01,1.728480E+04,5.964091E+04,8.920522E-01,5.849591E+00
16:15:00,1.300534E+04,4.998480E+04,6.712318E-01,4.902885E+00,6.316611E+03,9.335327E+03,3.259968E-01,9.147883E-01,1.498086E+04,2.347014E+04,7.731594E-01,2.299879E+00,6.311747E+03,8.152267E+03,3.257458E-01,7.988539E-01,4.650872E+03,6.242702E+03,2.400424E-01,6.117475E-01,1.042880E+04,1.503795E+04,5.382616E-01,1.473618E+00,4.678802E+03,5.012634E+03,2.414839E-01,4.912030E-01,5.418062E+03,9.001208E+03,2.796390E-01,8.820470E-01,1.175281E+04,2.166927E+04,6.065976E-01,2.123410E+00,5.427937E+03,7.802086E+03,2.801487E-01,7.645386E-01,1.728381E+04,5.944701E+04,8.920012E-01,5.830560E+00
16:30:00,1.300438E+04,4.967397E+04,6.711820E-01,4.872378E+00,6.316596E+03,9.489508E+03,3.259960E-01,9.298962E-01,1.498081E+04,2.343514E+04,7.731571E-01,2.296449E+00,6.311732E+03,8.101167E+03,3.257450E-01,7.938462E-01,4.650866E+03,6.315146E+03,2.400421E-01,6.188455E-01,1.042879E+04,1.494401E+04,5.382609E-01,1.464412E+00,4.678797E+03,4.955992E+03,2.414836E-01,4.856523E-01,5.417995E+03,9.136964E+03,2.796356E-01,8.953493E-01,1.175265E+04,2.159466E+04,6.065895E-01,2.116098E+00,5.427870E+03,7.738791E+03,2.801452E-01,7.583361E-01,1.728284E+04,5.921405E+04,8.919508E-01,5.807700E+00
16:45:00,1.300344E+04,4.934040E+04,6.711335E-01,4.839644E+00,6.316581E+03,9.625108E+03,3.259953E-01,9.431832E-01,1.498077E+04,2.338060E+04,7.731549E-01,2.291104E+00,6.311717E+03,8.043405E+03,3.257442E-01,7.881859E-01,4.650861E+03,6.375899E+03,2.400418E-01,6.247973E-01,1.042878E+04,1.483613E+04,5.382602E-01,1.453840E+00,4.678791E+03,4.894937E+03,2.414833E-01,4.796690E-01,5.417930E+03,9.254290E+03,2.796322E-01,9.068455E-01,1.175250E+04,2.150289E+04,6.065816E-01,2.107105E+00,5.427804E+03,7.669820E+03,2.801418E-01,7.515773E-01,1.728188E+04,5.894000E+04,8.919012E-01,5.780809E+00
17:00:00,1.300252E+04,4.898006E+04,6.710863E-01,4.804286E+00,6.316567E+03,9.738201E+03,3.259945E-01,9.542646E-01,1.498073E+04,2.330542E+04,7.731528E-01,2.283736E+00,6.311703E+03,7.979026E+03,3.257435E-01,7.818771E-01,4.650855E+03,6.421614E+03,2.400415E-01,6.292753E-01,1.042876E+04,1.471458E+04,5.382595E-01,1.441928E+00,4.678786E+03,4.829361E+03,2.414830E-01,4.732429E-01,5.417866E+03,9.349754E+03,2.796289E-01,9.161994E-01,1.175235E+04,2.139339E+04,6.065739E-01,2.096374E+00,5.427741E+03,7.595083E+03,2.801385E-01,7.442536E-01,1.728093E+04,5.862367E+04,8.918523E-01,5.749773E+00
17:15:00,1.300163E+04,4.858669E+04,6.710402E-01,4.765689E+00,6.316553E+03,9.824790E+03,3.259938E-01,9.627488E-01,1.498069E+04,2.321731E+04,7.731507E-01,2.275101E+00,6.311689E+03,7.907858E+03,3.257428E-01,7.749031E-01,4.650850E+03,6.441680E+03,2.400412E-01,6.312396E-01,1.042875E+04,1.458595E+04,5.382588E-01,1.429324E+00,4.678780E+03,4.759149E+03,2.414828E-01,4.663625E-01,5.417804E+03,9.419583E+03,2.796257E-01,9.230412E-01,1.175220E+04,2.127491E+04,6.065663E-01,2.084764E+00,5.427678E+03,7.514860E+03,2.801353E-01,7.363923E-01,1.728000E+04,5.826662E+04,8.918041E-01,5.714743E+00
17:30:00,1.300076E+04,4.815606E+04,6.709953E-01,4.723438E+00,6.316539E+03,9.880997E+03,3.259931E-01,9.682557E-01,1.498065E+04,2.312376E+04,7.731487E-01,2.265933E+00,6.311675E+03,7.829894E+03,3.257421E-01,7.672631E-01,4.650845E+03,6.433103E+03,2.400410E-01,6.303977E-01,1.042874E+04,1.445877E+04,5.382581E-01,1.416859E+00,4.678775E+03,4.684560E+03,2.414825E-01,4.590531E-01,5.417743E+03,9.460436E+03,2.796225E-01,9.270437E-01,1.175206E+04,2.115583E+04,6.065590E-01,2.073094E+00,5.427618E+03,7.429032E+03,2.801322E-01,7.279818E-01,1.727908E+04,5.787039E+04,8.917566E-01,5.675869E+00
17:45:00,1.299992E+04,4.768620E+04,6.709516E-01,4.677339E+00,6.316526E+03,9.902678E+03,3.259924E-01,9.703794E-01,1.498061E+04,2.302890E+04,7.731467E-01,2.256637E+00,6.311662E+03,7.745140E+03,3.257414E-01,7.589578E-01,4.650840E+03,6.391875E+03,2.400407E-01,6.263563E-01,1.042872E+04,1.433624E+04,5.382575E-01,1.404852E+00,4.678770E+03,4.605721E+03,2.414822E-01,4.513273E-01,5.417684E+03,9.468156E+03,2.796195E-01,9.277993E-01,1.175192E+04,2.103960E+04,6.065518E-01,2.061704E+00,5.427559E+03,7.337629E+03,2.801292E-01,7.190250E-01,1.727817E+04,5.743414E+04,8.917098E-01,5.633071E+00
18:00:00,1.299909E+04,4.716855E+04,6.709090E-01,4.626555E+00,6.316513E+03,9.881313E+03,3.259918E-01,9.682850E-01,1.498058E+04,2.292732E+04,7.731448E-01,2.246683E+00,6.311650E+03,7.651436E+03,3.257407E-01,7.497754E-01,4.650835E+03,6.309863E+03,2.400404E-01,6.183185E-01,1.042871E+04,1.421185E+04,5.382569E-01,1.392660E+00,4.678765E+03,4.520576E+03,2.414820E-01,4.429835E-01,5.417627E+03,9.433575E+03,2.796165E-01,9.244098E-01,1.175179E+04,2.091972E+04,6.065449E-01,2.049957E+00,5.427501E+03,7.238139E+03,2.801262E-01,7.092757E-01,1.727728E+04,5.694942E+04,8.916638E-01,5.585519E+00
18:15:00,1.340018E+04,4.657235E+04,6.916100E-01,4.568066E+00,6.759517E+03,9.811396E+03,3.488549E-01,9.614328E-01,1.624918E+04,2.280023E+04,8.386170E-01,2.234228E+00,6.754653E+03,7.545522E+03,3.486039E-01,7.393966E-01,4.811587E+03,6.184146E+03,2.483372E-01,6.059981E-01,1.075021E+04,1.406803E+04,5.548505E-01,1.378564E+00,4.839517E+03,4.426695E+03,2.497788E-01,4.337837E-01,5.578497E+03,9.352307E+03,2.879194E-01,9.164453E-01,1.207351E+04,2.077777E+04,6.231499E-01,2.036046E+00,5.588372E+03,7.127850E+03,2.884291E-01,6.984682E-01,1.828325E+04,5.638041E+04,9.435812E-01,5.529699E+00
18:30:00,1.380139E+04,4.589861E+04,7.123164E-01,4.501971E+00,7.202748E+03,9.690679E+03,3.717278E-01,9.496024E-01,1.751861E+04,2.263598E+04,9.041264E-01,2.218133E+00,7.197884E+03,7.427667E+03,3.714768E-01,7.278475E-01,4.972391E+03,6.015515E+03,2.566364E-01,5.894725E-01,1.107182E+04,1.389263E+04,5.714490E-01,1.361375E+00,5.000322E+03,4.324613E+03,2.580780E-01,4.237802E-01,5.739959E+03,9.222492E+03,2.962526E-01,9.037235E-01,1.239656E+04,2.060132E+04,6.398232E-01,2.018756E+00,5.749834E+03,7.007162E+03,2.967623E-01,6.866417E-01,1.928965E+04,5.572311E+04,9.955161E-01,5.465217E+00
18:45:00,1.420311E+04,4.514735E+04,7.330455E-01,4.428275E+00,7.646457E+03,9.515947E+03,3.946202E-01,9.324792E-01,1.878907E+04,2.242312E+04,9.696790E-01,2.197273E+00,7.641593E+03,7.297872E+03,3.943692E-01,7.151285E-01,5.133360E+03,5.804588E+03,2.649431E-01,5.688024E-01,1.139367E+04,1.367491E+04,5.880594E-01,1.340039E+00,5.161291E+03,4.214628E+03,2.663847E-01,4.130022E-01,5.902405E+03,9.040853E+03,3.046353E-01,8.859235E-01,1.272172E+04,2.037928E+04,6.566037E-01,1.996997E+00,5.912280E+03,6.876064E+03,3.051449E-01,6.737950E-01,2.029735E+04,5.497477E+04,1.047501E+00,5.391805E+00
19:00:00,1.460541E+04,4.432647E+04,7.537986E-01,4.347751E+00,8.090671E+03,9.288481E+03,4.175321E-01,9.101885E-01,2.006082E+04,2.215636E+04,1.035286E+00,2.171132E+00,8.085807E+03,7.158221E+03,4.172810E-01,7.014436E-01,5.294515E+03,5.559977E+03,2.732578E-01,5.448317E-01,1.171584E+04,1.341010E+04,6.046842E-01,1.314088E+00,5.322447E+03,4.099074E+03,2.746994E-01,4.016786E-01,6.065631E+03,8.809358E+03,3.130563E-01,8.632380E-01,1.304852E+04,2.010709E+04,6.734676E-01,1.970324E+00,6.075507E+03,6.736966E+03,3.135660E-01,6.601643E-01,2.130630E+04,5.413973E+04,1.099530E+00,5.309888E+00
19:15:00,1.460631E+04,4.352609E+04,7.538296E-01,4.269242E+00,8.092189E+03,9.006644E+03,4.175916E-01,8.825699E-01,2.006481E+04,2.184708E+04,1.035453E+00,2.140824E+00,8.087324E+03,7.018941E+03,4.173405E-01,6.877951E-01,5.295051E+03,5.292477E+03,2.732814E-01,5.186184E-01,1.171675E+04,1.310724E+04,6.047264E-01,1.284407E+00,5.322985E+03,3.987171E+03,2.747231E-01,3.907127E-01,6.068367E+03,8.523379E+03,3.131926E-01,8.352136E-01,1.305442E+04,1.979219E+04,6.737661E-01,1.939464E+00,6.078243E+03,6.598897E+03,3.137022E-01,6.466346E-01,2.130917E+04,5.330780E+04,1.099621E+00,5.228275E+00
19:30:00,1.460754E+04,4.276144E+04,7.538759E-01,4.194248E+00,8.093651E+03,8.672080E+03,4.176475E-01,8.497846E-01,2.006851E+04,2.148758E+04,1.035605E+00,2.105595E+00,8.088786E+03,6.881476E+03,4.173965E-01,6.743246E-01,5.295628E+03,4.994175E+03,2.733064E-01,4.893874E-01,1.171775E+04,1.275841E+04,6.047727E-01,1.250223E+00,5.323564E+03,3.880701E+03,2.747481E-01,3.802794E-01,6.070756E+03,8.185720E+03,3.133101E-01,8.021251E-01,1.305952E+04,1.942839E+04,6.740230E-01,1.903814E+00,6.080632E+03,6.463304E+03,3.138198E-01,6.333475E-01,2.131209E+04,5.248270E+04,1.099711E+00,5.147337E+00
19:45:00,1.460872E+04,4.202585E+04,7.539222E-01,4.122134E+00,8.094729E+03,8.287730E+03,4.176878E-01,8.121207E-01,2.007150E+04,2.106965E+04,1.035727E+00,2.064640E+00,8.089864E+03,6.746623E+03,4.174367E-01,6.611101E-01,5.296101E+03,4.666780E+03,2.733266E-01,4.573053E-01,1.171865E+04,1.235587E+04,6.048137E-01,1.210774E+00,5.324037E+03,3.778702E+03,2.747683E-01,3.702844E-01,6.072309E+03,7.799339E+03,3.133852E-01,7.642623E-01,1.306289E+04,1.900811E+04,6.741903E-01,1.862629E+00,6.082185E+03,6.330828E+03,3.138949E-01,6.203660E-01,2.131407E+04,5.166795E+04,1.099768E+00,5.067417E+00
20:00:00,1.460984E+04,4.133299E+04,7.539701E-01,4.054211E+00,8.095358E+03,7.884160E+03,4.177110E-01,7.725736E-01,2.007342E+04,2.061202E+04,1.035804E+00,2.019795E+00,8.090492E+03,6.615291E+03,4.174600E-01,6.482407E-01,5.296428E+03,4.335873E+03,2.733404E-01,4.248787E-01,1.171935E+04,1.192217E+04,6.048455E-01,1.168271E+00,5.324364E+03,3.681927E+03,2.747821E-01,3.608013E-01,6.073201E+03,7.398444E+03,3.134277E-01,7.249774E-01,1.306489E+04,1.855392E+04,6.742888E-01,1.818121E+00,6.083077E+03,6.202357E+03,3.139374E-01,6.077770E-01,2.131516E+04,5.087985E+04,1.099799E+00,4.990113E+00
20:15:00,1.461103E+04,4.069320E+04,7.540258E-01,3.991488E+00,8.095708E+03,7.514246E+03,4.177248E-01,7.363248E-01,2.007460E+04,2.016198E+04,1.035852E+00,1.975694E+00,8.090843E+03,6.490420E+03,4.174738E-01,6.360045E-01,5.296644E+03,4.039799E+03,2.733495E-01,3.958653E-01,1.171988E+04,1.151016E+04,6.048696E-01,1.127895E+00,5.324580E+03,3.593023E+03,2.747912E-01,3.520894E-01,6.073760E+03,7.041456E+03,3.134545E-01,6.899952E-01,1.306622E+04,1.812011E+04,6.743540E-01,1.775610E+00,6.083636E+03,6.081853E+03,3.139642E-01,5.959688E-01,2.131586E+04,5.013355E+04,1.099825E+00,4.916912E+00
20:30:00,1.461237E+04,4.010775E+04,7.540919E-01,3.934084E+00,8.095917E+03,7.204015E+03,4.177339E-01,7.059250E-01,2.007536E+04,1.975140E+04,1.035885E+00,1.935461E+00,8.091052E+03,6.374019E+03,4.174829E-01,6.245982E-01,5.296788E+03,3.807853E+03,2.733558E-01,3.731361E-01,1.172029E+04,1.115548E+04,6.048881E-01,1.093136E+00,5.324723E+03,3.513110E+03,2.747974E-01,3.442584E-01,6.074167E+03,6.752163E+03,3.134743E-01,6.616474E-01,1.306724E+04,1.773740E+04,6.744039E-01,1.738107E+00,6.084043E+03,5.971316E+03,3.139839E-01,5.851372E-01,2.131652E+04,4.944645E+04,1.099856E+00,4.849520E+00
20:45:00,1.461386E+04,3.959159E+04,7.541675E-01,3.883449E+00,8.096057E+03,6.969835E+03,4.177405E-01,6.829781E-01,2.007588E+04,1.940527E+04,1.035908E+00,1.901542E+00,8.091192E+03,6.267059E+03,4.174895E-01,6.141173E-01,5.296889E+03,3.651419E+03,2.733602E-01,3.578071E-01,1.172060E+04,1.088053E+04,6.049026E-01,1.066192E+00,5.324823E+03,3.444075E+03,2.748018E-01,3.374933E-01,6.074502E+03,6.545031E+03,3.134909E-01,6.413513E-01,1.306810E+04,1.742925E+04,6.744464E-01,1.707912E+00,6.084378E+03,5.871720E+03,3.140005E-01,5.753780E-01,2.131727E+04,4.882875E+04,1.099894E+00,4.788937E+00
21:00:00,1.461548E+04,3.913655E+04,7.542503E-01,3.838805E+00,8.096161E+03,6.797921E+03,4.177455E-01,6.661334E-01,2.007625E+04,1.912115E+04,1.035925E+00,1.873702E+00,8.091297E+03,6.169930E+03,4.174945E-01,6.045996E-01,5.296961E+03,3.552110E+03,2.733634E-01,3.480764E-01,1.172085E+04,1.067688E+04,6.049140E-01,1.046235E+00,5.324895E+03,3.384923E+03,2.748050E-01,3.316969E-01,6.074785E+03,6.401090E+03,3.135051E-01,6.272478E-01,1.306883E+04,1.718857E+04,6.744827E-01,1.684329E+00,6.084661E+03,5.783381E+03,3.140147E-01,5.667218E-01,2.131812E+04,4.827530E+04,1.099938E+00,4.734656E+00
21:15:00,1.461719E+04,3.869828E+04,7.543378E-01,3.795808E+00,8.096242E+03,6.654473E+03,4.177494E-01,6.520780E-01,2.007654E+04,1.886295E+04,1.035938E+00,1.848402E+00,8.091377E+03,6.076370E+03,4.174984E-01,5.954318E-01,5.297014E+03,3.473885E+03,2.733658E-01,3.404120E-01,1.172105E+04,1.050243E+04,6.049231E-01,1.029140E+00,5.324948E+03,3.328735E+03,2.748074E-01,3.261909E-01,6.075025E+03,6.281542E+03,3.135172E-01,6.155346E-01,1.306945E+04,1.697375E+04,6.745136E-01,1.663280E+00,6.084900E+03,5.699397E+03,3.140268E-01,5.584923E-01,2.131906E+04,4.774229E+04,1.099986E+00,4.682381E+00
21:30:00,1.461894E+04,3.826445E+04,7.544279E-01,3.753247E+00,8.096306E+03,6.523845E+03,4.177526E-01,6.392786E-01,2.007676E+04,1.861460E+04,1.035949E+00,1.824066E+00,8.091442E+03,5.983984E+03,4.175016E-01,5.863789E-01,5.297055E+03,3.403465E+03,2.733677E-01,3.335122E-01,1.172120E+04,1.033604E+04,6.049303E-01,1.012836E+00,5.324988E+03,3.272656E+03,2.748093E-01,3.206954E-01,6.075229E+03,6.170621E+03,3.135275E-01,6.046663E-01,1.306997E+04,1.676784E+04,6.745399E-01,1.643103E+00,6.085104E+03,5.617140E+03,3.140372E-01,5.504320E-01,2.132007E+04,4.721694E+04,1.100037E+00,4.630854E+00
21:45:00,1.462070E+04,3.783189E+04,7.545181E-01,3.710807E+00,8.096359E+03,6.400289E+03,4.177552E-01,6.271718E-01,2.007693E+04,1.837042E+04,1.035957E+00,1.800140E+00,8.091494E+03,5.892013E+03,4.175042E-01,5.773666E-01,5.297086E+03,3.336626E+03,2.733692E-01,3.269630E-01,1.172133E+04,1.017301E+04,6.049361E-01,9.968605E-01,5.325019E+03,3.215840E+03,2.748107E-01,3.151274E-01,6.075399E+03,6.063857E+03,3.135362E-01,5.942050E-01,1.307041E+04,1.656589E+04,6.745619E-01,1.623315E+00,6.085275E+03,5.535857E+03,3.140458E-01,5.424671E-01,2.132112E+04,4.669447E+04,1.100091E+00,4.579607E+00
22:00:00,1.462244E+04,3.739975E+04,7.546078E-01,3.668408E+00,8.096403E+03,6.281196E+03,4.177574E-01,6.155019E-01,2.007707E+04,1.812810E+04,1.035964E+00,1.776394E+00,8.091539E+03,5.800182E+03,4.175064E-01,5.683678E-01,5.297110E+03,3.272378E+03,2.733703E-01,3.206674E-01,1.172143E+04,1.001196E+04,6.049408E-01,9.810795E-01,5.325043E+03,3.158671E+03,2.748119E-01,3.095247E-01,6.075545E+03,5.959694E+03,3.135437E-01,5.839982E-01,1.307078E+04,1.636619E+04,6.745807E-01,1.603747E+00,6.085421E+03,5.455257E+03,3.140533E-01,5.345690E-01,2.132220E+04,4.617290E+04,1.100147E+00,4.528448E+00
22:15:00,1.462416E+04,3.132935E+04,7.546968E-01,3.003049E+00,8.096443E+03,5.073154E+03,4.177594E-01,4.887557E-01,2.007720E+04,1.452192E+04,1.035971E+00,1.402154E+00,8.091578E+03,4.646459E+03,4.175084E-01,4.484726E-01,5.297130E+03,2.430362E+03,2.733713E-01,2.381565E-01,1.172151E+04,7.448763E+03,6.049447E-01,7.299095E-01,5.325063E+03,2.347590E+03,2.748128E-01,2.300449E-01,6.075676E+03,4.761470E+03,3.135503E-01,4.597553E-01,1.307111E+04,1.286440E+04,6.745974E-01,1.246959E+00,6.085551E+03,4.316921E+03,3.140600E-01,4.177583E-01,2.132331E+04,3.956452E+04,1.100204E+00,3.773131E+00
22:30:00,1.462587E+04,2.605219E+04,7.547846E-01,2.400024E+00,8.096479E+03,4.174965E+03,4.177613E-01,3.868017E-01,2.007730E+04,1.185794E+04,1.035976E+00,1.102592E+00,8.091614E+03,3.794256E+03,4.175103E-01,3.526156E-01,5.297146E+03,1.604644E+03,2.733721E-01,1.572426E-01,1.172157E+04,4.925939E+03,6.049479E-01,4.826962E-01,5.325079E+03,1.550774E+03,2.748136E-01,1.519632E-01,6.075795E+03,3.880676E+03,3.135565E-01,3.608477E-01,1.307141E+04,1.040835E+04,6.746125E-01,9.722962E-01,6.085671E+03,3.514150E+03,3.140661E-01,3.275160E-01,2.132444E+04,3.378537E+04,1.100263E+00,3.085515E+00
22:45:00,1.462756E+04,2.112605E+04,7.548722E-01,1.825412E+00,8.096513E+03,3.436601E+03,4.177630E-01,2.975120E-01,2.007740E+04,9.716749E+03,1.035981E+00,8.439372E-01,8.091648E+03,3.100152E+03,4.175120E-01,2.691831E-01,5.297161E+03,9.416085E+02,2.733728E-01,8.923430E-02,1.172163E+04,2.443117E+03,6.049506E-01,2.394026E-01,5.325094E+03,8.436620E+02,2.748143E-01,8.116883E-02,6.075914E+03,3.173167E+03,3.135626E-01,2.755884E-01,1.307170E+04,8.501223E+03,6.746274E-01,7.407828E-01,6.085789E+03,2.872383E+03,3.140722E-01,2.498994E-01,2.132559E+04,2.835172E+04,1.100322E+00,2.426207E+00
23:00:00,1.462924E+04,1.630187E+04,7.549588E-01,1.260909E+00,8.096545E+03,2.748389E+03,4.177647E-01,2.126005E-01,2.007750E+04,7.713250E+03,1.035986E+00,5.968112E-01,8.091680E+03,2.450909E+03,4.175137E-01,1.895932E-01,5.297175E+03,3.516836E+02,2.733735E-01,2.717752E-02,1.172168E+04,2.345451E+02,6.049530E-01,1.844454E-02,5.325107E+03,2.230361E+02,2.748150E-01,1.734237E-02,6.076032E+03,2.505326E+03,3.135687E-01,1.938158E-01,1.307199E+04,6.728373E+03,6.746420E-01,5.202921E-01,6.085908E+03,2.269527E+03,3.140783E-01,1.755943E-01,2.132676E+04,2.304491E+04,1.100382E+00,1.779377E+00
23:15:00,1.463089E+04,1.722716E+04,7.550437E-01,1.330216E+00,8.096576E+03,3.186315E+03,4.177663E-01,2.462832E-01,2.007759E+04,9.167322E+03,1.035991E+00,7.086760E-01,8.091712E+03,2.894833E+03,4.175153E-01,2.237899E-01,5.297187E+03,5.917721E+02,2.733741E-01,4.570039E-02,1.172172E+04,7.478493E+02,6.049552E-01,5.805517E-02,5.325120E+03,4.294569E+02,2.748157E-01,3.327014E-02,6.076148E+03,2.965121E+03,3.135746E-01,2.292281E-01,1.307226E+04,8.345042E+03,6.746562E-01,6.448144E-01,6.086023E+03,2.752863E+03,3.140843E-01,2.128198E-01,2.132793E+04,2.394320E+04,1.100443E+00,1.848563E+00
23:30:00,1.463250E+04,1.744746E+04,7.551268E-01,1.346277E+00,8.096606E+03,3.339097E+03,4.177678E-01,2.577060E-01,2.007767E+04,9.743767E+03,1.035995E+00,7.521074E-01,8.091741E+03,3.057989E+03,4.175168E-01,2.360278E-01,5.297199E+03,8.146606E+02,2.733747E-01,6.289628E-02,1.172176E+04,1.350867E+03,6.049571E-01,1.045779E-01,5.325132E+03,6.270040E+02,2.748163E-01,4.851095E-02,6.076260E+03,3.130569E+03,3.135804E-01,2.416323E-01,1.307253E+04,8.978578E+03,6.746700E-01,6.930860E-01,6.086135E+03,2.920641E+03,3.140901E-01,2.254420E-01,2.132911E+04,2.411233E+04,1.100503E+00,1.860507E+00
23:45:00,1.463407E+04,1.740493E+04,7.552080E-01,1.342989E+00,8.096635E+03,3.351167E+03,4.177693E-01,2.585477E-01,2.007775E+04,9.841437E+03,1.035999E+00,7.592856E-01,8.091770E+03,3.078141E+03,4.175183E-01,2.374839E-01,5.297210E+03,8.920064E+02,2.733753E-01,6.883809E-02,1.172180E+04,1.887471E+03,6.049588E-01,1.459767E-01,5.325143E+03,7.456803E+02,2.748168E-01,5.759802E-02,6.076369E+03,3.140613E+03,3.135861E-01,2.423038E-01,1.307279E+04,9.102724E+03,6.746833E-01,7.022934E-01,6.086245E+03,2.941761E+03,3.140957E-01,2.269632E-01,2.133028E+04,2.403287E+04,1.100564E+00,1.854346E+00
24:00:00,1.463561E+04,1.734875E+04,7.552871E-01,1.338658E+00,8.096663E+03,3.330605E+03,4.177707E-01,2.569594E-01,2.007783E+04,9.842927E+03,1.036003E+00,7.593939E-01,8.091798E+03,3.067560E+03,4.175197E-01,2.366656E-01,5.297220E+03,9.040569E+02,2.733758E-01,6.974802E-02,1.172183E+04,2.204208E+03,6.049603E-01,1.700633E-01,5.325153E+03,7.883892E+02,2.748173E-01,6.082658E-02,6.076476E+03,3.128076E+03,3.135915E-01,2.413343E-01,1.307304E+04,9.131866E+03,6.746961E-01,7.045355E-01,6.086351E+03,2.938008E+03,3.141012E-01,2.266716E-01,2.133145E+04,2.392155E+04,1.100624E+00,1.845756E+00
Peak,1.466254E+04,5.084484E+04,7.566771E-01,4.987337E+00,8.097111E+03,9.902678E+03,4.177939E-01,9.703794E-01,2.007910E+04,2.348765E+04,1.036069E+00,2.301597E+00,8.092246E+03,8.272256E+03,4.175429E-01,8.106129E-01,5.297386E+03,6.441680E+03,2.733844E-01,6.312396E-01,1.172225E+04,1.524473E+04,6.049818E-01,1.493886E+00,5.325318E+03,5.269043E+03,2.748259E-01,5.163316E-01,6.078321E+03,9.468156E+03,3.136868E-01,9.277993E-01,1.307736E+04,2.178662E+04,6.749188E-01,2.134912E+00,6.088197E+03,8.069660E+03,3.141964E-01,7.907596E-01,2.135636E+04,5.988927E+04,1.101910E+00,5.873978E+00

Peak Vol Flow (m3/s),,,6.383853E-01,4.207664E+00,,,3.524799E-01,8.186795E-01,,,8.740994E-01,1.941787E+00,,,3.522682E-01,6.838894E-01,,,2.306460E-01,5.325576E-01,,,5.104047E-01,1.260346E+00,,,2.318622E-01,4.356132E-01,,,2.646480E-01,7.827559E-01,,,5.694084E-01,1.801160E+00,,,2.650779E-01,6.671397E-01,,,9.296474E-01,4.955695E+00
