Time,THERMAL ZONE 1:DALIAN ANN HTG 99.6% CONDNS DB:Des Heat Load [W],THERMAL ZONE 1:PIACENZA ANN CLG .4% CONDNS DB=>MWB:Des Sens Cool Load [W],THERMAL ZONE 1:DALIAN ANN HTG 99.6% CONDNS DB:Des Heat Mass Flow [kg/s],THERMAL ZONE 1:PIACENZA ANN CLG .4% CONDNS DB=>MWB:Des Cool Mass Flow [kg/s],THERMAL ZONE 2:DALIAN ANN HTG 99.6% CONDNS DB:Des Heat Load [W],THERMAL ZONE 2:PIACENZA ANN CLG .4% CONDNS DB=>MWB:Des Sens Cool Load [W],THERMAL ZONE 2:DALIAN ANN HTG 99.6% CONDNS DB:Des Heat Mass Flow [kg/s],THERMAL ZONE 2:PIACENZA ANN CLG .4% CONDNS DB=>MWB:Des Cool Mass Flow [kg/s],THERMAL ZONE 3:DALIAN ANN HTG 99.6% CONDNS DB:Des Heat Load [W],THERMAL ZONE 3:PIACENZA ANN CLG .4% CONDNS DB=>MWB:Des Sens Cool Load [W],THERMAL ZONE 3:DALIAN ANN HTG 99.6% CONDNS DB:Des Heat Mass Flow [kg/s],THERMAL ZONE 3:PIACENZA ANN CLG .4% CONDNS DB=>MWB:Des Cool Mass Flow [kg/s],THERMAL ZONE 4:DALIAN ANN HTG 99.6% CONDNS DB:Des Heat Load [W],THERMAL ZONE 4:MILANO-LINATE ANN CLG .4% CONDNS DB=>MWB:Des Sens Cool Load [W],THERMAL ZONE 4:DALIAN ANN HTG 99.6% CONDNS DB:Des Heat Mass Flow [kg/s],THERMAL ZONE 4:MILANO-LINATE ANN CLG .4% CONDNS DB=>MWB:Des Cool Mass Flow [kg/s]
00:10:00,3.931451E+03,1.781416E+03,2.028530E-01,1.748239E-01,1.702214E+04,3.691782E+02,8.757490E-01,3.618634E-02,5.807948E+03,9.884669E+01,2.996028E-01,9.686054E-03,8.480038E+03,3.442209E+03,4.375910E-01,3.375521E-01
00:20:00,3.931451E+03,1.746674E+03,2.028530E-01,1.714120E-01,1.702214E+04,3.074441E+02,8.757490E-01,3.013376E-02,5.807948E+03,7.665041E+01,2.996028E-01,7.510911E-03,8.480038E+03,3.405390E+03,4.375910E-01,3.339419E-01
00:30:00,3.931451E+03,1.712679E+03,2.028530E-01,1.680737E-01,1.702214E+04,2.470058E+02,8.757490E-01,2.420883E-02,5.807948E+03,5.462725E+01,2.996028E-01,5.352810E-03,8.480038E+03,3.368651E+03,4.375910E-01,3.303385E-01
00:40:00,3.931451E+03,1.679275E+03,2.028530E-01,1.647930E-01,1.702214E+04,1.878774E+02,8.757490E-01,1.841291E-02,5.807948E+03,3.626135E+01,2.996028E-01,3.553123E-03,8.480038E+03,3.331397E+03,4.375910E-01,3.266837E-01
00:50:00,3.931451E+03,1.646472E+03,2.028530E-01,1.615709E-01,1.702214E+04,1.319218E+02,8.757490E-01,1.292851E-02,5.807948E+03,2.171592E+01,2.996028E-01,2.127837E-03,8.480038E+03,3.294303E+03,4.375910E-01,3.230431E-01
01:00:00,3.931451E+03,1.614186E+03,2.028530E-01,1.583997E-01,1.702214E+04,8.669442E+01,8.757490E-01,8.495856E-03,5.807948E+03,1.099027E+01,2.996028E-01,1.076866E-03,8.480038E+03,3.257286E+03,4.375910E-01,3.194106E-01
01:10:00,3.931451E+03,1.583057E+03,2.028530E-01,1.553416E-01,1.702214E+04,5.089481E+01,8.757490E-01,4.987404E-03,5.807948E+03,3.819187E+00,2.996028E-01,3.742124E-04,8.480038E+03,3.221110E+03,4.375910E-01,3.158605E-01
01:20:00,3.931451E+03,1.553054E+03,2.028530E-01,1.523940E-01,1.702214E+04,2.451505E+01,8.757490E-01,2.402252E-03,5.807948E+03,1.691121E-01,2.996028E-01,1.656962E-05,8.480038E+03,3.185840E+03,4.375910E-01,3.123999E-01
01:30:00,3.931451E+03,1.524173E+03,2.028530E-01,1.495564E-01,1.702214E+04,7.553470E+00,8.757490E-01,7.401442E-04,5.807948E+03,0.000000E+00,2.996028E-01,0.000000E+00,8.480038E+03,3.151546E+03,4.375910E-01,3.090352E-01
01:40:00,3.931451E+03,1.496586E+03,2.028530E-01,1.468461E-01,1.702214E+04,0.000000E+00,8.757490E-01,0.000000E+00,5.807948E+03,0.000000E+00,2.996028E-01,0.000000E+00,8.480038E+03,3.118279E+03,4.375910E-01,3.057714E-01
01:50:00,3.931451E+03,1.470260E+03,2.028530E-01,1.442598E-01,1.702214E+04,0.000000E+00,8.757490E-01,0.000000E+00,5.807948E+03,0.000000E+00,2.996028E-01,0.000000E+00,8.480038E+03,3.086051E+03,4.375910E-01,3.026096E-01
02:00:00,3.931451E+03,1.445244E+03,2.028530E-01,1.418022E-01,1.702214E+04,0.000000E+00,8.757490E-01,0.000000E+00,5.807948E+03,0.000000E+00,2.996028E-01,0.000000E+00,8.480038E+03,3.054986E+03,4.375910E-01,2.995620E-01
02:10:00,3.931451E+03,1.420863E+03,2.028530E-01,1.394072E-01,1.702214E+04,0.000000E+00,8.757490E-01,0.000000E+00,5.807948E+03,0.000000E+00,2.996028E-01,0.000000E+00,8.480038E+03,3.024737E+03,4.375910E-01,2.965946E-01
02:20:00,3.931451E+03,1.397085E+03,2.028530E-01,1.370716E-01,1.702214E+04,0.000000E+00,8.757490E-01,0.000000E+00,5.807948E+03,0.000000E+00,2.996028E-01,0.000000E+00,8.480038E+03,2.995353E+03,4.375910E-01,2.937121E-01
02:30:00,3.931451E+03,1.374011E+03,2.028530E-01,1.348049E-01,1.702214E+04,0.000000E+00,8.757490E-01,0.000000E+00,5.807948E+03,0.000000E+00,2.996028E-01,0.000000E+00,8.480038E+03,2.966927E+03,4.375910E-01,2.909238E-01
02:40:00,3.931451E+03,1.351645E+03,2.028530E-01,1.326081E-01,1.702214E+04,0.000000E+00,8.757490E-01,0.000000E+00,5.807948E+03,0.000000E+00,2.996028E-01,0.000000E+00,8.480038E+03,2.939143E+03,4.375910E-01,2.881987E-01
02:50:00,3.931451E+03,1.330005E+03,2.028530E-01,1.304828E-01,1.702214E+04,0.000000E+00,8.757490E-01,0.000000E+00,5.807948E+03,0.000000E+00,2.996028E-01,0.000000E+00,8.480038E+03,2.911922E+03,4.375910E-01,2.855283E-01
03:00:00,3.931451E+03,1.309106E+03,2.028530E-01,1.284302E-01,1.702214E+04,0.000000E+00,8.757490E-01,0.000000E+00,5.807948E+03,0.000000E+00,2.996028E-01,0.000000E+00,8.480038E+03,2.885143E+03,4.375910E-01,2.829012E-01
03:10:00,3.931451E+03,1.288257E+03,2.028530E-01,1.263829E-01,1.702214E+04,0.000000E+00,8.757490E-01,0.000000E+00,5.807948E+03,0.000000E+00,2.996028E-01,0.000000E+00,8.480038E+03,2.858311E+03,4.375910E-01,2.802687E-01
03:20:00,3.931451E+03,1.267464E+03,2.028530E-01,1.243410E-01,1.702214E+04,0.000000E+00,8.757490E-01,0.000000E+00,5.807948E+03,0.000000E+00,2.996028E-01,0.000000E+00,8.480038E+03,2.831357E+03,4.375910E-01,2.776240E-01
03:30:00,3.931451E+03,1.246729E+03,2.028530E-01,1.223049E-01,1.702214E+04,0.000000E+00,8.757490E-01,0.000000E+00,5.807948E+03,0.000000E+00,2.996028E-01,0.000000E+00,8.480038E+03,2.804155E+03,4.375910E-01,2.749549E-01
03:40:00,3.931451E+03,1.226052E+03,2.028530E-01,1.202746E-01,1.702214E+04,0.000000E+00,8.757490E-01,0.000000E+00,5.807948E+03,0.000000E+00,2.996028E-01,0.000000E+00,8.480038E+03,2.776987E+03,4.375910E-01,2.722889E-01
03:50:00,3.931451E+03,1.205435E+03,2.028530E-01,1.182502E-01,1.702214E+04,0.000000E+00,8.757490E-01,0.000000E+00,5.807948E+03,0.000000E+00,2.996028E-01,0.000000E+00,8.480038E+03,2.749884E+03,4.375910E-01,2.696296E-01
04:00:00,3.931451E+03,1.184876E+03,2.028530E-01,1.162317E-01,1.702214E+04,0.000000E+00,8.757490E-01,0.000000E+00,5.807948E+03,0.000000E+00,2.996028E-01,0.000000E+00,8.480038E+03,2.722897E+03,4.375910E-01,2.669819E-01
04:10:00,3.931451E+03,1.165086E+03,2.028530E-01,1.142886E-01,1.702214E+04,0.000000E+00,8.757490E-01,0.000000E+00,5.807948E+03,0.000000E+00,2.996028E-01,0.000000E+00,8.480038E+03,2.696532E+03,4.375910E-01,2.643952E-01
04:20:00,3.931451E+03,1.146072E+03,2.028530E-01,1.124217E-01,1.702214E+04,0.000000E+00,8.757490E-01,0.000000E+00,5.807948E+03,0.000000E+00,2.996028E-01,0.000000E+00,8.480038E+03,2.670819E+03,4.375910E-01,2.618728E-01
04:30:00,3.931451E+03,1.127838E+03,2.028530E-01,1.106316E-01,1.702214E+04,0.000000E+00,8.757490E-01,0.000000E+00,5.807948E+03,0.000000E+00,2.996028E-01,0.000000E+00,8.480038E+03,2.645785E+03,4.375910E-01,2.594169E-01
04:40:00,3.931451E+03,1.110395E+03,2.028530E-01,1.089190E-01,1.702214E+04,0.000000E+00,8.757490E-01,0.000000E+00,5.807948E+03,0.000000E+00,2.996028E-01,0.000000E+00,8.480038E+03,2.621452E+03,4.375910E-01,2.570299E-01
04:50:00,3.931451E+03,1.093748E+03,2.028530E-01,1.072848E-01,1.702214E+04,0.000000E+00,8.757490E-01,0.000000E+00,5.807948E+03,0.000000E+00,2.996028E-01,0.000000E+00,8.480038E+03,2.600043E+03,4.375910E-01,2.549298E-01
05:00:00,3.931451E+03,1.077906E+03,2.028530E-01,1.057295E-01,1.702214E+04,0.000000E+00,8.757490E-01,0.000000E+00,5.807948E+03,0.000000E+00,2.996028E-01,0.000000E+00,8.480038E+03,2.588569E+03,4.375910E-01,2.538039E-01
05:10:00,3.931451E+03,1.065031E+03,2.028530E-01,1.044654E-01,1.702214E+04,0.000000E+00,8.757490E-01,0.000000E+00,5.807948E+03,0.000000E+00,2.996028E-01,0.000000E+00,8.480038E+03,2.599817E+03,4.375910E-01,2.549066E-01
05:20:00,3.931451E+03,1.056994E+03,2.028530E-01,1.036761E-01,1.702214E+04,0.000000E+00,8.757490E-01,0.000000E+00,5.807948E+03,0.000000E+00,2.996028E-01,0.000000E+00,8.480038E+03,2.643217E+03,4.375910E-01,2.591636E-01
05:30:00,3.931451E+03,1.055281E+03,2.028530E-01,1.035076E-01,1.702214E+04,0.000000E+00,8.757490E-01,0.000000E+00,5.807948E+03,0.000000E+00,2.996028E-01,0.000000E+00,8.480038E+03,2.715581E+03,4.375910E-01,2.662631E-01
05:40:00,3.931451E+03,1.061387E+03,2.028530E-01,1.041066E-01,1.702214E+04,0.000000E+00,8.757490E-01,0.000000E+00,5.807948E+03,0.000000E+00,2.996028E-01,0.000000E+00,8.480038E+03,2.814762E+03,4.375910E-01,2.759947E-01
05:50:00,3.931451E+03,1.075182E+03,2.028530E-01,1.054606E-01,1.702214E+04,0.000000E+00,8.757490E-01,0.000000E+00,5.807948E+03,0.000000E+00,2.996028E-01,0.000000E+00,8.480038E+03,2.935891E+03,4.375910E-01,2.878810E-01
06:00:00,3.931451E+03,1.097204E+03,2.028530E-01,1.076223E-01,1.702214E+04,0.000000E+00,8.757490E-01,0.000000E+00,5.807948E+03,0.000000E+00,2.996028E-01,0.000000E+00,8.480038E+03,3.074806E+03,4.375910E-01,3.015136E-01
06:10:00,3.931451E+03,1.127682E+03,2.028530E-01,1.106143E-01,1.702214E+04,0.000000E+00,8.757490E-01,0.000000E+00,5.807948E+03,0.000000E+00,2.996028E-01,0.000000E+00,8.480038E+03,3.217026E+03,4.375910E-01,3.154717E-01
06:20:00,3.931451E+03,1.164513E+03,2.028530E-01,1.142304E-01,1.702214E+04,0.000000E+00,8.757490E-01,0.000000E+00,5.807948E+03,0.000000E+00,2.996028E-01,0.000000E+00,8.480038E+03,3.351387E+03,4.375910E-01,3.286594E-01
06:30:00,3.931451E+03,1.206102E+03,2.028530E-01,1.183140E-01,1.702214E+04,0.000000E+00,8.757490E-01,0.000000E+00,5.807948E+03,0.000000E+00,2.996028E-01,0.000000E+00,8.480038E+03,3.479019E+03,4.375910E-01,3.411857E-01
06:40:00,3.931451E+03,1.250875E+03,2.028530E-01,1.227105E-01,1.702214E+04,2.305118E+00,8.757490E-01,2.301194E-04,5.807948E+03,0.000000E+00,2.996028E-01,0.000000E+00,8.480038E+03,3.604971E+03,4.375910E-01,3.535454E-01
06:50:00,3.931451E+03,1.298989E+03,2.028530E-01,1.274352E-01,1.702214E+04,3.196823E+01,8.757490E-01,3.136548E-03,5.807948E+03,8.647801E+00,2.996028E-01,8.574708E-04,8.480038E+03,3.731696E+03,4.375910E-01,3.659771E-01
07:00:00,3.931451E+03,1.350026E+03,2.028530E-01,1.324472E-01,1.702214E+04,7.996547E+01,8.757490E-01,7.840090E-03,5.807948E+03,3.304578E+01,2.996028E-01,3.248309E-03,8.480038E+03,3.855812E+03,4.375910E-01,3.781500E-01
07:10:00,3.931451E+03,1.408225E+03,2.028530E-01,1.381625E-01,1.702214E+04,1.584654E+02,8.757490E-01,1.553373E-02,5.807948E+03,7.199192E+01,2.996028E-01,7.065091E-03,8.480038E+03,3.982785E+03,4.375910E-01,3.906006E-01
07:20:00,3.931451E+03,1.474220E+03,2.028530E-01,1.446441E-01,1.702214E+04,2.685232E+02,8.757490E-01,2.632230E-02,5.807948E+03,1.242280E+02,2.996028E-01,1.218501E-02,8.480038E+03,4.114849E+03,4.375910E-01,4.035483E-01
07:30:00,3.931451E+03,1.548897E+03,2.028530E-01,1.519793E-01,1.702214E+04,4.109874E+02,8.757490E-01,4.028999E-02,5.807948E+03,1.952009E+02,2.996028E-01,1.914233E-02,8.480038E+03,4.256805E+03,4.375910E-01,4.174645E-01
07:40:00,3.931451E+03,1.631749E+03,2.028530E-01,1.601188E-01,1.702214E+04,5.869409E+02,8.757490E-01,5.753953E-02,5.807948E+03,2.897901E+02,2.996028E-01,2.841554E-02,8.480038E+03,4.404711E+03,4.375910E-01,4.319629E-01
07:50:00,3.931451E+03,1.721774E+03,2.028530E-01,1.689643E-01,1.702214E+04,7.710887E+02,8.757490E-01,7.560141E-02,5.807948E+03,4.024683E+02,2.996028E-01,3.945328E-02,8.480038E+03,4.557830E+03,4.375910E-01,4.469735E-01
08:00:00,3.931451E+03,1.819605E+03,2.028530E-01,1.785788E-01,1.702214E+04,9.722507E+02,8.757490E-01,9.533544E-02,5.807948E+03,5.287230E+02,2.996028E-01,5.183375E-02,8.480038E+03,4.717116E+03,4.375910E-01,4.625891E-01
08:10:00,3.931451E+03,1.919300E+03,2.028530E-01,1.883773E-01,1.702214E+04,1.180559E+03,8.757490E-01,1.157747E-01,5.807948E+03,6.724598E+02,2.996028E-01,6.592928E-02,8.480038E+03,4.878826E+03,4.375910E-01,4.784424E-01
08:20:00,3.931451E+03,2.021996E+03,2.028530E-01,1.984700E-01,1.702214E+04,1.394417E+03,8.757490E-01,1.367620E-01,5.807948E+03,8.368085E+02,2.996028E-01,8.204577E-02,8.480038E+03,5.041575E+03,4.375910E-01,4.943978E-01
08:30:00,3.931451E+03,2.127556E+03,2.028530E-01,2.088425E-01,1.702214E+04,1.612352E+03,8.757490E-01,1.581521E-01,5.807948E+03,1.017784E+03,2.996028E-01,9.979169E-02,8.480038E+03,5.201571E+03,4.375910E-01,5.100835E-01
08:40:00,3.931451E+03,2.237047E+03,2.028530E-01,2.195992E-01,1.702214E+04,1.830167E+03,8.757490E-01,1.795331E-01,5.807948E+03,1.211601E+03,2.996028E-01,1.187951E-01,8.480038E+03,5.358633E+03,4.375910E-01,5.254815E-01
08:50:00,3.931451E+03,2.351771E+03,2.028530E-01,2.308681E-01,1.702214E+04,2.047286E+03,8.757490E-01,2.008480E-01,5.807948E+03,1.415873E+03,2.996028E-01,1.388215E-01,8.480038E+03,5.512463E+03,4.375910E-01,5.405626E-01
09:00:00,3.931451E+03,2.471179E+03,2.028530E-01,2.425944E-01,1.702214E+04,2.262941E+03,8.757490E-01,2.220211E-01,5.807948E+03,1.628398E+03,2.996028E-01,1.596543E-01,8.480038E+03,5.661295E+03,4.375910E-01,5.551536E-01
09:10:00,3.931451E+03,2.592639E+03,2.028530E-01,2.545222E-01,1.702214E+04,2.471366E+03,8.757490E-01,2.424863E-01,5.807948E+03,1.846010E+03,2.996028E-01,1.809832E-01,8.480038E+03,5.802420E+03,4.375910E-01,5.689890E-01
09:20:00,3.931451E+03,2.714592E+03,2.028530E-01,2.664981E-01,1.702214E+04,2.671891E+03,8.757490E-01,2.621769E-01,5.807948E+03,2.066467E+03,2.996028E-01,2.025888E-01,8.480038E+03,5.935097E+03,4.375910E-01,5.819959E-01
09:30:00,3.931451E+03,2.836317E+03,2.028530E-01,2.784522E-01,1.702214E+04,2.864109E+03,8.757490E-01,2.810526E-01,5.807948E+03,2.287751E+03,2.996028E-01,2.242740E-01,8.480038E+03,6.059008E+03,4.375910E-01,5.941431E-01
09:40:00,3.931451E+03,2.957168E+03,2.028530E-01,2.903211E-01,1.702214E+04,3.047623E+03,8.757490E-01,2.990744E-01,5.807948E+03,2.507876E+03,2.996028E-01,2.458448E-01,8.480038E+03,6.173792E+03,4.375910E-01,6.053956E-01
09:50:00,3.931451E+03,3.076606E+03,2.028530E-01,3.020516E-01,1.702214E+04,3.222099E+03,8.757490E-01,3.162092E-01,5.807948E+03,2.725055E+03,2.996028E-01,2.671269E-01,8.480038E+03,6.279297E+03,4.375910E-01,6.157383E-01
10:00:00,3.931451E+03,3.194139E+03,2.028530E-01,3.135952E-01,1.702214E+04,3.387237E+03,8.757490E-01,3.324276E-01,5.807948E+03,2.937534E+03,2.996028E-01,2.879485E-01,8.480038E+03,6.375363E+03,4.375910E-01,6.251558E-01
10:10:00,3.931451E+03,3.309778E+03,2.028530E-01,3.249532E-01,1.702214E+04,3.542347E+03,8.757490E-01,3.476617E-01,5.807948E+03,3.142393E+03,2.996028E-01,3.080237E-01,8.480038E+03,6.462110E+03,4.375910E-01,6.336597E-01
10:20:00,3.931451E+03,3.422742E+03,2.028530E-01,3.360489E-01,1.702214E+04,3.687535E+03,8.757490E-01,3.619217E-01,5.807948E+03,3.338466E+03,2.996028E-01,3.272382E-01,8.480038E+03,6.539383E+03,4.375910E-01,6.412350E-01
10:30:00,3.931451E+03,3.532952E+03,2.028530E-01,3.468749E-01,1.702214E+04,3.822807E+03,8.757490E-01,3.752081E-01,5.807948E+03,3.524843E+03,2.996028E-01,3.455029E-01,8.480038E+03,6.607669E+03,4.375910E-01,6.479295E-01
10:40:00,3.931451E+03,3.640899E+03,2.028530E-01,3.574776E-01,1.702214E+04,3.948235E+03,8.757490E-01,3.875281E-01,5.807948E+03,3.700559E+03,2.996028E-01,3.627231E-01,8.480038E+03,6.667928E+03,4.375910E-01,6.538374E-01
10:50:00,3.931451E+03,3.746504E+03,2.028530E-01,3.678483E-01,1.702214E+04,4.064036E+03,8.757490E-01,3.989030E-01,5.807948E+03,3.864776E+03,2.996028E-01,3.788164E-01,8.480038E+03,6.720320E+03,4.375910E-01,6.589752E-01
11:00:00,3.931451E+03,3.849700E+03,2.028530E-01,3.779809E-01,1.702214E+04,4.170621E+03,8.757490E-01,4.093731E-01,5.807948E+03,4.016926E+03,2.996028E-01,3.937272E-01,8.480038E+03,6.765037E+03,4.375910E-01,6.633607E-01
11:10:00,3.931451E+03,3.947983E+03,2.028530E-01,3.876297E-01,1.702214E+04,4.265336E+03,8.757490E-01,4.186778E-01,5.807948E+03,4.157074E+03,2.996028E-01,4.074619E-01,8.480038E+03,6.800655E+03,4.375910E-01,6.668538E-01
11:20:00,3.931451E+03,4.041642E+03,2.028530E-01,3.968228E-01,1.702214E+04,4.348813E+03,8.757490E-01,4.268788E-01,5.807948E+03,4.284746E+03,2.996028E-01,4.199739E-01,8.480038E+03,6.827758E+03,4.375910E-01,6.695114E-01
11:30:00,3.931451E+03,4.130372E+03,2.028530E-01,4.055302E-01,1.702214E+04,4.422059E+03,8.757490E-01,4.340750E-01,5.807948E+03,4.399673E+03,2.996028E-01,4.312367E-01,8.480038E+03,6.846741E+03,4.375910E-01,6.713725E-01
11:40:00,3.931451E+03,4.213326E+03,2.028530E-01,4.136707E-01,1.702214E+04,4.486545E+03,8.757490E-01,4.404110E-01,5.807948E+03,4.502144E+03,2.996028E-01,4.412788E-01,8.480038E+03,6.858250E+03,4.375910E-01,6.725001E-01
11:50:00,3.931451E+03,4.290315E+03,2.028530E-01,4.212265E-01,1.702214E+04,4.544050E+03,8.757490E-01,4.460615E-01,5.807948E+03,4.592800E+03,2.996028E-01,4.501630E-01,8.480038E+03,6.864208E+03,4.375910E-01,6.730824E-01
12:00:00,3.931451E+03,4.361421E+03,2.028530E-01,4.282054E-01,1.702214E+04,4.596942E+03,8.757490E-01,4.512590E-01,5.807948E+03,4.672812E+03,2.996028E-01,4.580040E-01,8.480038E+03,6.867417E+03,4.375910E-01,6.733949E-01
12:10:00,3.931451E+03,4.430104E+03,2.028530E-01,4.349469E-01,1.702214E+04,4.650576E+03,8.757490E-01,4.565293E-01,5.807948E+03,4.744711E+03,2.996028E-01,4.650501E-01,8.480038E+03,6.874027E+03,4.375910E-01,6.740414E-01
12:20:00,3.931451E+03,4.498202E+03,2.028530E-01,4.416316E-01,1.702214E+04,4.705781E+03,8.757490E-01,4.619544E-01,5.807948E+03,4.809970E+03,2.996028E-01,4.714454E-01,8.480038E+03,6.888244E+03,4.375910E-01,6.754345E-01
12:30:00,3.931451E+03,4.567281E+03,2.028530E-01,4.484133E-01,1.702214E+04,4.762616E+03,8.757490E-01,4.675396E-01,5.807948E+03,4.869538E+03,2.996028E-01,4.772830E-01,8.480038E+03,6.912844E+03,4.375910E-01,6.778465E-01
12:40:00,3.931451E+03,4.638821E+03,2.028530E-01,4.554372E-01,1.702214E+04,4.820718E+03,8.757490E-01,4.732491E-01,5.807948E+03,4.923969E+03,2.996028E-01,4.826173E-01,8.480038E+03,6.949823E+03,4.375910E-01,6.814730E-01
12:50:00,3.931451E+03,4.713977E+03,2.028530E-01,4.628163E-01,1.702214E+04,4.879134E+03,8.757490E-01,4.789894E-01,5.807948E+03,4.973331E+03,2.996028E-01,4.874548E-01,8.480038E+03,7.000014E+03,4.375910E-01,6.863956E-01
13:00:00,3.931451E+03,4.793510E+03,2.028530E-01,4.706253E-01,1.702214E+04,4.936195E+03,8.757490E-01,4.845965E-01,5.807948E+03,5.017006E+03,2.996028E-01,4.917350E-01,8.480038E+03,7.063192E+03,4.375910E-01,6.925921E-01
13:10:00,3.931451E+03,4.875864E+03,2.028530E-01,4.787113E-01,1.702214E+04,4.989427E+03,8.757490E-01,4.898272E-01,5.807948E+03,5.053344E+03,2.996028E-01,4.952960E-01,8.480038E+03,7.135478E+03,4.375910E-01,6.996819E-01
13:20:00,3.931451E+03,4.959719E+03,2.028530E-01,4.869443E-01,1.702214E+04,5.038142E+03,8.757490E-01,4.946139E-01,5.807948E+03,5.081268E+03,2.996028E-01,4.980324E-01,8.480038E+03,7.214583E+03,4.375910E-01,7.074403E-01
13:30:00,3.931451E+03,5.043774E+03,2.028530E-01,4.951965E-01,1.702214E+04,5.082039E+03,8.757490E-01,4.989273E-01,5.807948E+03,5.099601E+03,2.996028E-01,4.998288E-01,8.480038E+03,7.298446E+03,4.375910E-01,7.156650E-01
13:40:00,3.931451E+03,5.126676E+03,2.028530E-01,5.033352E-01,1.702214E+04,5.120813E+03,8.757490E-01,5.027374E-01,5.807948E+03,5.107509E+03,2.996028E-01,5.006032E-01,8.480038E+03,7.384652E+03,4.375910E-01,7.241195E-01
13:50:00,3.931451E+03,5.207727E+03,2.028530E-01,5.112916E-01,1.702214E+04,5.153799E+03,8.757490E-01,5.059790E-01,5.807948E+03,5.105831E+03,2.996028E-01,5.004382E-01,8.480038E+03,7.473782E+03,4.375910E-01,7.328608E-01
14:00:00,3.931451E+03,5.285541E+03,2.028530E-01,5.189299E-01,1.702214E+04,5.180955E+03,8.757490E-01,5.086481E-01,5.807948E+03,5.093243E+03,2.996028E-01,4.992039E-01,8.480038E+03,7.564748E+03,4.375910E-01,7.417807E-01
14:10:00,3.931451E+03,5.357639E+03,2.028530E-01,5.260068E-01,1.702214E+04,5.199745E+03,8.757490E-01,5.104957E-01,5.807948E+03,5.068246E+03,2.996028E-01,4.967534E-01,8.480038E+03,7.656216E+03,4.375910E-01,7.507485E-01
14:20:00,3.931451E+03,5.423034E+03,2.028530E-01,5.324252E-01,1.702214E+04,5.210151E+03,8.757490E-01,5.115198E-01,5.807948E+03,5.030276E+03,2.996028E-01,4.930313E-01,8.480038E+03,7.746857E+03,4.375910E-01,7.596342E-01
14:30:00,3.931451E+03,5.480931E+03,2.028530E-01,5.381072E-01,1.702214E+04,5.212155E+03,8.757490E-01,5.117186E-01,5.807948E+03,4.979323E+03,2.996028E-01,4.880367E-01,8.480038E+03,7.835825E+03,4.375910E-01,7.683550E-01
14:40:00,3.931451E+03,5.530648E+03,2.028530E-01,5.429859E-01,1.702214E+04,5.205786E+03,8.757490E-01,5.110953E-01,5.807948E+03,4.915383E+03,2.996028E-01,4.817693E-01,8.480038E+03,7.922681E+03,4.375910E-01,7.768679E-01
14:50:00,3.931451E+03,5.571174E+03,2.028530E-01,5.469620E-01,1.702214E+04,5.191661E+03,8.757490E-01,5.097106E-01,5.807948E+03,4.837158E+03,2.996028E-01,4.741019E-01,8.480038E+03,8.004334E+03,4.375910E-01,7.848696E-01
15:00:00,3.931451E+03,5.602245E+03,2.028530E-01,5.500097E-01,1.702214E+04,5.170036E+03,8.757490E-01,5.075900E-01,5.807948E+03,4.745839E+03,2.996028E-01,4.651510E-01,8.480038E+03,8.079431E+03,4.375910E-01,7.922293E-01
15:10:00,3.931451E+03,5.622984E+03,2.028530E-01,5.520430E-01,1.702214E+04,5.139926E+03,8.757490E-01,5.046376E-01,5.807948E+03,4.642238E+03,2.996028E-01,4.549965E-01,8.480038E+03,8.146406E+03,4.375910E-01,7.987931E-01
15:20:00,3.931451E+03,5.633119E+03,2.028530E-01,5.530352E-01,1.702214E+04,5.100803E+03,8.757490E-01,5.008007E-01,5.807948E+03,4.527290E+03,2.996028E-01,4.437299E-01,8.480038E+03,8.204181E+03,4.375910E-01,8.044552E-01
15:30:00,3.931451E+03,5.632513E+03,2.028530E-01,5.529726E-01,1.702214E+04,5.052609E+03,8.757490E-01,4.960718E-01,5.807948E+03,4.402090E+03,2.996028E-01,4.314585E-01,8.480038E+03,8.251776E+03,4.375910E-01,8.091192E-01
15:40:00,3.931451E+03,5.620989E+03,2.028530E-01,5.518384E-01,1.702214E+04,4.995290E+03,8.757490E-01,4.904452E-01,5.807948E+03,4.267822E+03,2.996028E-01,4.182983E-01,8.480038E+03,8.288230E+03,4.375910E-01,8.126910E-01
15:50:00,3.931451E+03,5.598473E+03,2.028530E-01,5.496247E-01,1.702214E+04,4.928765E+03,8.757490E-01,4.839128E-01,5.807948E+03,4.125788E+03,2.996028E-01,4.043771E-01,8.480038E+03,8.312755E+03,4.375910E-01,8.150933E-01
16:00:00,3.931451E+03,5.564909E+03,2.028530E-01,5.463266E-01,1.702214E+04,4.852780E+03,8.757490E-01,4.764496E-01,5.807948E+03,3.977424E+03,2.996028E-01,3.898355E-01,8.480038E+03,8.324588E+03,4.375910E-01,8.162512E-01
16:10:00,3.931451E+03,5.523037E+03,2.028530E-01,5.422127E-01,1.702214E+04,4.772204E+03,8.757490E-01,4.685325E-01,5.807948E+03,3.825504E+03,2.996028E-01,3.749454E-01,8.480038E+03,8.325136E+03,4.375910E-01,8.163027E-01
16:20:00,3.931451E+03,5.472933E+03,2.028530E-01,5.372910E-01,1.702214E+04,4.687855E+03,8.757490E-01,4.602435E-01,5.807948E+03,3.671760E+03,2.996028E-01,3.598766E-01,8.480038E+03,8.315740E+03,4.375910E-01,8.153795E-01
16:30:00,3.931451E+03,5.414705E+03,2.028530E-01,5.315719E-01,1.702214E+04,4.600130E+03,8.757490E-01,4.516231E-01,5.807948E+03,3.517893E+03,2.996028E-01,3.447958E-01,8.480038E+03,8.293828E+03,4.375910E-01,8.132293E-01
16:40:00,3.931451E+03,5.346443E+03,2.028530E-01,5.248679E-01,1.702214E+04,4.508465E+03,8.757490E-01,4.426161E-01,5.807948E+03,3.363189E+03,2.996028E-01,3.296330E-01,8.480038E+03,8.262287E+03,4.375910E-01,8.101350E-01
16:50:00,3.931451E+03,5.269543E+03,2.028530E-01,5.173157E-01,1.702214E+04,4.413772E+03,8.757490E-01,4.333121E-01,5.807948E+03,3.210466E+03,2.996028E-01,3.146644E-01,8.480038E+03,8.223063E+03,4.375910E-01,8.062878E-01
17:00:00,3.931451E+03,5.185040E+03,2.028530E-01,5.090172E-01,1.702214E+04,4.316943E+03,8.757490E-01,4.237986E-01,5.807948E+03,3.062219E+03,2.996028E-01,3.001345E-01,8.480038E+03,8.177196E+03,4.375910E-01,8.017895E-01
17:10:00,3.931451E+03,5.093433E+03,2.028530E-01,5.000215E-01,1.702214E+04,4.218565E+03,8.757490E-01,4.141334E-01,5.807948E+03,2.919194E+03,2.996028E-01,2.861164E-01,8.480038E+03,8.125093E+03,4.375910E-01,7.966800E-01
17:20:00,3.931451E+03,4.995041E+03,2.028530E-01,4.903599E-01,1.702214E+04,4.119035E+03,8.757490E-01,4.043553E-01,5.807948E+03,2.781151E+03,2.996028E-01,2.725867E-01,8.480038E+03,8.065157E+03,4.375910E-01,7.908026E-01
17:30:00,3.931451E+03,4.889785E+03,2.028530E-01,4.800247E-01,1.702214E+04,4.018426E+03,8.757490E-01,3.944717E-01,5.807948E+03,2.647137E+03,2.996028E-01,2.594518E-01,8.480038E+03,7.999248E+03,4.375910E-01,7.843396E-01
17:40:00,3.931451E+03,4.779474E+03,2.028530E-01,4.691934E-01,1.702214E+04,3.917633E+03,8.757490E-01,3.845700E-01,5.807948E+03,2.518278E+03,2.996028E-01,2.468222E-01,8.480038E+03,7.923368E+03,4.375910E-01,7.768990E-01
17:50:00,3.931451E+03,4.662608E+03,2.028530E-01,4.577189E-01,1.702214E+04,3.815820E+03,8.757490E-01,3.745686E-01,5.807948E+03,2.391857E+03,2.996028E-01,2.344314E-01,8.480038E+03,7.834278E+03,4.375910E-01,7.681632E-01
18:00:00,3.931451E+03,4.535661E+03,2.028530E-01,4.452550E-01,1.702214E+04,3.711421E+03,8.757490E-01,3.643135E-01,5.807948E+03,2.263939E+03,2.996028E-01,2.218940E-01,8.480038E+03,7.729169E+03,4.375910E-01,7.578566E-01
18:10:00,3.931451E+03,4.399090E+03,2.028530E-01,4.318463E-01,1.702214E+04,3.600244E+03,8.757490E-01,3.533930E-01,5.807948E+03,2.134631E+03,2.996028E-01,2.092202E-01,8.480038E+03,7.598213E+03,4.375910E-01,7.450154E-01
18:20:00,3.931451E+03,4.253915E+03,2.028530E-01,4.175940E-01,1.702214E+04,3.480827E+03,8.757490E-01,3.416631E-01,5.807948E+03,2.002396E+03,2.996028E-01,1.962594E-01,8.480038E+03,7.442550E+03,4.375910E-01,7.297513E-01
18:30:00,3.931451E+03,4.097698E+03,2.028530E-01,4.022604E-01,1.702214E+04,3.352747E+03,8.757490E-01,3.290826E-01,5.807948E+03,1.866815E+03,2.996028E-01,1.829706E-01,8.480038E+03,7.264422E+03,4.375910E-01,7.122846E-01
18:40:00,3.931451E+03,3.934605E+03,2.028530E-01,3.862503E-01,1.702214E+04,3.215888E+03,8.757490E-01,3.156400E-01,5.807948E+03,1.729140E+03,2.996028E-01,1.694765E-01,8.480038E+03,7.067843E+03,4.375910E-01,6.930094E-01
18:50:00,3.931451E+03,3.771379E+03,2.028530E-01,3.702258E-01,1.702214E+04,3.072273E+03,8.757490E-01,3.015341E-01,5.807948E+03,1.594035E+03,2.996028E-01,1.562341E-01,8.480038E+03,6.842303E+03,4.375910E-01,6.708957E-01
19:00:00,3.931451E+03,3.614644E+03,2.028530E-01,3.548383E-01,1.702214E+04,2.923925E+03,8.757490E-01,2.869638E-01,5.807948E+03,1.465873E+03,2.996028E-01,1.436721E-01,8.480038E+03,6.589294E+03,4.375910E-01,6.460877E-01
19:10:00,3.931451E+03,3.469889E+03,2.028530E-01,3.406269E-01,1.702214E+04,2.782285E+03,8.757490E-01,2.730522E-01,5.807948E+03,1.346390E+03,2.996028E-01,1.319610E-01,8.480038E+03,6.330331E+03,4.375910E-01,6.206952E-01
19:20:00,3.931451E+03,3.338278E+03,2.028530E-01,3.277051E-01,1.702214E+04,2.649023E+03,8.757490E-01,2.599642E-01,5.807948E+03,1.238258E+03,2.996028E-01,1.213622E-01,8.480038E+03,6.074767E+03,4.375910E-01,5.956365E-01
19:30:00,3.931451E+03,3.224261E+03,2.028530E-01,3.165082E-01,1.702214E+04,2.524820E+03,8.757490E-01,2.477669E-01,5.807948E+03,1.143057E+03,2.996028E-01,1.120311E-01,8.480038E+03,5.828515E+03,4.375910E-01,5.714911E-01
19:40:00,3.931451E+03,3.125836E+03,2.028530E-01,3.068435E-01,1.702214E+04,2.410183E+03,8.757490E-01,2.365096E-01,5.807948E+03,1.060673E+03,2.996028E-01,1.039562E-01,8.480038E+03,5.593923E+03,4.375910E-01,5.484891E-01
19:50:00,3.931451E+03,3.038083E+03,2.028530E-01,2.982277E-01,1.702214E+04,2.303592E+03,8.757490E-01,2.260430E-01,5.807948E+03,9.874026E+02,2.996028E-01,9.677481E-02,8.480038E+03,5.386780E+03,4.375910E-01,5.281781E-01
20:00:00,3.931451E+03,2.958613E+03,2.028530E-01,2.904254E-01,1.702214E+04,2.204260E+03,8.757490E-01,2.162899E-01,5.807948E+03,9.210415E+02,2.996028E-01,9.027061E-02,8.480038E+03,5.211313E+03,4.375910E-01,5.109744E-01
20:10:00,3.931451E+03,2.885164E+03,2.028530E-01,2.832141E-01,1.702214E+04,2.109414E+03,8.757490E-01,2.069775E-01,5.807948E+03,8.603900E+02,2.996028E-01,8.432600E-02,8.480038E+03,5.060593E+03,4.375910E-01,4.961984E-01
20:20:00,3.931451E+03,2.816794E+03,2.028530E-01,2.765015E-01,1.702214E+04,2.018642E+03,8.757490E-01,1.980651E-01,5.807948E+03,8.045776E+02,2.996028E-01,7.885567E-02,8.480038E+03,4.927429E+03,4.375910E-01,4.831443E-01
20:30:00,3.931451E+03,2.752899E+03,2.028530E-01,2.702281E-01,1.702214E+04,1.931730E+03,8.757490E-01,1.895317E-01,5.807948E+03,7.530147E+02,2.996028E-01,7.380182E-02,8.480038E+03,4.807104E+03,4.375910E-01,4.713489E-01
20:40:00,3.931451E+03,2.692957E+03,2.028530E-01,2.643429E-01,1.702214E+04,1.848385E+03,8.757490E-01,1.813488E-01,5.807948E+03,7.052222E+02,2.996028E-01,6.911752E-02,8.480038E+03,4.697161E+03,4.375910E-01,4.605712E-01
20:50:00,3.931451E+03,2.636646E+03,2.028530E-01,2.588143E-01,1.702214E+04,1.768177E+03,8.757490E-01,1.734739E-01,5.807948E+03,6.608323E+02,2.996028E-01,6.476671E-02,8.480038E+03,4.596241E+03,4.375910E-01,4.506779E-01
21:00:00,3.931451E+03,2.583682E+03,2.028530E-01,2.536150E-01,1.702214E+04,1.690702E+03,8.757490E-01,1.658672E-01,5.807948E+03,6.195416E+02,2.996028E-01,6.071967E-02,8.480038E+03,4.503117E+03,4.375910E-01,4.415488E-01
21:10:00,3.931451E+03,2.532309E+03,2.028530E-01,2.485715E-01,1.702214E+04,1.613503E+03,8.757490E-01,1.582878E-01,5.807948E+03,5.806421E+02,2.996028E-01,5.690701E-02,8.480038E+03,4.416039E+03,4.375910E-01,4.330124E-01
21:20:00,3.931451E+03,2.482207E+03,2.028530E-01,2.436522E-01,1.702214E+04,1.536467E+03,8.757490E-01,1.507247E-01,5.807948E+03,5.440247E+02,2.996028E-01,5.331805E-02,8.480038E+03,4.334236E+03,4.375910E-01,4.249930E-01
21:30:00,3.931451E+03,2.433140E+03,2.028530E-01,2.388341E-01,1.702214E+04,1.459460E+03,8.757490E-01,1.431647E-01,5.807948E+03,5.094675E+02,2.996028E-01,4.993103E-02,8.480038E+03,4.257118E+03,4.375910E-01,4.174330E-01
21:40:00,3.931451E+03,2.384899E+03,2.028530E-01,2.340967E-01,1.702214E+04,1.382463E+03,8.757490E-01,1.356059E-01,5.807948E+03,4.765227E+02,2.996028E-01,4.670201E-02,8.480038E+03,4.184172E+03,4.375910E-01,4.102820E-01
21:50:00,3.931451E+03,2.337357E+03,2.028530E-01,2.294277E-01,1.702214E+04,1.305675E+03,8.757490E-01,1.280680E-01,5.807948E+03,4.448978E+02,2.996028E-01,4.360234E-02,8.480038E+03,4.115021E+03,4.375910E-01,4.035031E-01
22:00:00,3.931451E+03,2.290066E+03,2.028530E-01,2.247831E-01,1.702214E+04,1.229173E+03,8.757490E-01,1.205589E-01,5.807948E+03,4.143451E+02,2.996028E-01,4.060776E-02,8.480038E+03,4.049409E+03,4.375910E-01,3.970713E-01
22:10:00,3.931451E+03,2.244436E+03,2.028530E-01,2.203012E-01,1.702214E+04,1.155018E+03,8.757490E-01,1.132807E-01,5.807948E+03,3.851051E+02,2.996028E-01,3.774182E-02,8.480038E+03,3.987868E+03,4.375910E-01,3.910389E-01
22:20:00,3.931451E+03,2.200423E+03,2.028530E-01,2.159782E-01,1.702214E+04,1.083165E+03,8.757490E-01,1.062286E-01,5.807948E+03,3.569230E+02,2.996028E-01,3.497957E-02,8.480038E+03,3.929972E+03,4.375910E-01,3.853641E-01
22:30:00,3.931451E+03,2.157981E+03,2.028530E-01,2.118095E-01,1.702214E+04,1.013514E+03,8.757490E-01,9.939301E-02,5.807948E+03,3.297352E+02,2.996028E-01,3.231474E-02,8.480038E+03,3.875339E+03,4.375910E-01,3.800087E-01
22:40:00,3.931451E+03,2.117050E+03,2.028530E-01,2.077890E-01,1.702214E+04,9.459771E+02,8.757490E-01,9.276523E-02,5.807948E+03,3.037668E+02,2.996028E-01,2.976950E-02,8.480038E+03,3.823655E+03,4.375910E-01,3.749423E-01
22:50:00,3.931451E+03,2.077506E+03,2.028530E-01,2.039047E-01,1.702214E+04,8.804134E+02,8.757490E-01,8.633156E-02,5.807948E+03,2.792427E+02,2.996028E-01,2.736585E-02,8.480038E+03,3.774645E+03,4.375910E-01,3.701379E-01
23:00:00,3.931451E+03,2.039563E+03,2.028530E-01,2.001771E-01,1.702214E+04,8.167733E+02,8.757490E-01,8.008702E-02,5.807948E+03,2.559177E+02,2.996028E-01,2.507977E-02,8.480038E+03,3.727997E+03,4.375910E-01,3.655650E-01
23:10:00,3.931451E+03,2.001865E+03,2.028530E-01,1.964742E-01,1.702214E+04,7.529588E+02,8.757490E-01,7.382594E-02,5.807948E+03,2.331017E+02,2.996028E-01,2.284361E-02,8.480038E+03,3.682737E+03,4.375910E-01,3.611277E-01
23:20:00,3.931451E+03,1.964420E+03,2.028530E-01,1.927964E-01,1.702214E+04,6.889810E+02,8.757490E-01,6.754967E-02,5.807948E+03,2.106615E+02,2.996028E-01,2.064429E-02,8.480038E+03,3.638932E+03,4.375910E-01,3.568331E-01
23:30:00,3.931451E+03,1.927258E+03,2.028530E-01,1.891466E-01,1.702214E+04,6.248904E+02,8.757490E-01,6.126300E-02,5.807948E+03,1.885412E+02,2.996028E-01,1.847635E-02,8.480038E+03,3.596752E+03,4.375910E-01,3.526984E-01
23:40:00,3.931451E+03,1.890327E+03,2.028530E-01,1.855197E-01,1.702214E+04,5.607172E+02,8.757490E-01,5.496888E-02,5.807948E+03,1.663878E+02,2.996028E-01,1.630520E-02,8.480038E+03,3.556577E+03,4.375910E-01,3.487608E-01
23:50:00,3.931451E+03,1.853600E+03,2.028530E-01,1.819129E-01,1.702214E+04,4.964810E+02,8.757490E-01,4.866920E-02,5.807948E+03,1.439150E+02,2.996028E-01,1.410278E-02,8.480038E+03,3.517552E+03,4.375910E-01,3.449370E-01
24:00:00,3.931451E+03,1.817067E+03,2.028530E-01,1.783250E-01,1.702214E+04,4.321958E+02,8.757490E-01,4.236534E-02,5.807948E+03,1.212740E+02,2.996028E-01,1.188392E-02,8.480038E+03,3.479491E+03,4.375910E-01,3.412067E-01
Peak,3.931451E+03,5.633119E+03,2.028530E-01,5.530352E-01,1.702214E+04,5.212155E+03,8.757490E-01,5.117186E-01,5.807948E+03,5.107509E+03,2.996028E-01,5.006032E-01,8.480038E+03,8.325136E+03,4.375910E-01,8.163027E-01

Peak Vol Flow (m3/s),,,1.702785E-01,4.642278E-01,,,7.351197E-01,4.295459E-01,,,2.514920E-01,4.202155E-01,,,3.673218E-01,6.852194E-01
